-- =========================================================
-- NovaSalud V3.2.1 - Instalación completa de base de datos
-- Base independiente: bd_citasmedicas_v321
-- Ejecutar con usuario administrador de MySQL.
-- =========================================================
DROP DATABASE IF EXISTS bd_citasmedicas_v321;
CREATE DATABASE bd_citasmedicas_v321 DEFAULT CHARACTER SET utf8mb4 COLLATE utf8mb4_general_ci;
USE bd_citasmedicas_v321;
SET FOREIGN_KEY_CHECKS = 0;
DROP TABLE IF EXISTS auditoria_sistema;
DROP TABLE IF EXISTS configuracion_sistema;
DROP TABLE IF EXISTS caja_cierre;
DROP TABLE IF EXISTS pago_detalle;
DROP TABLE IF EXISTS pago;
DROP TABLE IF EXISTS atencion_medica;
DROP TABLE IF EXISTS historia_clinica;
DROP TABLE IF EXISTS tarifa_consulta;
DROP TABLE IF EXISTS cita;
DROP TABLE IF EXISTS horario;
DROP TABLE IF EXISTS usuario;
DROP TABLE IF EXISTS medico;
DROP TABLE IF EXISTS paciente;
DROP TABLE IF EXISTS especialidad;
SET FOREIGN_KEY_CHECKS = 1;

CREATE TABLE especialidad (
  id_especialidad INT NOT NULL AUTO_INCREMENT,
  nombre VARCHAR(100) NOT NULL,
  descripcion VARCHAR(255) NULL,
  usuario_registro VARCHAR(50) NULL,
  fecha_registro DATETIME NULL DEFAULT CURRENT_TIMESTAMP,
  usuario_actualizacion VARCHAR(50) NULL,
  fecha_actualizacion DATETIME NULL,
  estado_registro VARCHAR(15) NOT NULL DEFAULT 'ACTIVO',
  PRIMARY KEY (id_especialidad),
  UNIQUE KEY uk_especialidad_nombre (nombre)
) ENGINE=InnoDB DEFAULT CHARSET=utf8mb4 COLLATE=utf8mb4_general_ci;

CREATE TABLE paciente (
  id_paciente INT NOT NULL AUTO_INCREMENT,
  dni VARCHAR(15) NOT NULL,
  nombres VARCHAR(100) NOT NULL,
  apellidos VARCHAR(100) NOT NULL,
  telefono VARCHAR(20) NULL,
  correo VARCHAR(100) NULL,
  direccion VARCHAR(255) NULL,
  fecha_nacimiento DATE NULL,
  sexo VARCHAR(10) NULL,
  contacto_emergencia VARCHAR(150) NULL,
  telefono_emergencia VARCHAR(20) NULL,
  historia_clinica_codigo VARCHAR(30) NULL,
  usuario_registro VARCHAR(50) NULL,
  fecha_registro DATETIME NULL DEFAULT CURRENT_TIMESTAMP,
  usuario_actualizacion VARCHAR(50) NULL,
  fecha_actualizacion DATETIME NULL,
  estado_registro VARCHAR(15) NOT NULL DEFAULT 'ACTIVO',
  PRIMARY KEY (id_paciente),
  UNIQUE KEY uk_paciente_dni (dni),
  UNIQUE KEY uk_paciente_hc (historia_clinica_codigo),
  KEY idx_paciente_nombre (apellidos, nombres)
) ENGINE=InnoDB DEFAULT CHARSET=utf8mb4 COLLATE=utf8mb4_general_ci;

CREATE TABLE medico (
  id_medico INT NOT NULL AUTO_INCREMENT,
  nombres VARCHAR(100) NOT NULL,
  apellidos VARCHAR(100) NOT NULL,
  id_especialidad INT NOT NULL,
  dni VARCHAR(15) NULL,
  telefono VARCHAR(20) NULL,
  correo VARCHAR(100) NULL,
  cmp VARCHAR(30) NULL,
  duracion_cita_minutos INT NOT NULL DEFAULT 30,
  tolerancia_minutos INT NOT NULL DEFAULT 10,
  max_citas_dia INT NOT NULL DEFAULT 12,
  consultorio VARCHAR(80) NULL,
  usuario_registro VARCHAR(50) NULL,
  fecha_registro DATETIME NULL DEFAULT CURRENT_TIMESTAMP,
  usuario_actualizacion VARCHAR(50) NULL,
  fecha_actualizacion DATETIME NULL,
  estado_registro VARCHAR(15) NOT NULL DEFAULT 'ACTIVO',
  PRIMARY KEY (id_medico),
  UNIQUE KEY uk_medico_dni (dni),
  UNIQUE KEY uk_medico_cmp (cmp),
  KEY idx_medico_especialidad (id_especialidad),
  CONSTRAINT fk_medico_especialidad FOREIGN KEY (id_especialidad) REFERENCES especialidad(id_especialidad)
) ENGINE=InnoDB DEFAULT CHARSET=utf8mb4 COLLATE=utf8mb4_general_ci;

CREATE TABLE usuario (
  id_usuario INT NOT NULL AUTO_INCREMENT,
  username VARCHAR(50) NOT NULL,
  password VARCHAR(100) NOT NULL,
  rol VARCHAR(20) NOT NULL,
  dni VARCHAR(15) NULL,
  nombres VARCHAR(100) NULL,
  apellidos VARCHAR(100) NULL,
  telefono VARCHAR(20) NULL,
  correo VARCHAR(100) NULL,
  cargo VARCHAR(80) NULL,
  id_medico INT NULL,
  session_version INT NOT NULL DEFAULT 1,
  usuario_registro VARCHAR(50) NULL,
  fecha_registro DATETIME NULL DEFAULT CURRENT_TIMESTAMP,
  usuario_actualizacion VARCHAR(50) NULL,
  fecha_actualizacion DATETIME NULL,
  ultimo_login DATETIME NULL,
  intentos_fallidos INT NOT NULL DEFAULT 0,
  bloqueado_hasta DATETIME NULL,
  estado_registro VARCHAR(15) NOT NULL DEFAULT 'ACTIVO',
  PRIMARY KEY (id_usuario),
  UNIQUE KEY uk_usuario_username (username),
  KEY idx_usuario_rol (rol),
  KEY idx_usuario_medico (id_medico),
  CONSTRAINT fk_usuario_medico FOREIGN KEY (id_medico) REFERENCES medico(id_medico)
) ENGINE=InnoDB DEFAULT CHARSET=utf8mb4 COLLATE=utf8mb4_general_ci;

CREATE TABLE horario (
  id_horario INT NOT NULL AUTO_INCREMENT,
  id_medico INT NOT NULL,
  dia VARCHAR(20) NOT NULL,
  hora_inicio TIME NOT NULL,
  hora_fin TIME NOT NULL,
  usuario_registro VARCHAR(50) NULL,
  fecha_registro DATETIME NULL DEFAULT CURRENT_TIMESTAMP,
  usuario_actualizacion VARCHAR(50) NULL,
  fecha_actualizacion DATETIME NULL,
  estado_registro VARCHAR(15) NOT NULL DEFAULT 'ACTIVO',
  PRIMARY KEY (id_horario),
  KEY idx_horario_medico_dia (id_medico, dia),
  CONSTRAINT fk_horario_medico FOREIGN KEY (id_medico) REFERENCES medico(id_medico)
) ENGINE=InnoDB DEFAULT CHARSET=utf8mb4 COLLATE=utf8mb4_general_ci;

CREATE TABLE tarifa_consulta (
  id_tarifa INT NOT NULL AUTO_INCREMENT,
  id_especialidad INT NOT NULL,
  nombre_tarifa VARCHAR(120) NOT NULL DEFAULT 'Consulta médica',
  monto DECIMAL(10,2) NOT NULL,
  moneda VARCHAR(10) NOT NULL DEFAULT 'PEN',
  vigencia_desde DATE NOT NULL,
  vigencia_hasta DATE NULL,
  estado_registro VARCHAR(15) NOT NULL DEFAULT 'ACTIVO',
  usuario_registro VARCHAR(50) NULL,
  fecha_registro DATETIME NULL DEFAULT CURRENT_TIMESTAMP,
  usuario_actualizacion VARCHAR(50) NULL,
  fecha_actualizacion DATETIME NULL,
  PRIMARY KEY (id_tarifa),
  UNIQUE KEY uk_tarifa_especialidad_inicio (id_especialidad, vigencia_desde),
  CONSTRAINT fk_tarifa_especialidad FOREIGN KEY (id_especialidad) REFERENCES especialidad(id_especialidad)
) ENGINE=InnoDB DEFAULT CHARSET=utf8mb4 COLLATE=utf8mb4_general_ci;

CREATE TABLE cita (
  id_cita INT NOT NULL AUTO_INCREMENT,
  id_paciente INT NOT NULL,
  id_medico INT NOT NULL,
  id_especialidad INT NULL,
  id_tarifa_aplicada INT NULL,
  id_usuario_recepcionista INT NULL,
  monto_consulta DECIMAL(10,2) NULL,
  fecha DATE NOT NULL,
  hora TIME NOT NULL,
  duracion_minutos INT NOT NULL DEFAULT 30,
  hora_fin TIME GENERATED ALWAYS AS (ADDTIME(hora, SEC_TO_TIME(duracion_minutos * 60))) STORED,
  estado VARCHAR(20) NOT NULL DEFAULT 'PROGRAMADA',
  observaciones VARCHAR(255) NULL,
  usuario_registro VARCHAR(50) NULL,
  fecha_registro DATETIME NULL DEFAULT CURRENT_TIMESTAMP,
  usuario_actualizacion VARCHAR(50) NULL,
  fecha_actualizacion DATETIME NULL,
  estado_registro VARCHAR(15) NOT NULL DEFAULT 'ACTIVO',
  PRIMARY KEY (id_cita),
  UNIQUE KEY uk_cita_medico_fecha_hora (id_medico, fecha, hora),
  KEY idx_cita_paciente (id_paciente),
  KEY idx_cita_medico_fecha (id_medico, fecha),
  CONSTRAINT fk_cita_paciente FOREIGN KEY (id_paciente) REFERENCES paciente(id_paciente),
  CONSTRAINT fk_cita_medico FOREIGN KEY (id_medico) REFERENCES medico(id_medico),
  CONSTRAINT fk_cita_especialidad FOREIGN KEY (id_especialidad) REFERENCES especialidad(id_especialidad),
  CONSTRAINT fk_cita_tarifa FOREIGN KEY (id_tarifa_aplicada) REFERENCES tarifa_consulta(id_tarifa),
  CONSTRAINT fk_cita_recepcionista FOREIGN KEY (id_usuario_recepcionista) REFERENCES usuario(id_usuario)
) ENGINE=InnoDB DEFAULT CHARSET=utf8mb4 COLLATE=utf8mb4_general_ci;

CREATE TABLE historia_clinica (
  id_historia INT NOT NULL AUTO_INCREMENT,
  id_paciente INT NOT NULL,
  codigo_historia VARCHAR(30) NOT NULL,
  antecedentes_generales VARCHAR(500) NULL,
  alergias VARCHAR(255) NULL,
  usuario_registro VARCHAR(50) NULL,
  fecha_registro DATETIME NOT NULL DEFAULT CURRENT_TIMESTAMP,
  estado_registro VARCHAR(15) NOT NULL DEFAULT 'ACTIVO',
  PRIMARY KEY (id_historia),
  UNIQUE KEY uk_historia_paciente (id_paciente),
  UNIQUE KEY uk_historia_codigo (codigo_historia),
  CONSTRAINT fk_historia_paciente FOREIGN KEY (id_paciente) REFERENCES paciente(id_paciente)
) ENGINE=InnoDB DEFAULT CHARSET=utf8mb4 COLLATE=utf8mb4_general_ci;

CREATE TABLE atencion_medica (
  id_atencion INT NOT NULL AUTO_INCREMENT,
  id_cita INT NOT NULL,
  id_medico INT NOT NULL,
  id_paciente INT NOT NULL,
  codigo_historia VARCHAR(30) NOT NULL,
  motivo_consulta VARCHAR(255) NULL,
  sintomas VARCHAR(700) NULL,
  diagnostico VARCHAR(700) NULL,
  tratamiento VARCHAR(700) NULL,
  receta_medica VARCHAR(700) NULL,
  indicaciones VARCHAR(700) NULL,
  fecha_atencion DATETIME NOT NULL DEFAULT CURRENT_TIMESTAMP,
  estado_registro VARCHAR(15) NOT NULL DEFAULT 'ACTIVO',
  PRIMARY KEY (id_atencion),
  UNIQUE KEY uk_atencion_cita (id_cita),
  KEY idx_atencion_paciente (id_paciente),
  CONSTRAINT fk_atencion_cita FOREIGN KEY (id_cita) REFERENCES cita(id_cita),
  CONSTRAINT fk_atencion_medico FOREIGN KEY (id_medico) REFERENCES medico(id_medico),
  CONSTRAINT fk_atencion_paciente FOREIGN KEY (id_paciente) REFERENCES paciente(id_paciente)
) ENGINE=InnoDB DEFAULT CHARSET=utf8mb4 COLLATE=utf8mb4_general_ci;

CREATE TABLE pago (
  id_pago INT NOT NULL AUTO_INCREMENT,
  codigo_pago VARCHAR(30) NULL,
  id_cita INT NOT NULL,
  monto_subtotal DECIMAL(10,2) GENERATED ALWAYS AS (ROUND(monto_total / 1.18, 2)) STORED,
  monto_igv DECIMAL(10,2) GENERATED ALWAYS AS (ROUND(monto_total - ROUND(monto_total / 1.18, 2), 2)) STORED,
  monto_total DECIMAL(10,2) NOT NULL DEFAULT 0.00,
  monto_pagado DECIMAL(10,2) NOT NULL DEFAULT 0.00,
  estado_pago VARCHAR(20) NOT NULL DEFAULT 'PENDIENTE',
  fecha_pago DATETIME NULL,
  id_usuario_cobro INT NULL,
  observacion VARCHAR(255) NULL,
  usuario_registro VARCHAR(50) NULL,
  fecha_registro DATETIME NULL DEFAULT CURRENT_TIMESTAMP,
  usuario_actualizacion VARCHAR(50) NULL,
  fecha_actualizacion DATETIME NULL,
  estado_registro VARCHAR(15) NOT NULL DEFAULT 'ACTIVO',
  PRIMARY KEY (id_pago),
  UNIQUE KEY uk_pago_cita (id_cita),
  UNIQUE KEY uk_pago_codigo (codigo_pago),
  CONSTRAINT fk_pago_cita FOREIGN KEY (id_cita) REFERENCES cita(id_cita),
  CONSTRAINT fk_pago_usuario_cobro FOREIGN KEY (id_usuario_cobro) REFERENCES usuario(id_usuario)
) ENGINE=InnoDB DEFAULT CHARSET=utf8mb4 COLLATE=utf8mb4_general_ci;

CREATE TABLE pago_detalle (
  id_pago_detalle INT NOT NULL AUTO_INCREMENT,
  id_pago INT NOT NULL,
  metodo_pago VARCHAR(30) NOT NULL,
  monto DECIMAL(10,2) NOT NULL,
  numero_operacion VARCHAR(80) NULL,
  id_usuario_cajero INT NULL,
  fecha_operacion DATETIME NULL DEFAULT CURRENT_TIMESTAMP,
  observacion VARCHAR(255) NULL,
  estado_registro VARCHAR(15) NOT NULL DEFAULT 'ACTIVO',
  PRIMARY KEY (id_pago_detalle),
  CONSTRAINT fk_pago_detalle_pago FOREIGN KEY (id_pago) REFERENCES pago(id_pago),
  CONSTRAINT fk_pago_detalle_cajero FOREIGN KEY (id_usuario_cajero) REFERENCES usuario(id_usuario)
) ENGINE=InnoDB DEFAULT CHARSET=utf8mb4 COLLATE=utf8mb4_general_ci;

CREATE TABLE caja_cierre (
  id_cierre INT NOT NULL AUTO_INCREMENT,
  fecha_caja DATE NOT NULL,
  id_usuario_caja INT NOT NULL,
  total_efectivo DECIMAL(10,2) NOT NULL DEFAULT 0.00,
  total_yape DECIMAL(10,2) NOT NULL DEFAULT 0.00,
  total_plin DECIMAL(10,2) NOT NULL DEFAULT 0.00,
  total_tarjeta DECIMAL(10,2) NOT NULL DEFAULT 0.00,
  total_transferencia DECIMAL(10,2) NOT NULL DEFAULT 0.00,
  total_general DECIMAL(10,2) NOT NULL DEFAULT 0.00,
  observacion VARCHAR(255) NULL,
  fecha_cierre DATETIME NOT NULL DEFAULT CURRENT_TIMESTAMP,
  estado_cierre VARCHAR(20) NOT NULL DEFAULT 'CERRADO',
  PRIMARY KEY (id_cierre),
  UNIQUE KEY uk_caja_fecha_usuario (fecha_caja, id_usuario_caja),
  CONSTRAINT fk_caja_usuario FOREIGN KEY (id_usuario_caja) REFERENCES usuario(id_usuario)
) ENGINE=InnoDB DEFAULT CHARSET=utf8mb4 COLLATE=utf8mb4_general_ci;

CREATE TABLE configuracion_sistema (
  clave VARCHAR(80) NOT NULL,
  valor VARCHAR(255) NOT NULL,
  descripcion VARCHAR(255) NULL,
  PRIMARY KEY (clave)
) ENGINE=InnoDB DEFAULT CHARSET=utf8mb4 COLLATE=utf8mb4_general_ci;

CREATE TABLE auditoria_sistema (
  id_auditoria INT NOT NULL AUTO_INCREMENT,
  usuario VARCHAR(50) NULL,
  rol VARCHAR(30) NULL,
  accion VARCHAR(100) NOT NULL,
  modulo VARCHAR(100) NOT NULL,
  id_referencia INT NULL,
  descripcion VARCHAR(500) NULL,
  fecha DATETIME NOT NULL DEFAULT CURRENT_TIMESTAMP,
  ip VARCHAR(50) NULL,
  PRIMARY KEY (id_auditoria)
) ENGINE=InnoDB DEFAULT CHARSET=utf8mb4 COLLATE=utf8mb4_general_ci;

-- Especialidades
INSERT INTO especialidad (id_especialidad,nombre,descripcion,usuario_registro,fecha_registro,estado_registro) VALUES (1,'Medicina General','Atención médica primaria y evaluación integral del paciente.','system',NOW(),'ACTIVO');
INSERT INTO especialidad (id_especialidad,nombre,descripcion,usuario_registro,fecha_registro,estado_registro) VALUES (2,'Pediatría','Atención médica de niños y adolescentes.','system',NOW(),'ACTIVO');
INSERT INTO especialidad (id_especialidad,nombre,descripcion,usuario_registro,fecha_registro,estado_registro) VALUES (3,'Cardiología','Evaluación, control y prevención cardiovascular.','system',NOW(),'ACTIVO');
INSERT INTO especialidad (id_especialidad,nombre,descripcion,usuario_registro,fecha_registro,estado_registro) VALUES (4,'Dermatología','Diagnóstico y tratamiento de enfermedades de la piel.','system',NOW(),'ACTIVO');
INSERT INTO especialidad (id_especialidad,nombre,descripcion,usuario_registro,fecha_registro,estado_registro) VALUES (5,'Ginecología','Atención médica especializada en salud femenina.','system',NOW(),'ACTIVO');
INSERT INTO especialidad (id_especialidad,nombre,descripcion,usuario_registro,fecha_registro,estado_registro) VALUES (6,'Traumatología','Evaluación de lesiones óseas, musculares y articulares.','system',NOW(),'ACTIVO');
INSERT INTO especialidad (id_especialidad,nombre,descripcion,usuario_registro,fecha_registro,estado_registro) VALUES (7,'Endocrinología','Control de trastornos hormonales y metabólicos.','system',NOW(),'ACTIVO');
INSERT INTO especialidad (id_especialidad,nombre,descripcion,usuario_registro,fecha_registro,estado_registro) VALUES (8,'Neurología','Evaluación del sistema nervioso y cefaleas.','system',NOW(),'ACTIVO');

-- Médicos
INSERT INTO medico (id_medico,nombres,apellidos,id_especialidad,dni,telefono,correo,cmp,duracion_cita_minutos,tolerancia_minutos,max_citas_dia,consultorio,usuario_registro,fecha_registro,estado_registro) VALUES (1,'Valeria','Rojas Medina',1,'43000001','999111001','valeria.rojas@novasalud.pe','CMP-10101',30,10,12,'Consultorio 101','system',NOW(),'ACTIVO');
INSERT INTO medico (id_medico,nombres,apellidos,id_especialidad,dni,telefono,correo,cmp,duracion_cita_minutos,tolerancia_minutos,max_citas_dia,consultorio,usuario_registro,fecha_registro,estado_registro) VALUES (2,'Luis','Herrera Campos',2,'43000002','999111002','luis.herrera@novasalud.pe','CMP-10102',30,10,12,'Consultorio 102','system',NOW(),'ACTIVO');
INSERT INTO medico (id_medico,nombres,apellidos,id_especialidad,dni,telefono,correo,cmp,duracion_cita_minutos,tolerancia_minutos,max_citas_dia,consultorio,usuario_registro,fecha_registro,estado_registro) VALUES (3,'Camila','Torres Salazar',3,'43000003','999111003','camila.torres@novasalud.pe','CMP-10103',30,10,10,'Consultorio 201','system',NOW(),'ACTIVO');
INSERT INTO medico (id_medico,nombres,apellidos,id_especialidad,dni,telefono,correo,cmp,duracion_cita_minutos,tolerancia_minutos,max_citas_dia,consultorio,usuario_registro,fecha_registro,estado_registro) VALUES (4,'Marco','Salas Paredes',4,'43000004','999111004','marco.salas@novasalud.pe','CMP-10104',25,10,14,'Consultorio 202','system',NOW(),'ACTIVO');
INSERT INTO medico (id_medico,nombres,apellidos,id_especialidad,dni,telefono,correo,cmp,duracion_cita_minutos,tolerancia_minutos,max_citas_dia,consultorio,usuario_registro,fecha_registro,estado_registro) VALUES (5,'Ana','Beltrán Ruiz',5,'43000005','999111005','ana.beltran@novasalud.pe','CMP-10105',30,10,10,'Consultorio 203','system',NOW(),'ACTIVO');
INSERT INTO medico (id_medico,nombres,apellidos,id_especialidad,dni,telefono,correo,cmp,duracion_cita_minutos,tolerancia_minutos,max_citas_dia,consultorio,usuario_registro,fecha_registro,estado_registro) VALUES (6,'Diego','Muñoz Vega',6,'43000006','999111006','diego.munoz@novasalud.pe','CMP-10106',35,10,9,'Consultorio 204','system',NOW(),'ACTIVO');
INSERT INTO medico (id_medico,nombres,apellidos,id_especialidad,dni,telefono,correo,cmp,duracion_cita_minutos,tolerancia_minutos,max_citas_dia,consultorio,usuario_registro,fecha_registro,estado_registro) VALUES (7,'Rafael','Quispe Arias',1,'43000007','999111007','rafael.quispe@novasalud.pe','CMP-10107',30,10,12,'Consultorio 105','system',NOW(),'ACTIVO');
INSERT INTO medico (id_medico,nombres,apellidos,id_especialidad,dni,telefono,correo,cmp,duracion_cita_minutos,tolerancia_minutos,max_citas_dia,consultorio,usuario_registro,fecha_registro,estado_registro) VALUES (8,'Sofía','Núñez Herrera',3,'43000008','999111008','sofia.nunez@novasalud.pe','CMP-10108',30,10,10,'Consultorio 205','system',NOW(),'ACTIVO');
INSERT INTO medico (id_medico,nombres,apellidos,id_especialidad,dni,telefono,correo,cmp,duracion_cita_minutos,tolerancia_minutos,max_citas_dia,consultorio,usuario_registro,fecha_registro,estado_registro) VALUES (9,'Bruno','Castillo Ríos',7,'43000009','999111009','bruno.castillo@novasalud.pe','CMP-10109',30,10,10,'Consultorio 301','system',NOW(),'ACTIVO');
INSERT INTO medico (id_medico,nombres,apellidos,id_especialidad,dni,telefono,correo,cmp,duracion_cita_minutos,tolerancia_minutos,max_citas_dia,consultorio,usuario_registro,fecha_registro,estado_registro) VALUES (10,'Elena','Vargas Pinedo',8,'43000010','999111010','elena.vargas@novasalud.pe','CMP-10110',40,10,8,'Consultorio 302','system',NOW(),'ACTIVO');
INSERT INTO medico (id_medico,nombres,apellidos,id_especialidad,dni,telefono,correo,cmp,duracion_cita_minutos,tolerancia_minutos,max_citas_dia,consultorio,usuario_registro,fecha_registro,estado_registro) VALUES (11,'Patricia','Reátegui Flores',2,'43000011','999111011','patricia.reategui@novasalud.pe','CMP-10111',30,10,12,'Consultorio 103','system',NOW(),'ACTIVO');
INSERT INTO medico (id_medico,nombres,apellidos,id_especialidad,dni,telefono,correo,cmp,duracion_cita_minutos,tolerancia_minutos,max_citas_dia,consultorio,usuario_registro,fecha_registro,estado_registro) VALUES (12,'Héctor','Ramírez Luna',6,'43000012','999111012','hector.ramirez@novasalud.pe','CMP-10112',35,10,9,'Consultorio 206','system',NOW(),'ACTIVO');

-- Horarios de atención
INSERT INTO horario (id_medico,dia,hora_inicio,hora_fin,usuario_registro,fecha_registro,estado_registro) VALUES (1,'lunes','08:00:00','12:00:00','system',NOW(),'ACTIVO');
INSERT INTO horario (id_medico,dia,hora_inicio,hora_fin,usuario_registro,fecha_registro,estado_registro) VALUES (1,'lunes','14:00:00','18:00:00','system',NOW(),'ACTIVO');
INSERT INTO horario (id_medico,dia,hora_inicio,hora_fin,usuario_registro,fecha_registro,estado_registro) VALUES (1,'martes','08:00:00','12:00:00','system',NOW(),'ACTIVO');
INSERT INTO horario (id_medico,dia,hora_inicio,hora_fin,usuario_registro,fecha_registro,estado_registro) VALUES (1,'martes','14:00:00','18:00:00','system',NOW(),'ACTIVO');
INSERT INTO horario (id_medico,dia,hora_inicio,hora_fin,usuario_registro,fecha_registro,estado_registro) VALUES (1,'miercoles','08:00:00','12:00:00','system',NOW(),'ACTIVO');
INSERT INTO horario (id_medico,dia,hora_inicio,hora_fin,usuario_registro,fecha_registro,estado_registro) VALUES (1,'miercoles','14:00:00','18:00:00','system',NOW(),'ACTIVO');
INSERT INTO horario (id_medico,dia,hora_inicio,hora_fin,usuario_registro,fecha_registro,estado_registro) VALUES (1,'jueves','08:00:00','12:00:00','system',NOW(),'ACTIVO');
INSERT INTO horario (id_medico,dia,hora_inicio,hora_fin,usuario_registro,fecha_registro,estado_registro) VALUES (1,'jueves','14:00:00','18:00:00','system',NOW(),'ACTIVO');
INSERT INTO horario (id_medico,dia,hora_inicio,hora_fin,usuario_registro,fecha_registro,estado_registro) VALUES (1,'viernes','08:00:00','12:00:00','system',NOW(),'ACTIVO');
INSERT INTO horario (id_medico,dia,hora_inicio,hora_fin,usuario_registro,fecha_registro,estado_registro) VALUES (1,'viernes','14:00:00','18:00:00','system',NOW(),'ACTIVO');
INSERT INTO horario (id_medico,dia,hora_inicio,hora_fin,usuario_registro,fecha_registro,estado_registro) VALUES (1,'sabado','08:00:00','12:00:00','system',NOW(),'ACTIVO');
INSERT INTO horario (id_medico,dia,hora_inicio,hora_fin,usuario_registro,fecha_registro,estado_registro) VALUES (2,'lunes','08:00:00','12:00:00','system',NOW(),'ACTIVO');
INSERT INTO horario (id_medico,dia,hora_inicio,hora_fin,usuario_registro,fecha_registro,estado_registro) VALUES (2,'lunes','14:00:00','18:00:00','system',NOW(),'ACTIVO');
INSERT INTO horario (id_medico,dia,hora_inicio,hora_fin,usuario_registro,fecha_registro,estado_registro) VALUES (2,'martes','08:00:00','12:00:00','system',NOW(),'ACTIVO');
INSERT INTO horario (id_medico,dia,hora_inicio,hora_fin,usuario_registro,fecha_registro,estado_registro) VALUES (2,'martes','14:00:00','18:00:00','system',NOW(),'ACTIVO');
INSERT INTO horario (id_medico,dia,hora_inicio,hora_fin,usuario_registro,fecha_registro,estado_registro) VALUES (2,'miercoles','08:00:00','12:00:00','system',NOW(),'ACTIVO');
INSERT INTO horario (id_medico,dia,hora_inicio,hora_fin,usuario_registro,fecha_registro,estado_registro) VALUES (2,'miercoles','14:00:00','18:00:00','system',NOW(),'ACTIVO');
INSERT INTO horario (id_medico,dia,hora_inicio,hora_fin,usuario_registro,fecha_registro,estado_registro) VALUES (2,'jueves','08:00:00','12:00:00','system',NOW(),'ACTIVO');
INSERT INTO horario (id_medico,dia,hora_inicio,hora_fin,usuario_registro,fecha_registro,estado_registro) VALUES (2,'jueves','14:00:00','18:00:00','system',NOW(),'ACTIVO');
INSERT INTO horario (id_medico,dia,hora_inicio,hora_fin,usuario_registro,fecha_registro,estado_registro) VALUES (2,'viernes','08:00:00','12:00:00','system',NOW(),'ACTIVO');
INSERT INTO horario (id_medico,dia,hora_inicio,hora_fin,usuario_registro,fecha_registro,estado_registro) VALUES (2,'viernes','14:00:00','18:00:00','system',NOW(),'ACTIVO');
INSERT INTO horario (id_medico,dia,hora_inicio,hora_fin,usuario_registro,fecha_registro,estado_registro) VALUES (2,'sabado','08:00:00','12:00:00','system',NOW(),'ACTIVO');
INSERT INTO horario (id_medico,dia,hora_inicio,hora_fin,usuario_registro,fecha_registro,estado_registro) VALUES (3,'lunes','08:00:00','12:00:00','system',NOW(),'ACTIVO');
INSERT INTO horario (id_medico,dia,hora_inicio,hora_fin,usuario_registro,fecha_registro,estado_registro) VALUES (3,'lunes','14:00:00','18:00:00','system',NOW(),'ACTIVO');
INSERT INTO horario (id_medico,dia,hora_inicio,hora_fin,usuario_registro,fecha_registro,estado_registro) VALUES (3,'martes','08:00:00','12:00:00','system',NOW(),'ACTIVO');
INSERT INTO horario (id_medico,dia,hora_inicio,hora_fin,usuario_registro,fecha_registro,estado_registro) VALUES (3,'martes','14:00:00','18:00:00','system',NOW(),'ACTIVO');
INSERT INTO horario (id_medico,dia,hora_inicio,hora_fin,usuario_registro,fecha_registro,estado_registro) VALUES (3,'miercoles','08:00:00','12:00:00','system',NOW(),'ACTIVO');
INSERT INTO horario (id_medico,dia,hora_inicio,hora_fin,usuario_registro,fecha_registro,estado_registro) VALUES (3,'miercoles','14:00:00','18:00:00','system',NOW(),'ACTIVO');
INSERT INTO horario (id_medico,dia,hora_inicio,hora_fin,usuario_registro,fecha_registro,estado_registro) VALUES (3,'jueves','08:00:00','12:00:00','system',NOW(),'ACTIVO');
INSERT INTO horario (id_medico,dia,hora_inicio,hora_fin,usuario_registro,fecha_registro,estado_registro) VALUES (3,'jueves','14:00:00','18:00:00','system',NOW(),'ACTIVO');
INSERT INTO horario (id_medico,dia,hora_inicio,hora_fin,usuario_registro,fecha_registro,estado_registro) VALUES (3,'viernes','08:00:00','12:00:00','system',NOW(),'ACTIVO');
INSERT INTO horario (id_medico,dia,hora_inicio,hora_fin,usuario_registro,fecha_registro,estado_registro) VALUES (3,'viernes','14:00:00','18:00:00','system',NOW(),'ACTIVO');
INSERT INTO horario (id_medico,dia,hora_inicio,hora_fin,usuario_registro,fecha_registro,estado_registro) VALUES (3,'sabado','08:00:00','12:00:00','system',NOW(),'ACTIVO');
INSERT INTO horario (id_medico,dia,hora_inicio,hora_fin,usuario_registro,fecha_registro,estado_registro) VALUES (4,'lunes','08:00:00','12:00:00','system',NOW(),'ACTIVO');
INSERT INTO horario (id_medico,dia,hora_inicio,hora_fin,usuario_registro,fecha_registro,estado_registro) VALUES (4,'lunes','14:00:00','18:00:00','system',NOW(),'ACTIVO');
INSERT INTO horario (id_medico,dia,hora_inicio,hora_fin,usuario_registro,fecha_registro,estado_registro) VALUES (4,'martes','08:00:00','12:00:00','system',NOW(),'ACTIVO');
INSERT INTO horario (id_medico,dia,hora_inicio,hora_fin,usuario_registro,fecha_registro,estado_registro) VALUES (4,'martes','14:00:00','18:00:00','system',NOW(),'ACTIVO');
INSERT INTO horario (id_medico,dia,hora_inicio,hora_fin,usuario_registro,fecha_registro,estado_registro) VALUES (4,'miercoles','08:00:00','12:00:00','system',NOW(),'ACTIVO');
INSERT INTO horario (id_medico,dia,hora_inicio,hora_fin,usuario_registro,fecha_registro,estado_registro) VALUES (4,'miercoles','14:00:00','18:00:00','system',NOW(),'ACTIVO');
INSERT INTO horario (id_medico,dia,hora_inicio,hora_fin,usuario_registro,fecha_registro,estado_registro) VALUES (4,'jueves','08:00:00','12:00:00','system',NOW(),'ACTIVO');
INSERT INTO horario (id_medico,dia,hora_inicio,hora_fin,usuario_registro,fecha_registro,estado_registro) VALUES (4,'jueves','14:00:00','18:00:00','system',NOW(),'ACTIVO');
INSERT INTO horario (id_medico,dia,hora_inicio,hora_fin,usuario_registro,fecha_registro,estado_registro) VALUES (4,'viernes','08:00:00','12:00:00','system',NOW(),'ACTIVO');
INSERT INTO horario (id_medico,dia,hora_inicio,hora_fin,usuario_registro,fecha_registro,estado_registro) VALUES (4,'viernes','14:00:00','18:00:00','system',NOW(),'ACTIVO');
INSERT INTO horario (id_medico,dia,hora_inicio,hora_fin,usuario_registro,fecha_registro,estado_registro) VALUES (4,'sabado','08:00:00','12:00:00','system',NOW(),'ACTIVO');
INSERT INTO horario (id_medico,dia,hora_inicio,hora_fin,usuario_registro,fecha_registro,estado_registro) VALUES (5,'lunes','08:00:00','12:00:00','system',NOW(),'ACTIVO');
INSERT INTO horario (id_medico,dia,hora_inicio,hora_fin,usuario_registro,fecha_registro,estado_registro) VALUES (5,'lunes','14:00:00','18:00:00','system',NOW(),'ACTIVO');
INSERT INTO horario (id_medico,dia,hora_inicio,hora_fin,usuario_registro,fecha_registro,estado_registro) VALUES (5,'martes','08:00:00','12:00:00','system',NOW(),'ACTIVO');
INSERT INTO horario (id_medico,dia,hora_inicio,hora_fin,usuario_registro,fecha_registro,estado_registro) VALUES (5,'martes','14:00:00','18:00:00','system',NOW(),'ACTIVO');
INSERT INTO horario (id_medico,dia,hora_inicio,hora_fin,usuario_registro,fecha_registro,estado_registro) VALUES (5,'miercoles','08:00:00','12:00:00','system',NOW(),'ACTIVO');
INSERT INTO horario (id_medico,dia,hora_inicio,hora_fin,usuario_registro,fecha_registro,estado_registro) VALUES (5,'miercoles','14:00:00','18:00:00','system',NOW(),'ACTIVO');
INSERT INTO horario (id_medico,dia,hora_inicio,hora_fin,usuario_registro,fecha_registro,estado_registro) VALUES (5,'jueves','08:00:00','12:00:00','system',NOW(),'ACTIVO');
INSERT INTO horario (id_medico,dia,hora_inicio,hora_fin,usuario_registro,fecha_registro,estado_registro) VALUES (5,'jueves','14:00:00','18:00:00','system',NOW(),'ACTIVO');
INSERT INTO horario (id_medico,dia,hora_inicio,hora_fin,usuario_registro,fecha_registro,estado_registro) VALUES (5,'viernes','08:00:00','12:00:00','system',NOW(),'ACTIVO');
INSERT INTO horario (id_medico,dia,hora_inicio,hora_fin,usuario_registro,fecha_registro,estado_registro) VALUES (5,'viernes','14:00:00','18:00:00','system',NOW(),'ACTIVO');
INSERT INTO horario (id_medico,dia,hora_inicio,hora_fin,usuario_registro,fecha_registro,estado_registro) VALUES (5,'sabado','08:00:00','12:00:00','system',NOW(),'ACTIVO');
INSERT INTO horario (id_medico,dia,hora_inicio,hora_fin,usuario_registro,fecha_registro,estado_registro) VALUES (6,'lunes','08:00:00','12:00:00','system',NOW(),'ACTIVO');
INSERT INTO horario (id_medico,dia,hora_inicio,hora_fin,usuario_registro,fecha_registro,estado_registro) VALUES (6,'lunes','14:00:00','18:00:00','system',NOW(),'ACTIVO');
INSERT INTO horario (id_medico,dia,hora_inicio,hora_fin,usuario_registro,fecha_registro,estado_registro) VALUES (6,'martes','08:00:00','12:00:00','system',NOW(),'ACTIVO');
INSERT INTO horario (id_medico,dia,hora_inicio,hora_fin,usuario_registro,fecha_registro,estado_registro) VALUES (6,'martes','14:00:00','18:00:00','system',NOW(),'ACTIVO');
INSERT INTO horario (id_medico,dia,hora_inicio,hora_fin,usuario_registro,fecha_registro,estado_registro) VALUES (6,'miercoles','08:00:00','12:00:00','system',NOW(),'ACTIVO');
INSERT INTO horario (id_medico,dia,hora_inicio,hora_fin,usuario_registro,fecha_registro,estado_registro) VALUES (6,'miercoles','14:00:00','18:00:00','system',NOW(),'ACTIVO');
INSERT INTO horario (id_medico,dia,hora_inicio,hora_fin,usuario_registro,fecha_registro,estado_registro) VALUES (6,'jueves','08:00:00','12:00:00','system',NOW(),'ACTIVO');
INSERT INTO horario (id_medico,dia,hora_inicio,hora_fin,usuario_registro,fecha_registro,estado_registro) VALUES (6,'jueves','14:00:00','18:00:00','system',NOW(),'ACTIVO');
INSERT INTO horario (id_medico,dia,hora_inicio,hora_fin,usuario_registro,fecha_registro,estado_registro) VALUES (6,'viernes','08:00:00','12:00:00','system',NOW(),'ACTIVO');
INSERT INTO horario (id_medico,dia,hora_inicio,hora_fin,usuario_registro,fecha_registro,estado_registro) VALUES (6,'viernes','14:00:00','18:00:00','system',NOW(),'ACTIVO');
INSERT INTO horario (id_medico,dia,hora_inicio,hora_fin,usuario_registro,fecha_registro,estado_registro) VALUES (6,'sabado','08:00:00','12:00:00','system',NOW(),'ACTIVO');
INSERT INTO horario (id_medico,dia,hora_inicio,hora_fin,usuario_registro,fecha_registro,estado_registro) VALUES (7,'lunes','08:00:00','12:00:00','system',NOW(),'ACTIVO');
INSERT INTO horario (id_medico,dia,hora_inicio,hora_fin,usuario_registro,fecha_registro,estado_registro) VALUES (7,'lunes','14:00:00','18:00:00','system',NOW(),'ACTIVO');
INSERT INTO horario (id_medico,dia,hora_inicio,hora_fin,usuario_registro,fecha_registro,estado_registro) VALUES (7,'martes','08:00:00','12:00:00','system',NOW(),'ACTIVO');
INSERT INTO horario (id_medico,dia,hora_inicio,hora_fin,usuario_registro,fecha_registro,estado_registro) VALUES (7,'martes','14:00:00','18:00:00','system',NOW(),'ACTIVO');
INSERT INTO horario (id_medico,dia,hora_inicio,hora_fin,usuario_registro,fecha_registro,estado_registro) VALUES (7,'miercoles','08:00:00','12:00:00','system',NOW(),'ACTIVO');
INSERT INTO horario (id_medico,dia,hora_inicio,hora_fin,usuario_registro,fecha_registro,estado_registro) VALUES (7,'miercoles','14:00:00','18:00:00','system',NOW(),'ACTIVO');
INSERT INTO horario (id_medico,dia,hora_inicio,hora_fin,usuario_registro,fecha_registro,estado_registro) VALUES (7,'jueves','08:00:00','12:00:00','system',NOW(),'ACTIVO');
INSERT INTO horario (id_medico,dia,hora_inicio,hora_fin,usuario_registro,fecha_registro,estado_registro) VALUES (7,'jueves','14:00:00','18:00:00','system',NOW(),'ACTIVO');
INSERT INTO horario (id_medico,dia,hora_inicio,hora_fin,usuario_registro,fecha_registro,estado_registro) VALUES (7,'viernes','08:00:00','12:00:00','system',NOW(),'ACTIVO');
INSERT INTO horario (id_medico,dia,hora_inicio,hora_fin,usuario_registro,fecha_registro,estado_registro) VALUES (7,'viernes','14:00:00','18:00:00','system',NOW(),'ACTIVO');
INSERT INTO horario (id_medico,dia,hora_inicio,hora_fin,usuario_registro,fecha_registro,estado_registro) VALUES (7,'sabado','08:00:00','12:00:00','system',NOW(),'ACTIVO');
INSERT INTO horario (id_medico,dia,hora_inicio,hora_fin,usuario_registro,fecha_registro,estado_registro) VALUES (8,'lunes','08:00:00','12:00:00','system',NOW(),'ACTIVO');
INSERT INTO horario (id_medico,dia,hora_inicio,hora_fin,usuario_registro,fecha_registro,estado_registro) VALUES (8,'lunes','14:00:00','18:00:00','system',NOW(),'ACTIVO');
INSERT INTO horario (id_medico,dia,hora_inicio,hora_fin,usuario_registro,fecha_registro,estado_registro) VALUES (8,'martes','08:00:00','12:00:00','system',NOW(),'ACTIVO');
INSERT INTO horario (id_medico,dia,hora_inicio,hora_fin,usuario_registro,fecha_registro,estado_registro) VALUES (8,'martes','14:00:00','18:00:00','system',NOW(),'ACTIVO');
INSERT INTO horario (id_medico,dia,hora_inicio,hora_fin,usuario_registro,fecha_registro,estado_registro) VALUES (8,'miercoles','08:00:00','12:00:00','system',NOW(),'ACTIVO');
INSERT INTO horario (id_medico,dia,hora_inicio,hora_fin,usuario_registro,fecha_registro,estado_registro) VALUES (8,'miercoles','14:00:00','18:00:00','system',NOW(),'ACTIVO');
INSERT INTO horario (id_medico,dia,hora_inicio,hora_fin,usuario_registro,fecha_registro,estado_registro) VALUES (8,'jueves','08:00:00','12:00:00','system',NOW(),'ACTIVO');
INSERT INTO horario (id_medico,dia,hora_inicio,hora_fin,usuario_registro,fecha_registro,estado_registro) VALUES (8,'jueves','14:00:00','18:00:00','system',NOW(),'ACTIVO');
INSERT INTO horario (id_medico,dia,hora_inicio,hora_fin,usuario_registro,fecha_registro,estado_registro) VALUES (8,'viernes','08:00:00','12:00:00','system',NOW(),'ACTIVO');
INSERT INTO horario (id_medico,dia,hora_inicio,hora_fin,usuario_registro,fecha_registro,estado_registro) VALUES (8,'viernes','14:00:00','18:00:00','system',NOW(),'ACTIVO');
INSERT INTO horario (id_medico,dia,hora_inicio,hora_fin,usuario_registro,fecha_registro,estado_registro) VALUES (8,'sabado','08:00:00','12:00:00','system',NOW(),'ACTIVO');
INSERT INTO horario (id_medico,dia,hora_inicio,hora_fin,usuario_registro,fecha_registro,estado_registro) VALUES (9,'lunes','08:00:00','12:00:00','system',NOW(),'ACTIVO');
INSERT INTO horario (id_medico,dia,hora_inicio,hora_fin,usuario_registro,fecha_registro,estado_registro) VALUES (9,'lunes','14:00:00','18:00:00','system',NOW(),'ACTIVO');
INSERT INTO horario (id_medico,dia,hora_inicio,hora_fin,usuario_registro,fecha_registro,estado_registro) VALUES (9,'martes','08:00:00','12:00:00','system',NOW(),'ACTIVO');
INSERT INTO horario (id_medico,dia,hora_inicio,hora_fin,usuario_registro,fecha_registro,estado_registro) VALUES (9,'martes','14:00:00','18:00:00','system',NOW(),'ACTIVO');
INSERT INTO horario (id_medico,dia,hora_inicio,hora_fin,usuario_registro,fecha_registro,estado_registro) VALUES (9,'miercoles','08:00:00','12:00:00','system',NOW(),'ACTIVO');
INSERT INTO horario (id_medico,dia,hora_inicio,hora_fin,usuario_registro,fecha_registro,estado_registro) VALUES (9,'miercoles','14:00:00','18:00:00','system',NOW(),'ACTIVO');
INSERT INTO horario (id_medico,dia,hora_inicio,hora_fin,usuario_registro,fecha_registro,estado_registro) VALUES (9,'jueves','08:00:00','12:00:00','system',NOW(),'ACTIVO');
INSERT INTO horario (id_medico,dia,hora_inicio,hora_fin,usuario_registro,fecha_registro,estado_registro) VALUES (9,'jueves','14:00:00','18:00:00','system',NOW(),'ACTIVO');
INSERT INTO horario (id_medico,dia,hora_inicio,hora_fin,usuario_registro,fecha_registro,estado_registro) VALUES (9,'viernes','08:00:00','12:00:00','system',NOW(),'ACTIVO');
INSERT INTO horario (id_medico,dia,hora_inicio,hora_fin,usuario_registro,fecha_registro,estado_registro) VALUES (9,'viernes','14:00:00','18:00:00','system',NOW(),'ACTIVO');
INSERT INTO horario (id_medico,dia,hora_inicio,hora_fin,usuario_registro,fecha_registro,estado_registro) VALUES (9,'sabado','08:00:00','12:00:00','system',NOW(),'ACTIVO');
INSERT INTO horario (id_medico,dia,hora_inicio,hora_fin,usuario_registro,fecha_registro,estado_registro) VALUES (10,'lunes','08:00:00','12:00:00','system',NOW(),'ACTIVO');
INSERT INTO horario (id_medico,dia,hora_inicio,hora_fin,usuario_registro,fecha_registro,estado_registro) VALUES (10,'lunes','14:00:00','18:00:00','system',NOW(),'ACTIVO');
INSERT INTO horario (id_medico,dia,hora_inicio,hora_fin,usuario_registro,fecha_registro,estado_registro) VALUES (10,'martes','08:00:00','12:00:00','system',NOW(),'ACTIVO');
INSERT INTO horario (id_medico,dia,hora_inicio,hora_fin,usuario_registro,fecha_registro,estado_registro) VALUES (10,'martes','14:00:00','18:00:00','system',NOW(),'ACTIVO');
INSERT INTO horario (id_medico,dia,hora_inicio,hora_fin,usuario_registro,fecha_registro,estado_registro) VALUES (10,'miercoles','08:00:00','12:00:00','system',NOW(),'ACTIVO');
INSERT INTO horario (id_medico,dia,hora_inicio,hora_fin,usuario_registro,fecha_registro,estado_registro) VALUES (10,'miercoles','14:00:00','18:00:00','system',NOW(),'ACTIVO');
INSERT INTO horario (id_medico,dia,hora_inicio,hora_fin,usuario_registro,fecha_registro,estado_registro) VALUES (10,'jueves','08:00:00','12:00:00','system',NOW(),'ACTIVO');
INSERT INTO horario (id_medico,dia,hora_inicio,hora_fin,usuario_registro,fecha_registro,estado_registro) VALUES (10,'jueves','14:00:00','18:00:00','system',NOW(),'ACTIVO');
INSERT INTO horario (id_medico,dia,hora_inicio,hora_fin,usuario_registro,fecha_registro,estado_registro) VALUES (10,'viernes','08:00:00','12:00:00','system',NOW(),'ACTIVO');
INSERT INTO horario (id_medico,dia,hora_inicio,hora_fin,usuario_registro,fecha_registro,estado_registro) VALUES (10,'viernes','14:00:00','18:00:00','system',NOW(),'ACTIVO');
INSERT INTO horario (id_medico,dia,hora_inicio,hora_fin,usuario_registro,fecha_registro,estado_registro) VALUES (10,'sabado','08:00:00','12:00:00','system',NOW(),'ACTIVO');
INSERT INTO horario (id_medico,dia,hora_inicio,hora_fin,usuario_registro,fecha_registro,estado_registro) VALUES (11,'lunes','08:00:00','12:00:00','system',NOW(),'ACTIVO');
INSERT INTO horario (id_medico,dia,hora_inicio,hora_fin,usuario_registro,fecha_registro,estado_registro) VALUES (11,'lunes','14:00:00','18:00:00','system',NOW(),'ACTIVO');
INSERT INTO horario (id_medico,dia,hora_inicio,hora_fin,usuario_registro,fecha_registro,estado_registro) VALUES (11,'martes','08:00:00','12:00:00','system',NOW(),'ACTIVO');
INSERT INTO horario (id_medico,dia,hora_inicio,hora_fin,usuario_registro,fecha_registro,estado_registro) VALUES (11,'martes','14:00:00','18:00:00','system',NOW(),'ACTIVO');
INSERT INTO horario (id_medico,dia,hora_inicio,hora_fin,usuario_registro,fecha_registro,estado_registro) VALUES (11,'miercoles','08:00:00','12:00:00','system',NOW(),'ACTIVO');
INSERT INTO horario (id_medico,dia,hora_inicio,hora_fin,usuario_registro,fecha_registro,estado_registro) VALUES (11,'miercoles','14:00:00','18:00:00','system',NOW(),'ACTIVO');
INSERT INTO horario (id_medico,dia,hora_inicio,hora_fin,usuario_registro,fecha_registro,estado_registro) VALUES (11,'jueves','08:00:00','12:00:00','system',NOW(),'ACTIVO');
INSERT INTO horario (id_medico,dia,hora_inicio,hora_fin,usuario_registro,fecha_registro,estado_registro) VALUES (11,'jueves','14:00:00','18:00:00','system',NOW(),'ACTIVO');
INSERT INTO horario (id_medico,dia,hora_inicio,hora_fin,usuario_registro,fecha_registro,estado_registro) VALUES (11,'viernes','08:00:00','12:00:00','system',NOW(),'ACTIVO');
INSERT INTO horario (id_medico,dia,hora_inicio,hora_fin,usuario_registro,fecha_registro,estado_registro) VALUES (11,'viernes','14:00:00','18:00:00','system',NOW(),'ACTIVO');
INSERT INTO horario (id_medico,dia,hora_inicio,hora_fin,usuario_registro,fecha_registro,estado_registro) VALUES (11,'sabado','08:00:00','12:00:00','system',NOW(),'ACTIVO');
INSERT INTO horario (id_medico,dia,hora_inicio,hora_fin,usuario_registro,fecha_registro,estado_registro) VALUES (12,'lunes','08:00:00','12:00:00','system',NOW(),'ACTIVO');
INSERT INTO horario (id_medico,dia,hora_inicio,hora_fin,usuario_registro,fecha_registro,estado_registro) VALUES (12,'lunes','14:00:00','18:00:00','system',NOW(),'ACTIVO');
INSERT INTO horario (id_medico,dia,hora_inicio,hora_fin,usuario_registro,fecha_registro,estado_registro) VALUES (12,'martes','08:00:00','12:00:00','system',NOW(),'ACTIVO');
INSERT INTO horario (id_medico,dia,hora_inicio,hora_fin,usuario_registro,fecha_registro,estado_registro) VALUES (12,'martes','14:00:00','18:00:00','system',NOW(),'ACTIVO');
INSERT INTO horario (id_medico,dia,hora_inicio,hora_fin,usuario_registro,fecha_registro,estado_registro) VALUES (12,'miercoles','08:00:00','12:00:00','system',NOW(),'ACTIVO');
INSERT INTO horario (id_medico,dia,hora_inicio,hora_fin,usuario_registro,fecha_registro,estado_registro) VALUES (12,'miercoles','14:00:00','18:00:00','system',NOW(),'ACTIVO');
INSERT INTO horario (id_medico,dia,hora_inicio,hora_fin,usuario_registro,fecha_registro,estado_registro) VALUES (12,'jueves','08:00:00','12:00:00','system',NOW(),'ACTIVO');
INSERT INTO horario (id_medico,dia,hora_inicio,hora_fin,usuario_registro,fecha_registro,estado_registro) VALUES (12,'jueves','14:00:00','18:00:00','system',NOW(),'ACTIVO');
INSERT INTO horario (id_medico,dia,hora_inicio,hora_fin,usuario_registro,fecha_registro,estado_registro) VALUES (12,'viernes','08:00:00','12:00:00','system',NOW(),'ACTIVO');
INSERT INTO horario (id_medico,dia,hora_inicio,hora_fin,usuario_registro,fecha_registro,estado_registro) VALUES (12,'viernes','14:00:00','18:00:00','system',NOW(),'ACTIVO');
INSERT INTO horario (id_medico,dia,hora_inicio,hora_fin,usuario_registro,fecha_registro,estado_registro) VALUES (12,'sabado','08:00:00','12:00:00','system',NOW(),'ACTIVO');

-- Usuarios administrativos y personal médico. Contraseña demo: 123456
INSERT INTO usuario (id_usuario,username,password,rol,id_medico,dni,nombres,apellidos,telefono,correo,cargo,estado_registro,usuario_registro,fecha_registro) VALUES (1,'administrador','$2a$12$lluhfqKEhpzXxiDcd6aR8.nd945oJnjqrU.5UL0y4Dr7xlvN9IgOi','ADMIN',NULL,'40000001','Admin','Principal','999900001','admin@novasalud.pe','Administrador general','ACTIVO','system',NOW());
INSERT INTO usuario (id_usuario,username,password,rol,id_medico,dni,nombres,apellidos,telefono,correo,cargo,estado_registro,usuario_registro,fecha_registro) VALUES (2,'recepcionista1','$2a$12$lluhfqKEhpzXxiDcd6aR8.nd945oJnjqrU.5UL0y4Dr7xlvN9IgOi','RECEPCIONISTA',NULL,'40000002','Roxana','Díaz Campos','999900002','recepcionista1@novasalud.pe','Recepcionista turno mañana','ACTIVO','system',NOW());
INSERT INTO usuario (id_usuario,username,password,rol,id_medico,dni,nombres,apellidos,telefono,correo,cargo,estado_registro,usuario_registro,fecha_registro) VALUES (3,'recepcionista2','$2a$12$lluhfqKEhpzXxiDcd6aR8.nd945oJnjqrU.5UL0y4Dr7xlvN9IgOi','RECEPCIONISTA',NULL,'40000003','Mario','Flores Vargas','999900003','recepcionista2@novasalud.pe','Recepcionista turno tarde','ACTIVO','system',NOW());
INSERT INTO usuario (id_usuario,username,password,rol,id_medico,dni,nombres,apellidos,telefono,correo,cargo,estado_registro,usuario_registro,fecha_registro) VALUES (4,'cajero1','$2a$12$lluhfqKEhpzXxiDcd6aR8.nd945oJnjqrU.5UL0y4Dr7xlvN9IgOi','CAJERO',NULL,'40000004','Pamela','García Núñez','999900004','cajero1@novasalud.pe','Cajera turno mañana','ACTIVO','system',NOW());
INSERT INTO usuario (id_usuario,username,password,rol,id_medico,dni,nombres,apellidos,telefono,correo,cargo,estado_registro,usuario_registro,fecha_registro) VALUES (5,'cajero2','$2a$12$lluhfqKEhpzXxiDcd6aR8.nd945oJnjqrU.5UL0y4Dr7xlvN9IgOi','CAJERO',NULL,'40000005','Óscar','Rivas Mendoza','999900005','cajero2@novasalud.pe','Cajero turno tarde','ACTIVO','system',NOW());
INSERT INTO usuario (id_usuario,username,password,rol,id_medico,dni,nombres,apellidos,telefono,correo,cargo,estado_registro,usuario_registro,fecha_registro) VALUES (6,'direccion','$2a$12$lluhfqKEhpzXxiDcd6aR8.nd945oJnjqrU.5UL0y4Dr7xlvN9IgOi','DIRECCION',NULL,'40000006','Dirección','Clínica','999900006','direccion@novasalud.pe','Dirección médica administrativa','ACTIVO','system',NOW());
INSERT INTO usuario (id_usuario,username,password,rol,id_medico,dni,nombres,apellidos,telefono,correo,cargo,estado_registro,usuario_registro,fecha_registro) VALUES (7,'doctor','$2a$12$lluhfqKEhpzXxiDcd6aR8.nd945oJnjqrU.5UL0y4Dr7xlvN9IgOi','DOCTOR',NULL,'40000007','Usuario','Doctor Genérico','999900007','doctor.generico@novasalud.pe','Usuario doctor genérico inactivo','INACTIVO','system',NOW());
INSERT INTO usuario (id_usuario,username,password,rol,id_medico,dni,nombres,apellidos,telefono,correo,cargo,estado_registro,usuario_registro,fecha_registro) VALUES (8,'valeria.rojas','$2a$12$lluhfqKEhpzXxiDcd6aR8.nd945oJnjqrU.5UL0y4Dr7xlvN9IgOi','DOCTOR',1,'43000001','Valeria','Rojas Medina','999111001','valeria.rojas@novasalud.pe','Médico especialista - Medicina General','ACTIVO','system',NOW());
INSERT INTO usuario (id_usuario,username,password,rol,id_medico,dni,nombres,apellidos,telefono,correo,cargo,estado_registro,usuario_registro,fecha_registro) VALUES (9,'luis.herrera','$2a$12$lluhfqKEhpzXxiDcd6aR8.nd945oJnjqrU.5UL0y4Dr7xlvN9IgOi','DOCTOR',2,'43000002','Luis','Herrera Campos','999111002','luis.herrera@novasalud.pe','Médico especialista - Pediatría','ACTIVO','system',NOW());
INSERT INTO usuario (id_usuario,username,password,rol,id_medico,dni,nombres,apellidos,telefono,correo,cargo,estado_registro,usuario_registro,fecha_registro) VALUES (10,'camila.torres','$2a$12$lluhfqKEhpzXxiDcd6aR8.nd945oJnjqrU.5UL0y4Dr7xlvN9IgOi','DOCTOR',3,'43000003','Camila','Torres Salazar','999111003','camila.torres@novasalud.pe','Médico especialista - Cardiología','ACTIVO','system',NOW());
INSERT INTO usuario (id_usuario,username,password,rol,id_medico,dni,nombres,apellidos,telefono,correo,cargo,estado_registro,usuario_registro,fecha_registro) VALUES (11,'marco.salas','$2a$12$lluhfqKEhpzXxiDcd6aR8.nd945oJnjqrU.5UL0y4Dr7xlvN9IgOi','DOCTOR',4,'43000004','Marco','Salas Paredes','999111004','marco.salas@novasalud.pe','Médico especialista - Dermatología','ACTIVO','system',NOW());
INSERT INTO usuario (id_usuario,username,password,rol,id_medico,dni,nombres,apellidos,telefono,correo,cargo,estado_registro,usuario_registro,fecha_registro) VALUES (12,'ana.beltran','$2a$12$lluhfqKEhpzXxiDcd6aR8.nd945oJnjqrU.5UL0y4Dr7xlvN9IgOi','DOCTOR',5,'43000005','Ana','Beltrán Ruiz','999111005','ana.beltran@novasalud.pe','Médico especialista - Ginecología','ACTIVO','system',NOW());
INSERT INTO usuario (id_usuario,username,password,rol,id_medico,dni,nombres,apellidos,telefono,correo,cargo,estado_registro,usuario_registro,fecha_registro) VALUES (13,'diego.munoz','$2a$12$lluhfqKEhpzXxiDcd6aR8.nd945oJnjqrU.5UL0y4Dr7xlvN9IgOi','DOCTOR',6,'43000006','Diego','Muñoz Vega','999111006','diego.munoz@novasalud.pe','Médico especialista - Traumatología','ACTIVO','system',NOW());
INSERT INTO usuario (id_usuario,username,password,rol,id_medico,dni,nombres,apellidos,telefono,correo,cargo,estado_registro,usuario_registro,fecha_registro) VALUES (14,'rafael.quispe','$2a$12$lluhfqKEhpzXxiDcd6aR8.nd945oJnjqrU.5UL0y4Dr7xlvN9IgOi','DOCTOR',7,'43000007','Rafael','Quispe Arias','999111007','rafael.quispe@novasalud.pe','Médico especialista - Medicina General','ACTIVO','system',NOW());
INSERT INTO usuario (id_usuario,username,password,rol,id_medico,dni,nombres,apellidos,telefono,correo,cargo,estado_registro,usuario_registro,fecha_registro) VALUES (15,'sofia.nunez','$2a$12$lluhfqKEhpzXxiDcd6aR8.nd945oJnjqrU.5UL0y4Dr7xlvN9IgOi','DOCTOR',8,'43000008','Sofía','Núñez Herrera','999111008','sofia.nunez@novasalud.pe','Médico especialista - Cardiología','ACTIVO','system',NOW());
INSERT INTO usuario (id_usuario,username,password,rol,id_medico,dni,nombres,apellidos,telefono,correo,cargo,estado_registro,usuario_registro,fecha_registro) VALUES (16,'bruno.castillo','$2a$12$lluhfqKEhpzXxiDcd6aR8.nd945oJnjqrU.5UL0y4Dr7xlvN9IgOi','DOCTOR',9,'43000009','Bruno','Castillo Ríos','999111009','bruno.castillo@novasalud.pe','Médico especialista - Endocrinología','ACTIVO','system',NOW());
INSERT INTO usuario (id_usuario,username,password,rol,id_medico,dni,nombres,apellidos,telefono,correo,cargo,estado_registro,usuario_registro,fecha_registro) VALUES (17,'elena.vargas','$2a$12$lluhfqKEhpzXxiDcd6aR8.nd945oJnjqrU.5UL0y4Dr7xlvN9IgOi','DOCTOR',10,'43000010','Elena','Vargas Pinedo','999111010','elena.vargas@novasalud.pe','Médico especialista - Neurología','ACTIVO','system',NOW());
INSERT INTO usuario (id_usuario,username,password,rol,id_medico,dni,nombres,apellidos,telefono,correo,cargo,estado_registro,usuario_registro,fecha_registro) VALUES (18,'patricia.reategui','$2a$12$lluhfqKEhpzXxiDcd6aR8.nd945oJnjqrU.5UL0y4Dr7xlvN9IgOi','DOCTOR',11,'43000011','Patricia','Reátegui Flores','999111011','patricia.reategui@novasalud.pe','Médico especialista - Pediatría','ACTIVO','system',NOW());
INSERT INTO usuario (id_usuario,username,password,rol,id_medico,dni,nombres,apellidos,telefono,correo,cargo,estado_registro,usuario_registro,fecha_registro) VALUES (19,'hector.ramirez','$2a$12$lluhfqKEhpzXxiDcd6aR8.nd945oJnjqrU.5UL0y4Dr7xlvN9IgOi','DOCTOR',12,'43000012','Héctor','Ramírez Luna','999111012','hector.ramirez@novasalud.pe','Médico especialista - Traumatología','ACTIVO','system',NOW());

-- Tarifas vigentes por especialidad
INSERT INTO tarifa_consulta (id_tarifa,id_especialidad,nombre_tarifa,monto,moneda,vigencia_desde,vigencia_hasta,estado_registro,usuario_registro,fecha_registro) VALUES (1,1,'Consulta Medicina General',60.00,'PEN','2026-01-01',NULL,'ACTIVO','system',NOW());
INSERT INTO tarifa_consulta (id_tarifa,id_especialidad,nombre_tarifa,monto,moneda,vigencia_desde,vigencia_hasta,estado_registro,usuario_registro,fecha_registro) VALUES (2,2,'Consulta Pediatría',80.00,'PEN','2026-01-01',NULL,'ACTIVO','system',NOW());
INSERT INTO tarifa_consulta (id_tarifa,id_especialidad,nombre_tarifa,monto,moneda,vigencia_desde,vigencia_hasta,estado_registro,usuario_registro,fecha_registro) VALUES (3,3,'Consulta Cardiología',120.00,'PEN','2026-01-01',NULL,'ACTIVO','system',NOW());
INSERT INTO tarifa_consulta (id_tarifa,id_especialidad,nombre_tarifa,monto,moneda,vigencia_desde,vigencia_hasta,estado_registro,usuario_registro,fecha_registro) VALUES (4,4,'Consulta Dermatología',100.00,'PEN','2026-01-01',NULL,'ACTIVO','system',NOW());
INSERT INTO tarifa_consulta (id_tarifa,id_especialidad,nombre_tarifa,monto,moneda,vigencia_desde,vigencia_hasta,estado_registro,usuario_registro,fecha_registro) VALUES (5,5,'Consulta Ginecología',100.00,'PEN','2026-01-01',NULL,'ACTIVO','system',NOW());
INSERT INTO tarifa_consulta (id_tarifa,id_especialidad,nombre_tarifa,monto,moneda,vigencia_desde,vigencia_hasta,estado_registro,usuario_registro,fecha_registro) VALUES (6,6,'Consulta Traumatología',110.00,'PEN','2026-01-01',NULL,'ACTIVO','system',NOW());
INSERT INTO tarifa_consulta (id_tarifa,id_especialidad,nombre_tarifa,monto,moneda,vigencia_desde,vigencia_hasta,estado_registro,usuario_registro,fecha_registro) VALUES (7,7,'Consulta Endocrinología',130.00,'PEN','2026-01-01',NULL,'ACTIVO','system',NOW());
INSERT INTO tarifa_consulta (id_tarifa,id_especialidad,nombre_tarifa,monto,moneda,vigencia_desde,vigencia_hasta,estado_registro,usuario_registro,fecha_registro) VALUES (8,8,'Consulta Neurología',140.00,'PEN','2026-01-01',NULL,'ACTIVO','system',NOW());

-- Pacientes e historias clínicas
INSERT INTO paciente (id_paciente,dni,nombres,apellidos,telefono,correo,direccion,fecha_nacimiento,sexo,contacto_emergencia,telefono_emergencia,historia_clinica_codigo,usuario_registro,fecha_registro,estado_registro) VALUES (1,'70000001','María','Mendoza Castro','988100001','paciente001@example.com','Av. Salud 101, Lima','1971-08-12','F','Contacto 1','977000001','70000001','system',NOW(),'ACTIVO');
INSERT INTO historia_clinica (id_paciente,codigo_historia,antecedentes_generales,alergias,usuario_registro,fecha_registro,estado_registro) VALUES (1,'70000001','Sin antecedentes críticos registrados en admisión.','No refiere alergias conocidas.','system',NOW(),'ACTIVO');
INSERT INTO paciente (id_paciente,dni,nombres,apellidos,telefono,correo,direccion,fecha_nacimiento,sexo,contacto_emergencia,telefono_emergencia,historia_clinica_codigo,usuario_registro,fecha_registro,estado_registro) VALUES (2,'70000002','Carlos','Flores Medina','988100002','paciente002@example.com','Av. Salud 102, Lima','1972-03-23','M','Contacto 2','977000002','70000002','system',NOW(),'ACTIVO');
INSERT INTO historia_clinica (id_paciente,codigo_historia,antecedentes_generales,alergias,usuario_registro,fecha_registro,estado_registro) VALUES (2,'70000002','Sin antecedentes críticos registrados en admisión.','No refiere alergias conocidas.','system',NOW(),'ACTIVO');
INSERT INTO paciente (id_paciente,dni,nombres,apellidos,telefono,correo,direccion,fecha_nacimiento,sexo,contacto_emergencia,telefono_emergencia,historia_clinica_codigo,usuario_registro,fecha_registro,estado_registro) VALUES (3,'70000003','Lucía','Chávez Paredes','988100003','paciente003@example.com','Av. Salud 103, Lima','1973-10-07','F','Contacto 3','977000003','70000003','system',NOW(),'ACTIVO');
INSERT INTO historia_clinica (id_paciente,codigo_historia,antecedentes_generales,alergias,usuario_registro,fecha_registro,estado_registro) VALUES (3,'70000003','Sin antecedentes críticos registrados en admisión.','No refiere alergias conocidas.','system',NOW(),'ACTIVO');
INSERT INTO paciente (id_paciente,dni,nombres,apellidos,telefono,correo,direccion,fecha_nacimiento,sexo,contacto_emergencia,telefono_emergencia,historia_clinica_codigo,usuario_registro,fecha_registro,estado_registro) VALUES (4,'70000004','Jorge','Castillo Luna','988100004','paciente004@example.com','Av. Salud 104, Lima','1974-05-18','M','Contacto 4','977000004','70000004','system',NOW(),'ACTIVO');
INSERT INTO historia_clinica (id_paciente,codigo_historia,antecedentes_generales,alergias,usuario_registro,fecha_registro,estado_registro) VALUES (4,'70000004','Sin antecedentes críticos registrados en admisión.','No refiere alergias conocidas.','system',NOW(),'ACTIVO');
INSERT INTO paciente (id_paciente,dni,nombres,apellidos,telefono,correo,direccion,fecha_nacimiento,sexo,contacto_emergencia,telefono_emergencia,historia_clinica_codigo,usuario_registro,fecha_registro,estado_registro) VALUES (5,'70000005','Rosa','Díaz Cárdenas','988100005','paciente005@example.com','Av. Salud 105, Lima','1975-12-02','F','Contacto 5','977000005','70000005','system',NOW(),'ACTIVO');
INSERT INTO historia_clinica (id_paciente,codigo_historia,antecedentes_generales,alergias,usuario_registro,fecha_registro,estado_registro) VALUES (5,'70000005','Sin antecedentes críticos registrados en admisión.','No refiere alergias conocidas.','system',NOW(),'ACTIVO');
INSERT INTO paciente (id_paciente,dni,nombres,apellidos,telefono,correo,direccion,fecha_nacimiento,sexo,contacto_emergencia,telefono_emergencia,historia_clinica_codigo,usuario_registro,fecha_registro,estado_registro) VALUES (6,'70000006','Miguel','Sánchez Robles','988100006','paciente006@example.com','Av. Salud 106, Lima','1976-07-13','M','Contacto 6','977000006','70000006','system',NOW(),'ACTIVO');
INSERT INTO historia_clinica (id_paciente,codigo_historia,antecedentes_generales,alergias,usuario_registro,fecha_registro,estado_registro) VALUES (6,'70000006','Sin antecedentes críticos registrados en admisión.','No refiere alergias conocidas.','system',NOW(),'ACTIVO');
INSERT INTO paciente (id_paciente,dni,nombres,apellidos,telefono,correo,direccion,fecha_nacimiento,sexo,contacto_emergencia,telefono_emergencia,historia_clinica_codigo,usuario_registro,fecha_registro,estado_registro) VALUES (7,'70000007','Daniela','Lozano Carranza','988100007','paciente007@example.com','Av. Salud 107, Lima','1977-02-24','F','Contacto 7','977000007','70000007','system',NOW(),'ACTIVO');
INSERT INTO historia_clinica (id_paciente,codigo_historia,antecedentes_generales,alergias,usuario_registro,fecha_registro,estado_registro) VALUES (7,'70000007','Sin antecedentes críticos registrados en admisión.','No refiere alergias conocidas.','system',NOW(),'ACTIVO');
INSERT INTO paciente (id_paciente,dni,nombres,apellidos,telefono,correo,direccion,fecha_nacimiento,sexo,contacto_emergencia,telefono_emergencia,historia_clinica_codigo,usuario_registro,fecha_registro,estado_registro) VALUES (8,'70000008','José','Pérez López','988100008','paciente008@example.com','Av. Salud 108, Lima','1978-09-08','M','Contacto 8','977000008','70000008','system',NOW(),'ACTIVO');
INSERT INTO historia_clinica (id_paciente,codigo_historia,antecedentes_generales,alergias,usuario_registro,fecha_registro,estado_registro) VALUES (8,'70000008','Sin antecedentes críticos registrados en admisión.','No refiere alergias conocidas.','system',NOW(),'ACTIVO');
INSERT INTO paciente (id_paciente,dni,nombres,apellidos,telefono,correo,direccion,fecha_nacimiento,sexo,contacto_emergencia,telefono_emergencia,historia_clinica_codigo,usuario_registro,fecha_registro,estado_registro) VALUES (9,'70000009','Fernanda','Mendoza Castro','988100009','paciente009@example.com','Av. Salud 109, Lima','1979-04-19','F','Contacto 9','977000009','70000009','system',NOW(),'ACTIVO');
INSERT INTO historia_clinica (id_paciente,codigo_historia,antecedentes_generales,alergias,usuario_registro,fecha_registro,estado_registro) VALUES (9,'70000009','Sin antecedentes críticos registrados en admisión.','No refiere alergias conocidas.','system',NOW(),'ACTIVO');
INSERT INTO paciente (id_paciente,dni,nombres,apellidos,telefono,correo,direccion,fecha_nacimiento,sexo,contacto_emergencia,telefono_emergencia,historia_clinica_codigo,usuario_registro,fecha_registro,estado_registro) VALUES (10,'70000010','Alberto','Flores Medina','988100010','paciente010@example.com','Av. Salud 110, Lima','1980-11-03','M','Contacto 10','977000010','70000010','system',NOW(),'ACTIVO');
INSERT INTO historia_clinica (id_paciente,codigo_historia,antecedentes_generales,alergias,usuario_registro,fecha_registro,estado_registro) VALUES (10,'70000010','Sin antecedentes críticos registrados en admisión.','No refiere alergias conocidas.','system',NOW(),'ACTIVO');
INSERT INTO paciente (id_paciente,dni,nombres,apellidos,telefono,correo,direccion,fecha_nacimiento,sexo,contacto_emergencia,telefono_emergencia,historia_clinica_codigo,usuario_registro,fecha_registro,estado_registro) VALUES (11,'70000011','Valentina','Chávez Paredes','988100011','paciente011@example.com','Av. Salud 111, Lima','1981-06-14','F','Contacto 11','977000011','70000011','system',NOW(),'ACTIVO');
INSERT INTO historia_clinica (id_paciente,codigo_historia,antecedentes_generales,alergias,usuario_registro,fecha_registro,estado_registro) VALUES (11,'70000011','Sin antecedentes críticos registrados en admisión.','No refiere alergias conocidas.','system',NOW(),'ACTIVO');
INSERT INTO paciente (id_paciente,dni,nombres,apellidos,telefono,correo,direccion,fecha_nacimiento,sexo,contacto_emergencia,telefono_emergencia,historia_clinica_codigo,usuario_registro,fecha_registro,estado_registro) VALUES (12,'70000012','Ricardo','Castillo Luna','988100012','paciente012@example.com','Av. Salud 112, Lima','1982-01-25','M','Contacto 12','977000012','70000012','system',NOW(),'ACTIVO');
INSERT INTO historia_clinica (id_paciente,codigo_historia,antecedentes_generales,alergias,usuario_registro,fecha_registro,estado_registro) VALUES (12,'70000012','Sin antecedentes críticos registrados en admisión.','No refiere alergias conocidas.','system',NOW(),'ACTIVO');
INSERT INTO paciente (id_paciente,dni,nombres,apellidos,telefono,correo,direccion,fecha_nacimiento,sexo,contacto_emergencia,telefono_emergencia,historia_clinica_codigo,usuario_registro,fecha_registro,estado_registro) VALUES (13,'70000013','Claudia','Díaz Cárdenas','988100013','paciente013@example.com','Av. Salud 113, Lima','1983-08-09','F','Contacto 13','977000013','70000013','system',NOW(),'ACTIVO');
INSERT INTO historia_clinica (id_paciente,codigo_historia,antecedentes_generales,alergias,usuario_registro,fecha_registro,estado_registro) VALUES (13,'70000013','Sin antecedentes críticos registrados en admisión.','No refiere alergias conocidas.','system',NOW(),'ACTIVO');
INSERT INTO paciente (id_paciente,dni,nombres,apellidos,telefono,correo,direccion,fecha_nacimiento,sexo,contacto_emergencia,telefono_emergencia,historia_clinica_codigo,usuario_registro,fecha_registro,estado_registro) VALUES (14,'70000014','Andrés','Sánchez Robles','988100014','paciente014@example.com','Av. Salud 114, Lima','1984-03-20','M','Contacto 14','977000014','70000014','system',NOW(),'ACTIVO');
INSERT INTO historia_clinica (id_paciente,codigo_historia,antecedentes_generales,alergias,usuario_registro,fecha_registro,estado_registro) VALUES (14,'70000014','Sin antecedentes críticos registrados en admisión.','No refiere alergias conocidas.','system',NOW(),'ACTIVO');
INSERT INTO paciente (id_paciente,dni,nombres,apellidos,telefono,correo,direccion,fecha_nacimiento,sexo,contacto_emergencia,telefono_emergencia,historia_clinica_codigo,usuario_registro,fecha_registro,estado_registro) VALUES (15,'70000015','Samantha','Lozano Carranza','988100015','paciente015@example.com','Av. Salud 115, Lima','1985-10-04','F','Contacto 15','977000015','70000015','system',NOW(),'ACTIVO');
INSERT INTO historia_clinica (id_paciente,codigo_historia,antecedentes_generales,alergias,usuario_registro,fecha_registro,estado_registro) VALUES (15,'70000015','Sin antecedentes críticos registrados en admisión.','No refiere alergias conocidas.','system',NOW(),'ACTIVO');
INSERT INTO paciente (id_paciente,dni,nombres,apellidos,telefono,correo,direccion,fecha_nacimiento,sexo,contacto_emergencia,telefono_emergencia,historia_clinica_codigo,usuario_registro,fecha_registro,estado_registro) VALUES (16,'70000016','Eduardo','Pérez López','988100016','paciente016@example.com','Av. Salud 116, Lima','1986-05-15','M','Contacto 16','977000016','70000016','system',NOW(),'ACTIVO');
INSERT INTO historia_clinica (id_paciente,codigo_historia,antecedentes_generales,alergias,usuario_registro,fecha_registro,estado_registro) VALUES (16,'70000016','Sin antecedentes críticos registrados en admisión.','No refiere alergias conocidas.','system',NOW(),'ACTIVO');
INSERT INTO paciente (id_paciente,dni,nombres,apellidos,telefono,correo,direccion,fecha_nacimiento,sexo,contacto_emergencia,telefono_emergencia,historia_clinica_codigo,usuario_registro,fecha_registro,estado_registro) VALUES (17,'70000017','Paola','Mendoza Castro','988100017','paciente017@example.com','Av. Salud 117, Lima','1987-12-26','F','Contacto 17','977000017','70000017','system',NOW(),'ACTIVO');
INSERT INTO historia_clinica (id_paciente,codigo_historia,antecedentes_generales,alergias,usuario_registro,fecha_registro,estado_registro) VALUES (17,'70000017','Sin antecedentes críticos registrados en admisión.','No refiere alergias conocidas.','system',NOW(),'ACTIVO');
INSERT INTO paciente (id_paciente,dni,nombres,apellidos,telefono,correo,direccion,fecha_nacimiento,sexo,contacto_emergencia,telefono_emergencia,historia_clinica_codigo,usuario_registro,fecha_registro,estado_registro) VALUES (18,'70000018','Gustavo','Flores Medina','988100018','paciente018@example.com','Av. Salud 118, Lima','1988-07-10','M','Contacto 18','977000018','70000018','system',NOW(),'ACTIVO');
INSERT INTO historia_clinica (id_paciente,codigo_historia,antecedentes_generales,alergias,usuario_registro,fecha_registro,estado_registro) VALUES (18,'70000018','Sin antecedentes críticos registrados en admisión.','No refiere alergias conocidas.','system',NOW(),'ACTIVO');
INSERT INTO paciente (id_paciente,dni,nombres,apellidos,telefono,correo,direccion,fecha_nacimiento,sexo,contacto_emergencia,telefono_emergencia,historia_clinica_codigo,usuario_registro,fecha_registro,estado_registro) VALUES (19,'70000019','Milagros','Chávez Paredes','988100019','paciente019@example.com','Av. Salud 119, Lima','1989-02-21','F','Contacto 19','977000019','70000019','system',NOW(),'ACTIVO');
INSERT INTO historia_clinica (id_paciente,codigo_historia,antecedentes_generales,alergias,usuario_registro,fecha_registro,estado_registro) VALUES (19,'70000019','Sin antecedentes críticos registrados en admisión.','No refiere alergias conocidas.','system',NOW(),'ACTIVO');
INSERT INTO paciente (id_paciente,dni,nombres,apellidos,telefono,correo,direccion,fecha_nacimiento,sexo,contacto_emergencia,telefono_emergencia,historia_clinica_codigo,usuario_registro,fecha_registro,estado_registro) VALUES (20,'70000020','Renato','Castillo Luna','988100020','paciente020@example.com','Av. Salud 120, Lima','1990-09-05','M','Contacto 20','977000020','70000020','system',NOW(),'ACTIVO');
INSERT INTO historia_clinica (id_paciente,codigo_historia,antecedentes_generales,alergias,usuario_registro,fecha_registro,estado_registro) VALUES (20,'70000020','Sin antecedentes críticos registrados en admisión.','No refiere alergias conocidas.','system',NOW(),'ACTIVO');
INSERT INTO paciente (id_paciente,dni,nombres,apellidos,telefono,correo,direccion,fecha_nacimiento,sexo,contacto_emergencia,telefono_emergencia,historia_clinica_codigo,usuario_registro,fecha_registro,estado_registro) VALUES (21,'70000021','Gabriela','Díaz Cárdenas','988100021','paciente021@example.com','Av. Salud 121, Lima','1991-04-16','F','Contacto 21','977000021','70000021','system',NOW(),'ACTIVO');
INSERT INTO historia_clinica (id_paciente,codigo_historia,antecedentes_generales,alergias,usuario_registro,fecha_registro,estado_registro) VALUES (21,'70000021','Sin antecedentes críticos registrados en admisión.','No refiere alergias conocidas.','system',NOW(),'ACTIVO');
INSERT INTO paciente (id_paciente,dni,nombres,apellidos,telefono,correo,direccion,fecha_nacimiento,sexo,contacto_emergencia,telefono_emergencia,historia_clinica_codigo,usuario_registro,fecha_registro,estado_registro) VALUES (22,'70000022','Sergio','Sánchez Robles','988100022','paciente022@example.com','Av. Salud 122, Lima','1992-11-27','M','Contacto 22','977000022','70000022','system',NOW(),'ACTIVO');
INSERT INTO historia_clinica (id_paciente,codigo_historia,antecedentes_generales,alergias,usuario_registro,fecha_registro,estado_registro) VALUES (22,'70000022','Sin antecedentes críticos registrados en admisión.','No refiere alergias conocidas.','system',NOW(),'ACTIVO');
INSERT INTO paciente (id_paciente,dni,nombres,apellidos,telefono,correo,direccion,fecha_nacimiento,sexo,contacto_emergencia,telefono_emergencia,historia_clinica_codigo,usuario_registro,fecha_registro,estado_registro) VALUES (23,'70000023','Carmen','Lozano Carranza','988100023','paciente023@example.com','Av. Salud 123, Lima','1993-06-11','F','Contacto 23','977000023','70000023','system',NOW(),'ACTIVO');
INSERT INTO historia_clinica (id_paciente,codigo_historia,antecedentes_generales,alergias,usuario_registro,fecha_registro,estado_registro) VALUES (23,'70000023','Sin antecedentes críticos registrados en admisión.','No refiere alergias conocidas.','system',NOW(),'ACTIVO');
INSERT INTO paciente (id_paciente,dni,nombres,apellidos,telefono,correo,direccion,fecha_nacimiento,sexo,contacto_emergencia,telefono_emergencia,historia_clinica_codigo,usuario_registro,fecha_registro,estado_registro) VALUES (24,'70000024','Fernando','Pérez López','988100024','paciente024@example.com','Av. Salud 124, Lima','1994-01-22','M','Contacto 24','977000024','70000024','system',NOW(),'ACTIVO');
INSERT INTO historia_clinica (id_paciente,codigo_historia,antecedentes_generales,alergias,usuario_registro,fecha_registro,estado_registro) VALUES (24,'70000024','Sin antecedentes críticos registrados en admisión.','No refiere alergias conocidas.','system',NOW(),'ACTIVO');
INSERT INTO paciente (id_paciente,dni,nombres,apellidos,telefono,correo,direccion,fecha_nacimiento,sexo,contacto_emergencia,telefono_emergencia,historia_clinica_codigo,usuario_registro,fecha_registro,estado_registro) VALUES (25,'70000025','Lorena','Mendoza Castro','988100025','paciente025@example.com','Av. Salud 125, Lima','1995-08-06','F','Contacto 25','977000025','70000025','system',NOW(),'ACTIVO');
INSERT INTO historia_clinica (id_paciente,codigo_historia,antecedentes_generales,alergias,usuario_registro,fecha_registro,estado_registro) VALUES (25,'70000025','Sin antecedentes críticos registrados en admisión.','No refiere alergias conocidas.','system',NOW(),'ACTIVO');
INSERT INTO paciente (id_paciente,dni,nombres,apellidos,telefono,correo,direccion,fecha_nacimiento,sexo,contacto_emergencia,telefono_emergencia,historia_clinica_codigo,usuario_registro,fecha_registro,estado_registro) VALUES (26,'70000026','Alejandro','Flores Medina','988100026','paciente026@example.com','Av. Salud 126, Lima','1996-03-17','M','Contacto 26','977000026','70000026','system',NOW(),'ACTIVO');
INSERT INTO historia_clinica (id_paciente,codigo_historia,antecedentes_generales,alergias,usuario_registro,fecha_registro,estado_registro) VALUES (26,'70000026','Sin antecedentes críticos registrados en admisión.','No refiere alergias conocidas.','system',NOW(),'ACTIVO');
INSERT INTO paciente (id_paciente,dni,nombres,apellidos,telefono,correo,direccion,fecha_nacimiento,sexo,contacto_emergencia,telefono_emergencia,historia_clinica_codigo,usuario_registro,fecha_registro,estado_registro) VALUES (27,'70000027','Diana','Chávez Paredes','988100027','paciente027@example.com','Av. Salud 127, Lima','1997-10-01','F','Contacto 27','977000027','70000027','system',NOW(),'ACTIVO');
INSERT INTO historia_clinica (id_paciente,codigo_historia,antecedentes_generales,alergias,usuario_registro,fecha_registro,estado_registro) VALUES (27,'70000027','Sin antecedentes críticos registrados en admisión.','No refiere alergias conocidas.','system',NOW(),'ACTIVO');
INSERT INTO paciente (id_paciente,dni,nombres,apellidos,telefono,correo,direccion,fecha_nacimiento,sexo,contacto_emergencia,telefono_emergencia,historia_clinica_codigo,usuario_registro,fecha_registro,estado_registro) VALUES (28,'70000028','Hugo','Castillo Luna','988100028','paciente028@example.com','Av. Salud 128, Lima','1998-05-12','M','Contacto 28','977000028','70000028','system',NOW(),'ACTIVO');
INSERT INTO historia_clinica (id_paciente,codigo_historia,antecedentes_generales,alergias,usuario_registro,fecha_registro,estado_registro) VALUES (28,'70000028','Sin antecedentes críticos registrados en admisión.','No refiere alergias conocidas.','system',NOW(),'ACTIVO');
INSERT INTO paciente (id_paciente,dni,nombres,apellidos,telefono,correo,direccion,fecha_nacimiento,sexo,contacto_emergencia,telefono_emergencia,historia_clinica_codigo,usuario_registro,fecha_registro,estado_registro) VALUES (29,'70000029','Natalia','Díaz Cárdenas','988100029','paciente029@example.com','Av. Salud 129, Lima','1999-12-23','F','Contacto 29','977000029','70000029','system',NOW(),'ACTIVO');
INSERT INTO historia_clinica (id_paciente,codigo_historia,antecedentes_generales,alergias,usuario_registro,fecha_registro,estado_registro) VALUES (29,'70000029','Sin antecedentes críticos registrados en admisión.','No refiere alergias conocidas.','system',NOW(),'ACTIVO');
INSERT INTO paciente (id_paciente,dni,nombres,apellidos,telefono,correo,direccion,fecha_nacimiento,sexo,contacto_emergencia,telefono_emergencia,historia_clinica_codigo,usuario_registro,fecha_registro,estado_registro) VALUES (30,'70000030','Martín','Sánchez Robles','988100030','paciente030@example.com','Av. Salud 130, Lima','2000-07-07','M','Contacto 30','977000030','70000030','system',NOW(),'ACTIVO');
INSERT INTO historia_clinica (id_paciente,codigo_historia,antecedentes_generales,alergias,usuario_registro,fecha_registro,estado_registro) VALUES (30,'70000030','Sin antecedentes críticos registrados en admisión.','No refiere alergias conocidas.','system',NOW(),'ACTIVO');
INSERT INTO paciente (id_paciente,dni,nombres,apellidos,telefono,correo,direccion,fecha_nacimiento,sexo,contacto_emergencia,telefono_emergencia,historia_clinica_codigo,usuario_registro,fecha_registro,estado_registro) VALUES (31,'70000031','Andrea','Lozano Carranza','988100031','paciente031@example.com','Av. Salud 131, Lima','2001-02-18','F','Contacto 31','977000031','70000031','system',NOW(),'ACTIVO');
INSERT INTO historia_clinica (id_paciente,codigo_historia,antecedentes_generales,alergias,usuario_registro,fecha_registro,estado_registro) VALUES (31,'70000031','Sin antecedentes críticos registrados en admisión.','No refiere alergias conocidas.','system',NOW(),'ACTIVO');
INSERT INTO paciente (id_paciente,dni,nombres,apellidos,telefono,correo,direccion,fecha_nacimiento,sexo,contacto_emergencia,telefono_emergencia,historia_clinica_codigo,usuario_registro,fecha_registro,estado_registro) VALUES (32,'70000032','Piero','Pérez López','988100032','paciente032@example.com','Av. Salud 132, Lima','2002-09-02','M','Contacto 32','977000032','70000032','system',NOW(),'ACTIVO');
INSERT INTO historia_clinica (id_paciente,codigo_historia,antecedentes_generales,alergias,usuario_registro,fecha_registro,estado_registro) VALUES (32,'70000032','Sin antecedentes críticos registrados en admisión.','No refiere alergias conocidas.','system',NOW(),'ACTIVO');
INSERT INTO paciente (id_paciente,dni,nombres,apellidos,telefono,correo,direccion,fecha_nacimiento,sexo,contacto_emergencia,telefono_emergencia,historia_clinica_codigo,usuario_registro,fecha_registro,estado_registro) VALUES (33,'70000033','Karla','Mendoza Castro','988100033','paciente033@example.com','Av. Salud 133, Lima','2003-04-13','F','Contacto 33','977000033','70000033','system',NOW(),'ACTIVO');
INSERT INTO historia_clinica (id_paciente,codigo_historia,antecedentes_generales,alergias,usuario_registro,fecha_registro,estado_registro) VALUES (33,'70000033','Sin antecedentes críticos registrados en admisión.','No refiere alergias conocidas.','system',NOW(),'ACTIVO');
INSERT INTO paciente (id_paciente,dni,nombres,apellidos,telefono,correo,direccion,fecha_nacimiento,sexo,contacto_emergencia,telefono_emergencia,historia_clinica_codigo,usuario_registro,fecha_registro,estado_registro) VALUES (34,'70000034','Sebastián','Flores Medina','988100034','paciente034@example.com','Av. Salud 134, Lima','2004-11-24','M','Contacto 34','977000034','70000034','system',NOW(),'ACTIVO');
INSERT INTO historia_clinica (id_paciente,codigo_historia,antecedentes_generales,alergias,usuario_registro,fecha_registro,estado_registro) VALUES (34,'70000034','Sin antecedentes críticos registrados en admisión.','No refiere alergias conocidas.','system',NOW(),'ACTIVO');
INSERT INTO paciente (id_paciente,dni,nombres,apellidos,telefono,correo,direccion,fecha_nacimiento,sexo,contacto_emergencia,telefono_emergencia,historia_clinica_codigo,usuario_registro,fecha_registro,estado_registro) VALUES (35,'70000035','Fabiola','Chávez Paredes','988100035','paciente035@example.com','Av. Salud 135, Lima','1970-06-08','F','Contacto 35','977000035','70000035','system',NOW(),'ACTIVO');
INSERT INTO historia_clinica (id_paciente,codigo_historia,antecedentes_generales,alergias,usuario_registro,fecha_registro,estado_registro) VALUES (35,'70000035','Sin antecedentes críticos registrados en admisión.','No refiere alergias conocidas.','system',NOW(),'ACTIVO');
INSERT INTO paciente (id_paciente,dni,nombres,apellidos,telefono,correo,direccion,fecha_nacimiento,sexo,contacto_emergencia,telefono_emergencia,historia_clinica_codigo,usuario_registro,fecha_registro,estado_registro) VALUES (36,'70000036','Cristian','Castillo Luna','988100036','paciente036@example.com','Av. Salud 136, Lima','1971-01-19','M','Contacto 36','977000036','70000036','system',NOW(),'ACTIVO');
INSERT INTO historia_clinica (id_paciente,codigo_historia,antecedentes_generales,alergias,usuario_registro,fecha_registro,estado_registro) VALUES (36,'70000036','Sin antecedentes críticos registrados en admisión.','No refiere alergias conocidas.','system',NOW(),'ACTIVO');
INSERT INTO paciente (id_paciente,dni,nombres,apellidos,telefono,correo,direccion,fecha_nacimiento,sexo,contacto_emergencia,telefono_emergencia,historia_clinica_codigo,usuario_registro,fecha_registro,estado_registro) VALUES (37,'70000037','Mónica','Díaz Cárdenas','988100037','paciente037@example.com','Av. Salud 137, Lima','1972-08-03','F','Contacto 37','977000037','70000037','system',NOW(),'ACTIVO');
INSERT INTO historia_clinica (id_paciente,codigo_historia,antecedentes_generales,alergias,usuario_registro,fecha_registro,estado_registro) VALUES (37,'70000037','Sin antecedentes críticos registrados en admisión.','No refiere alergias conocidas.','system',NOW(),'ACTIVO');
INSERT INTO paciente (id_paciente,dni,nombres,apellidos,telefono,correo,direccion,fecha_nacimiento,sexo,contacto_emergencia,telefono_emergencia,historia_clinica_codigo,usuario_registro,fecha_registro,estado_registro) VALUES (38,'70000038','Iván','Sánchez Robles','988100038','paciente038@example.com','Av. Salud 138, Lima','1973-03-14','M','Contacto 38','977000038','70000038','system',NOW(),'ACTIVO');
INSERT INTO historia_clinica (id_paciente,codigo_historia,antecedentes_generales,alergias,usuario_registro,fecha_registro,estado_registro) VALUES (38,'70000038','Sin antecedentes críticos registrados en admisión.','No refiere alergias conocidas.','system',NOW(),'ACTIVO');
INSERT INTO paciente (id_paciente,dni,nombres,apellidos,telefono,correo,direccion,fecha_nacimiento,sexo,contacto_emergencia,telefono_emergencia,historia_clinica_codigo,usuario_registro,fecha_registro,estado_registro) VALUES (39,'70000039','Silvia','Lozano Carranza','988100039','paciente039@example.com','Av. Salud 139, Lima','1974-10-25','F','Contacto 39','977000039','70000039','system',NOW(),'ACTIVO');
INSERT INTO historia_clinica (id_paciente,codigo_historia,antecedentes_generales,alergias,usuario_registro,fecha_registro,estado_registro) VALUES (39,'70000039','Sin antecedentes críticos registrados en admisión.','No refiere alergias conocidas.','system',NOW(),'ACTIVO');
INSERT INTO paciente (id_paciente,dni,nombres,apellidos,telefono,correo,direccion,fecha_nacimiento,sexo,contacto_emergencia,telefono_emergencia,historia_clinica_codigo,usuario_registro,fecha_registro,estado_registro) VALUES (40,'70000040','Rodrigo','Pérez López','988100040','paciente040@example.com','Av. Salud 140, Lima','1975-05-09','M','Contacto 40','977000040','70000040','system',NOW(),'ACTIVO');
INSERT INTO historia_clinica (id_paciente,codigo_historia,antecedentes_generales,alergias,usuario_registro,fecha_registro,estado_registro) VALUES (40,'70000040','Sin antecedentes críticos registrados en admisión.','No refiere alergias conocidas.','system',NOW(),'ACTIVO');
INSERT INTO paciente (id_paciente,dni,nombres,apellidos,telefono,correo,direccion,fecha_nacimiento,sexo,contacto_emergencia,telefono_emergencia,historia_clinica_codigo,usuario_registro,fecha_registro,estado_registro) VALUES (41,'70000041','María','Mendoza Castro','988100041','paciente041@example.com','Av. Salud 141, Lima','1976-12-20','F','Contacto 41','977000041','70000041','system',NOW(),'ACTIVO');
INSERT INTO historia_clinica (id_paciente,codigo_historia,antecedentes_generales,alergias,usuario_registro,fecha_registro,estado_registro) VALUES (41,'70000041','Sin antecedentes críticos registrados en admisión.','No refiere alergias conocidas.','system',NOW(),'ACTIVO');
INSERT INTO paciente (id_paciente,dni,nombres,apellidos,telefono,correo,direccion,fecha_nacimiento,sexo,contacto_emergencia,telefono_emergencia,historia_clinica_codigo,usuario_registro,fecha_registro,estado_registro) VALUES (42,'70000042','Carlos','Flores Medina','988100042','paciente042@example.com','Av. Salud 142, Lima','1977-07-04','M','Contacto 42','977000042','70000042','system',NOW(),'ACTIVO');
INSERT INTO historia_clinica (id_paciente,codigo_historia,antecedentes_generales,alergias,usuario_registro,fecha_registro,estado_registro) VALUES (42,'70000042','Sin antecedentes críticos registrados en admisión.','No refiere alergias conocidas.','system',NOW(),'ACTIVO');
INSERT INTO paciente (id_paciente,dni,nombres,apellidos,telefono,correo,direccion,fecha_nacimiento,sexo,contacto_emergencia,telefono_emergencia,historia_clinica_codigo,usuario_registro,fecha_registro,estado_registro) VALUES (43,'70000043','Lucía','Chávez Paredes','988100043','paciente043@example.com','Av. Salud 143, Lima','1978-02-15','F','Contacto 43','977000043','70000043','system',NOW(),'ACTIVO');
INSERT INTO historia_clinica (id_paciente,codigo_historia,antecedentes_generales,alergias,usuario_registro,fecha_registro,estado_registro) VALUES (43,'70000043','Sin antecedentes críticos registrados en admisión.','No refiere alergias conocidas.','system',NOW(),'ACTIVO');
INSERT INTO paciente (id_paciente,dni,nombres,apellidos,telefono,correo,direccion,fecha_nacimiento,sexo,contacto_emergencia,telefono_emergencia,historia_clinica_codigo,usuario_registro,fecha_registro,estado_registro) VALUES (44,'70000044','Jorge','Castillo Luna','988100044','paciente044@example.com','Av. Salud 144, Lima','1979-09-26','M','Contacto 44','977000044','70000044','system',NOW(),'ACTIVO');
INSERT INTO historia_clinica (id_paciente,codigo_historia,antecedentes_generales,alergias,usuario_registro,fecha_registro,estado_registro) VALUES (44,'70000044','Sin antecedentes críticos registrados en admisión.','No refiere alergias conocidas.','system',NOW(),'ACTIVO');
INSERT INTO paciente (id_paciente,dni,nombres,apellidos,telefono,correo,direccion,fecha_nacimiento,sexo,contacto_emergencia,telefono_emergencia,historia_clinica_codigo,usuario_registro,fecha_registro,estado_registro) VALUES (45,'70000045','Rosa','Díaz Cárdenas','988100045','paciente045@example.com','Av. Salud 145, Lima','1980-04-10','F','Contacto 45','977000045','70000045','system',NOW(),'ACTIVO');
INSERT INTO historia_clinica (id_paciente,codigo_historia,antecedentes_generales,alergias,usuario_registro,fecha_registro,estado_registro) VALUES (45,'70000045','Sin antecedentes críticos registrados en admisión.','No refiere alergias conocidas.','system',NOW(),'ACTIVO');
INSERT INTO paciente (id_paciente,dni,nombres,apellidos,telefono,correo,direccion,fecha_nacimiento,sexo,contacto_emergencia,telefono_emergencia,historia_clinica_codigo,usuario_registro,fecha_registro,estado_registro) VALUES (46,'70000046','Miguel','Sánchez Robles','988100046','paciente046@example.com','Av. Salud 146, Lima','1981-11-21','M','Contacto 46','977000046','70000046','system',NOW(),'ACTIVO');
INSERT INTO historia_clinica (id_paciente,codigo_historia,antecedentes_generales,alergias,usuario_registro,fecha_registro,estado_registro) VALUES (46,'70000046','Sin antecedentes críticos registrados en admisión.','No refiere alergias conocidas.','system',NOW(),'ACTIVO');
INSERT INTO paciente (id_paciente,dni,nombres,apellidos,telefono,correo,direccion,fecha_nacimiento,sexo,contacto_emergencia,telefono_emergencia,historia_clinica_codigo,usuario_registro,fecha_registro,estado_registro) VALUES (47,'70000047','Daniela','Lozano Carranza','988100047','paciente047@example.com','Av. Salud 147, Lima','1982-06-05','F','Contacto 47','977000047','70000047','system',NOW(),'ACTIVO');
INSERT INTO historia_clinica (id_paciente,codigo_historia,antecedentes_generales,alergias,usuario_registro,fecha_registro,estado_registro) VALUES (47,'70000047','Sin antecedentes críticos registrados en admisión.','No refiere alergias conocidas.','system',NOW(),'ACTIVO');
INSERT INTO paciente (id_paciente,dni,nombres,apellidos,telefono,correo,direccion,fecha_nacimiento,sexo,contacto_emergencia,telefono_emergencia,historia_clinica_codigo,usuario_registro,fecha_registro,estado_registro) VALUES (48,'70000048','José','Pérez López','988100048','paciente048@example.com','Av. Salud 148, Lima','1983-01-16','M','Contacto 48','977000048','70000048','system',NOW(),'ACTIVO');
INSERT INTO historia_clinica (id_paciente,codigo_historia,antecedentes_generales,alergias,usuario_registro,fecha_registro,estado_registro) VALUES (48,'70000048','Sin antecedentes críticos registrados en admisión.','No refiere alergias conocidas.','system',NOW(),'ACTIVO');
INSERT INTO paciente (id_paciente,dni,nombres,apellidos,telefono,correo,direccion,fecha_nacimiento,sexo,contacto_emergencia,telefono_emergencia,historia_clinica_codigo,usuario_registro,fecha_registro,estado_registro) VALUES (49,'70000049','Fernanda','Mendoza Castro','988100049','paciente049@example.com','Av. Salud 149, Lima','1984-08-27','F','Contacto 49','977000049','70000049','system',NOW(),'ACTIVO');
INSERT INTO historia_clinica (id_paciente,codigo_historia,antecedentes_generales,alergias,usuario_registro,fecha_registro,estado_registro) VALUES (49,'70000049','Sin antecedentes críticos registrados en admisión.','No refiere alergias conocidas.','system',NOW(),'ACTIVO');
INSERT INTO paciente (id_paciente,dni,nombres,apellidos,telefono,correo,direccion,fecha_nacimiento,sexo,contacto_emergencia,telefono_emergencia,historia_clinica_codigo,usuario_registro,fecha_registro,estado_registro) VALUES (50,'70000050','Alberto','Flores Medina','988100050','paciente050@example.com','Av. Salud 150, Lima','1985-03-11','M','Contacto 50','977000050','70000050','system',NOW(),'ACTIVO');
INSERT INTO historia_clinica (id_paciente,codigo_historia,antecedentes_generales,alergias,usuario_registro,fecha_registro,estado_registro) VALUES (50,'70000050','Sin antecedentes críticos registrados en admisión.','No refiere alergias conocidas.','system',NOW(),'ACTIVO');
INSERT INTO paciente (id_paciente,dni,nombres,apellidos,telefono,correo,direccion,fecha_nacimiento,sexo,contacto_emergencia,telefono_emergencia,historia_clinica_codigo,usuario_registro,fecha_registro,estado_registro) VALUES (51,'70000051','Valentina','Chávez Paredes','988100051','paciente051@example.com','Av. Salud 151, Lima','1986-10-22','F','Contacto 51','977000051','70000051','system',NOW(),'ACTIVO');
INSERT INTO historia_clinica (id_paciente,codigo_historia,antecedentes_generales,alergias,usuario_registro,fecha_registro,estado_registro) VALUES (51,'70000051','Sin antecedentes críticos registrados en admisión.','No refiere alergias conocidas.','system',NOW(),'ACTIVO');
INSERT INTO paciente (id_paciente,dni,nombres,apellidos,telefono,correo,direccion,fecha_nacimiento,sexo,contacto_emergencia,telefono_emergencia,historia_clinica_codigo,usuario_registro,fecha_registro,estado_registro) VALUES (52,'70000052','Ricardo','Castillo Luna','988100052','paciente052@example.com','Av. Salud 152, Lima','1987-05-06','M','Contacto 52','977000052','70000052','system',NOW(),'ACTIVO');
INSERT INTO historia_clinica (id_paciente,codigo_historia,antecedentes_generales,alergias,usuario_registro,fecha_registro,estado_registro) VALUES (52,'70000052','Sin antecedentes críticos registrados en admisión.','No refiere alergias conocidas.','system',NOW(),'ACTIVO');
INSERT INTO paciente (id_paciente,dni,nombres,apellidos,telefono,correo,direccion,fecha_nacimiento,sexo,contacto_emergencia,telefono_emergencia,historia_clinica_codigo,usuario_registro,fecha_registro,estado_registro) VALUES (53,'70000053','Claudia','Díaz Cárdenas','988100053','paciente053@example.com','Av. Salud 153, Lima','1988-12-17','F','Contacto 53','977000053','70000053','system',NOW(),'ACTIVO');
INSERT INTO historia_clinica (id_paciente,codigo_historia,antecedentes_generales,alergias,usuario_registro,fecha_registro,estado_registro) VALUES (53,'70000053','Sin antecedentes críticos registrados en admisión.','No refiere alergias conocidas.','system',NOW(),'ACTIVO');
INSERT INTO paciente (id_paciente,dni,nombres,apellidos,telefono,correo,direccion,fecha_nacimiento,sexo,contacto_emergencia,telefono_emergencia,historia_clinica_codigo,usuario_registro,fecha_registro,estado_registro) VALUES (54,'70000054','Andrés','Sánchez Robles','988100054','paciente054@example.com','Av. Salud 154, Lima','1989-07-01','M','Contacto 54','977000054','70000054','system',NOW(),'ACTIVO');
INSERT INTO historia_clinica (id_paciente,codigo_historia,antecedentes_generales,alergias,usuario_registro,fecha_registro,estado_registro) VALUES (54,'70000054','Sin antecedentes críticos registrados en admisión.','No refiere alergias conocidas.','system',NOW(),'ACTIVO');
INSERT INTO paciente (id_paciente,dni,nombres,apellidos,telefono,correo,direccion,fecha_nacimiento,sexo,contacto_emergencia,telefono_emergencia,historia_clinica_codigo,usuario_registro,fecha_registro,estado_registro) VALUES (55,'70000055','Samantha','Lozano Carranza','988100055','paciente055@example.com','Av. Salud 155, Lima','1990-02-12','F','Contacto 55','977000055','70000055','system',NOW(),'ACTIVO');
INSERT INTO historia_clinica (id_paciente,codigo_historia,antecedentes_generales,alergias,usuario_registro,fecha_registro,estado_registro) VALUES (55,'70000055','Sin antecedentes críticos registrados en admisión.','No refiere alergias conocidas.','system',NOW(),'ACTIVO');
INSERT INTO paciente (id_paciente,dni,nombres,apellidos,telefono,correo,direccion,fecha_nacimiento,sexo,contacto_emergencia,telefono_emergencia,historia_clinica_codigo,usuario_registro,fecha_registro,estado_registro) VALUES (56,'70000056','Eduardo','Pérez López','988100056','paciente056@example.com','Av. Salud 156, Lima','1991-09-23','M','Contacto 56','977000056','70000056','system',NOW(),'ACTIVO');
INSERT INTO historia_clinica (id_paciente,codigo_historia,antecedentes_generales,alergias,usuario_registro,fecha_registro,estado_registro) VALUES (56,'70000056','Sin antecedentes críticos registrados en admisión.','No refiere alergias conocidas.','system',NOW(),'ACTIVO');
INSERT INTO paciente (id_paciente,dni,nombres,apellidos,telefono,correo,direccion,fecha_nacimiento,sexo,contacto_emergencia,telefono_emergencia,historia_clinica_codigo,usuario_registro,fecha_registro,estado_registro) VALUES (57,'70000057','Paola','Mendoza Castro','988100057','paciente057@example.com','Av. Salud 157, Lima','1992-04-07','F','Contacto 57','977000057','70000057','system',NOW(),'ACTIVO');
INSERT INTO historia_clinica (id_paciente,codigo_historia,antecedentes_generales,alergias,usuario_registro,fecha_registro,estado_registro) VALUES (57,'70000057','Sin antecedentes críticos registrados en admisión.','No refiere alergias conocidas.','system',NOW(),'ACTIVO');
INSERT INTO paciente (id_paciente,dni,nombres,apellidos,telefono,correo,direccion,fecha_nacimiento,sexo,contacto_emergencia,telefono_emergencia,historia_clinica_codigo,usuario_registro,fecha_registro,estado_registro) VALUES (58,'70000058','Gustavo','Flores Medina','988100058','paciente058@example.com','Av. Salud 158, Lima','1993-11-18','M','Contacto 58','977000058','70000058','system',NOW(),'ACTIVO');
INSERT INTO historia_clinica (id_paciente,codigo_historia,antecedentes_generales,alergias,usuario_registro,fecha_registro,estado_registro) VALUES (58,'70000058','Sin antecedentes críticos registrados en admisión.','No refiere alergias conocidas.','system',NOW(),'ACTIVO');
INSERT INTO paciente (id_paciente,dni,nombres,apellidos,telefono,correo,direccion,fecha_nacimiento,sexo,contacto_emergencia,telefono_emergencia,historia_clinica_codigo,usuario_registro,fecha_registro,estado_registro) VALUES (59,'70000059','Milagros','Chávez Paredes','988100059','paciente059@example.com','Av. Salud 159, Lima','1994-06-02','F','Contacto 59','977000059','70000059','system',NOW(),'ACTIVO');
INSERT INTO historia_clinica (id_paciente,codigo_historia,antecedentes_generales,alergias,usuario_registro,fecha_registro,estado_registro) VALUES (59,'70000059','Sin antecedentes críticos registrados en admisión.','No refiere alergias conocidas.','system',NOW(),'ACTIVO');
INSERT INTO paciente (id_paciente,dni,nombres,apellidos,telefono,correo,direccion,fecha_nacimiento,sexo,contacto_emergencia,telefono_emergencia,historia_clinica_codigo,usuario_registro,fecha_registro,estado_registro) VALUES (60,'70000060','Renato','Castillo Luna','988100060','paciente060@example.com','Av. Salud 160, Lima','1995-01-13','M','Contacto 60','977000060','70000060','system',NOW(),'ACTIVO');
INSERT INTO historia_clinica (id_paciente,codigo_historia,antecedentes_generales,alergias,usuario_registro,fecha_registro,estado_registro) VALUES (60,'70000060','Sin antecedentes críticos registrados en admisión.','No refiere alergias conocidas.','system',NOW(),'ACTIVO');
INSERT INTO paciente (id_paciente,dni,nombres,apellidos,telefono,correo,direccion,fecha_nacimiento,sexo,contacto_emergencia,telefono_emergencia,historia_clinica_codigo,usuario_registro,fecha_registro,estado_registro) VALUES (61,'70000061','Gabriela','Díaz Cárdenas','988100061','paciente061@example.com','Av. Salud 161, Lima','1996-08-24','F','Contacto 61','977000061','70000061','system',NOW(),'ACTIVO');
INSERT INTO historia_clinica (id_paciente,codigo_historia,antecedentes_generales,alergias,usuario_registro,fecha_registro,estado_registro) VALUES (61,'70000061','Sin antecedentes críticos registrados en admisión.','No refiere alergias conocidas.','system',NOW(),'ACTIVO');
INSERT INTO paciente (id_paciente,dni,nombres,apellidos,telefono,correo,direccion,fecha_nacimiento,sexo,contacto_emergencia,telefono_emergencia,historia_clinica_codigo,usuario_registro,fecha_registro,estado_registro) VALUES (62,'70000062','Sergio','Sánchez Robles','988100062','paciente062@example.com','Av. Salud 162, Lima','1997-03-08','M','Contacto 62','977000062','70000062','system',NOW(),'ACTIVO');
INSERT INTO historia_clinica (id_paciente,codigo_historia,antecedentes_generales,alergias,usuario_registro,fecha_registro,estado_registro) VALUES (62,'70000062','Sin antecedentes críticos registrados en admisión.','No refiere alergias conocidas.','system',NOW(),'ACTIVO');
INSERT INTO paciente (id_paciente,dni,nombres,apellidos,telefono,correo,direccion,fecha_nacimiento,sexo,contacto_emergencia,telefono_emergencia,historia_clinica_codigo,usuario_registro,fecha_registro,estado_registro) VALUES (63,'70000063','Carmen','Lozano Carranza','988100063','paciente063@example.com','Av. Salud 163, Lima','1998-10-19','F','Contacto 63','977000063','70000063','system',NOW(),'ACTIVO');
INSERT INTO historia_clinica (id_paciente,codigo_historia,antecedentes_generales,alergias,usuario_registro,fecha_registro,estado_registro) VALUES (63,'70000063','Sin antecedentes críticos registrados en admisión.','No refiere alergias conocidas.','system',NOW(),'ACTIVO');
INSERT INTO paciente (id_paciente,dni,nombres,apellidos,telefono,correo,direccion,fecha_nacimiento,sexo,contacto_emergencia,telefono_emergencia,historia_clinica_codigo,usuario_registro,fecha_registro,estado_registro) VALUES (64,'70000064','Fernando','Pérez López','988100064','paciente064@example.com','Av. Salud 164, Lima','1999-05-03','M','Contacto 64','977000064','70000064','system',NOW(),'ACTIVO');
INSERT INTO historia_clinica (id_paciente,codigo_historia,antecedentes_generales,alergias,usuario_registro,fecha_registro,estado_registro) VALUES (64,'70000064','Sin antecedentes críticos registrados en admisión.','No refiere alergias conocidas.','system',NOW(),'ACTIVO');
INSERT INTO paciente (id_paciente,dni,nombres,apellidos,telefono,correo,direccion,fecha_nacimiento,sexo,contacto_emergencia,telefono_emergencia,historia_clinica_codigo,usuario_registro,fecha_registro,estado_registro) VALUES (65,'70000065','Lorena','Mendoza Castro','988100065','paciente065@example.com','Av. Salud 165, Lima','2000-12-14','F','Contacto 65','977000065','70000065','system',NOW(),'ACTIVO');
INSERT INTO historia_clinica (id_paciente,codigo_historia,antecedentes_generales,alergias,usuario_registro,fecha_registro,estado_registro) VALUES (65,'70000065','Sin antecedentes críticos registrados en admisión.','No refiere alergias conocidas.','system',NOW(),'ACTIVO');
INSERT INTO paciente (id_paciente,dni,nombres,apellidos,telefono,correo,direccion,fecha_nacimiento,sexo,contacto_emergencia,telefono_emergencia,historia_clinica_codigo,usuario_registro,fecha_registro,estado_registro) VALUES (66,'70000066','Alejandro','Flores Medina','988100066','paciente066@example.com','Av. Salud 166, Lima','2001-07-25','M','Contacto 66','977000066','70000066','system',NOW(),'ACTIVO');
INSERT INTO historia_clinica (id_paciente,codigo_historia,antecedentes_generales,alergias,usuario_registro,fecha_registro,estado_registro) VALUES (66,'70000066','Sin antecedentes críticos registrados en admisión.','No refiere alergias conocidas.','system',NOW(),'ACTIVO');
INSERT INTO paciente (id_paciente,dni,nombres,apellidos,telefono,correo,direccion,fecha_nacimiento,sexo,contacto_emergencia,telefono_emergencia,historia_clinica_codigo,usuario_registro,fecha_registro,estado_registro) VALUES (67,'70000067','Diana','Chávez Paredes','988100067','paciente067@example.com','Av. Salud 167, Lima','2002-02-09','F','Contacto 67','977000067','70000067','system',NOW(),'ACTIVO');
INSERT INTO historia_clinica (id_paciente,codigo_historia,antecedentes_generales,alergias,usuario_registro,fecha_registro,estado_registro) VALUES (67,'70000067','Sin antecedentes críticos registrados en admisión.','No refiere alergias conocidas.','system',NOW(),'ACTIVO');
INSERT INTO paciente (id_paciente,dni,nombres,apellidos,telefono,correo,direccion,fecha_nacimiento,sexo,contacto_emergencia,telefono_emergencia,historia_clinica_codigo,usuario_registro,fecha_registro,estado_registro) VALUES (68,'70000068','Hugo','Castillo Luna','988100068','paciente068@example.com','Av. Salud 168, Lima','2003-09-20','M','Contacto 68','977000068','70000068','system',NOW(),'ACTIVO');
INSERT INTO historia_clinica (id_paciente,codigo_historia,antecedentes_generales,alergias,usuario_registro,fecha_registro,estado_registro) VALUES (68,'70000068','Sin antecedentes críticos registrados en admisión.','No refiere alergias conocidas.','system',NOW(),'ACTIVO');
INSERT INTO paciente (id_paciente,dni,nombres,apellidos,telefono,correo,direccion,fecha_nacimiento,sexo,contacto_emergencia,telefono_emergencia,historia_clinica_codigo,usuario_registro,fecha_registro,estado_registro) VALUES (69,'70000069','Natalia','Díaz Cárdenas','988100069','paciente069@example.com','Av. Salud 169, Lima','2004-04-04','F','Contacto 69','977000069','70000069','system',NOW(),'ACTIVO');
INSERT INTO historia_clinica (id_paciente,codigo_historia,antecedentes_generales,alergias,usuario_registro,fecha_registro,estado_registro) VALUES (69,'70000069','Sin antecedentes críticos registrados en admisión.','No refiere alergias conocidas.','system',NOW(),'ACTIVO');
INSERT INTO paciente (id_paciente,dni,nombres,apellidos,telefono,correo,direccion,fecha_nacimiento,sexo,contacto_emergencia,telefono_emergencia,historia_clinica_codigo,usuario_registro,fecha_registro,estado_registro) VALUES (70,'70000070','Martín','Sánchez Robles','988100070','paciente070@example.com','Av. Salud 170, Lima','1970-11-15','M','Contacto 70','977000070','70000070','system',NOW(),'ACTIVO');
INSERT INTO historia_clinica (id_paciente,codigo_historia,antecedentes_generales,alergias,usuario_registro,fecha_registro,estado_registro) VALUES (70,'70000070','Sin antecedentes críticos registrados en admisión.','No refiere alergias conocidas.','system',NOW(),'ACTIVO');
INSERT INTO paciente (id_paciente,dni,nombres,apellidos,telefono,correo,direccion,fecha_nacimiento,sexo,contacto_emergencia,telefono_emergencia,historia_clinica_codigo,usuario_registro,fecha_registro,estado_registro) VALUES (71,'70000071','Andrea','Lozano Carranza','988100071','paciente071@example.com','Av. Salud 171, Lima','1971-06-26','F','Contacto 71','977000071','70000071','system',NOW(),'ACTIVO');
INSERT INTO historia_clinica (id_paciente,codigo_historia,antecedentes_generales,alergias,usuario_registro,fecha_registro,estado_registro) VALUES (71,'70000071','Sin antecedentes críticos registrados en admisión.','No refiere alergias conocidas.','system',NOW(),'ACTIVO');
INSERT INTO paciente (id_paciente,dni,nombres,apellidos,telefono,correo,direccion,fecha_nacimiento,sexo,contacto_emergencia,telefono_emergencia,historia_clinica_codigo,usuario_registro,fecha_registro,estado_registro) VALUES (72,'70000072','Piero','Pérez López','988100072','paciente072@example.com','Av. Salud 172, Lima','1972-01-10','M','Contacto 72','977000072','70000072','system',NOW(),'ACTIVO');
INSERT INTO historia_clinica (id_paciente,codigo_historia,antecedentes_generales,alergias,usuario_registro,fecha_registro,estado_registro) VALUES (72,'70000072','Sin antecedentes críticos registrados en admisión.','No refiere alergias conocidas.','system',NOW(),'ACTIVO');
INSERT INTO paciente (id_paciente,dni,nombres,apellidos,telefono,correo,direccion,fecha_nacimiento,sexo,contacto_emergencia,telefono_emergencia,historia_clinica_codigo,usuario_registro,fecha_registro,estado_registro) VALUES (73,'70000073','Karla','Mendoza Castro','988100073','paciente073@example.com','Av. Salud 173, Lima','1973-08-21','F','Contacto 73','977000073','70000073','system',NOW(),'ACTIVO');
INSERT INTO historia_clinica (id_paciente,codigo_historia,antecedentes_generales,alergias,usuario_registro,fecha_registro,estado_registro) VALUES (73,'70000073','Sin antecedentes críticos registrados en admisión.','No refiere alergias conocidas.','system',NOW(),'ACTIVO');
INSERT INTO paciente (id_paciente,dni,nombres,apellidos,telefono,correo,direccion,fecha_nacimiento,sexo,contacto_emergencia,telefono_emergencia,historia_clinica_codigo,usuario_registro,fecha_registro,estado_registro) VALUES (74,'70000074','Sebastián','Flores Medina','988100074','paciente074@example.com','Av. Salud 174, Lima','1974-03-05','M','Contacto 74','977000074','70000074','system',NOW(),'ACTIVO');
INSERT INTO historia_clinica (id_paciente,codigo_historia,antecedentes_generales,alergias,usuario_registro,fecha_registro,estado_registro) VALUES (74,'70000074','Sin antecedentes críticos registrados en admisión.','No refiere alergias conocidas.','system',NOW(),'ACTIVO');
INSERT INTO paciente (id_paciente,dni,nombres,apellidos,telefono,correo,direccion,fecha_nacimiento,sexo,contacto_emergencia,telefono_emergencia,historia_clinica_codigo,usuario_registro,fecha_registro,estado_registro) VALUES (75,'70000075','Fabiola','Chávez Paredes','988100075','paciente075@example.com','Av. Salud 175, Lima','1975-10-16','F','Contacto 75','977000075','70000075','system',NOW(),'ACTIVO');
INSERT INTO historia_clinica (id_paciente,codigo_historia,antecedentes_generales,alergias,usuario_registro,fecha_registro,estado_registro) VALUES (75,'70000075','Sin antecedentes críticos registrados en admisión.','No refiere alergias conocidas.','system',NOW(),'ACTIVO');
INSERT INTO paciente (id_paciente,dni,nombres,apellidos,telefono,correo,direccion,fecha_nacimiento,sexo,contacto_emergencia,telefono_emergencia,historia_clinica_codigo,usuario_registro,fecha_registro,estado_registro) VALUES (76,'70000076','Cristian','Castillo Luna','988100076','paciente076@example.com','Av. Salud 176, Lima','1976-05-27','M','Contacto 76','977000076','70000076','system',NOW(),'ACTIVO');
INSERT INTO historia_clinica (id_paciente,codigo_historia,antecedentes_generales,alergias,usuario_registro,fecha_registro,estado_registro) VALUES (76,'70000076','Sin antecedentes críticos registrados en admisión.','No refiere alergias conocidas.','system',NOW(),'ACTIVO');
INSERT INTO paciente (id_paciente,dni,nombres,apellidos,telefono,correo,direccion,fecha_nacimiento,sexo,contacto_emergencia,telefono_emergencia,historia_clinica_codigo,usuario_registro,fecha_registro,estado_registro) VALUES (77,'70000077','Mónica','Díaz Cárdenas','988100077','paciente077@example.com','Av. Salud 177, Lima','1977-12-11','F','Contacto 77','977000077','70000077','system',NOW(),'ACTIVO');
INSERT INTO historia_clinica (id_paciente,codigo_historia,antecedentes_generales,alergias,usuario_registro,fecha_registro,estado_registro) VALUES (77,'70000077','Sin antecedentes críticos registrados en admisión.','No refiere alergias conocidas.','system',NOW(),'ACTIVO');
INSERT INTO paciente (id_paciente,dni,nombres,apellidos,telefono,correo,direccion,fecha_nacimiento,sexo,contacto_emergencia,telefono_emergencia,historia_clinica_codigo,usuario_registro,fecha_registro,estado_registro) VALUES (78,'70000078','Iván','Sánchez Robles','988100078','paciente078@example.com','Av. Salud 178, Lima','1978-07-22','M','Contacto 78','977000078','70000078','system',NOW(),'ACTIVO');
INSERT INTO historia_clinica (id_paciente,codigo_historia,antecedentes_generales,alergias,usuario_registro,fecha_registro,estado_registro) VALUES (78,'70000078','Sin antecedentes críticos registrados en admisión.','No refiere alergias conocidas.','system',NOW(),'ACTIVO');
INSERT INTO paciente (id_paciente,dni,nombres,apellidos,telefono,correo,direccion,fecha_nacimiento,sexo,contacto_emergencia,telefono_emergencia,historia_clinica_codigo,usuario_registro,fecha_registro,estado_registro) VALUES (79,'70000079','Silvia','Lozano Carranza','988100079','paciente079@example.com','Av. Salud 179, Lima','1979-02-06','F','Contacto 79','977000079','70000079','system',NOW(),'ACTIVO');
INSERT INTO historia_clinica (id_paciente,codigo_historia,antecedentes_generales,alergias,usuario_registro,fecha_registro,estado_registro) VALUES (79,'70000079','Sin antecedentes críticos registrados en admisión.','No refiere alergias conocidas.','system',NOW(),'ACTIVO');
INSERT INTO paciente (id_paciente,dni,nombres,apellidos,telefono,correo,direccion,fecha_nacimiento,sexo,contacto_emergencia,telefono_emergencia,historia_clinica_codigo,usuario_registro,fecha_registro,estado_registro) VALUES (80,'70000080','Rodrigo','Pérez López','988100080','paciente080@example.com','Av. Salud 180, Lima','1980-09-17','M','Contacto 80','977000080','70000080','system',NOW(),'ACTIVO');
INSERT INTO historia_clinica (id_paciente,codigo_historia,antecedentes_generales,alergias,usuario_registro,fecha_registro,estado_registro) VALUES (80,'70000080','Sin antecedentes críticos registrados en admisión.','No refiere alergias conocidas.','system',NOW(),'ACTIVO');
INSERT INTO paciente (id_paciente,dni,nombres,apellidos,telefono,correo,direccion,fecha_nacimiento,sexo,contacto_emergencia,telefono_emergencia,historia_clinica_codigo,usuario_registro,fecha_registro,estado_registro) VALUES (81,'70000081','María','Mendoza Castro','988100081','paciente081@example.com','Av. Salud 181, Lima','1981-04-01','F','Contacto 81','977000081','70000081','system',NOW(),'ACTIVO');
INSERT INTO historia_clinica (id_paciente,codigo_historia,antecedentes_generales,alergias,usuario_registro,fecha_registro,estado_registro) VALUES (81,'70000081','Sin antecedentes críticos registrados en admisión.','No refiere alergias conocidas.','system',NOW(),'ACTIVO');
INSERT INTO paciente (id_paciente,dni,nombres,apellidos,telefono,correo,direccion,fecha_nacimiento,sexo,contacto_emergencia,telefono_emergencia,historia_clinica_codigo,usuario_registro,fecha_registro,estado_registro) VALUES (82,'70000082','Carlos','Flores Medina','988100082','paciente082@example.com','Av. Salud 182, Lima','1982-11-12','M','Contacto 82','977000082','70000082','system',NOW(),'ACTIVO');
INSERT INTO historia_clinica (id_paciente,codigo_historia,antecedentes_generales,alergias,usuario_registro,fecha_registro,estado_registro) VALUES (82,'70000082','Sin antecedentes críticos registrados en admisión.','No refiere alergias conocidas.','system',NOW(),'ACTIVO');
INSERT INTO paciente (id_paciente,dni,nombres,apellidos,telefono,correo,direccion,fecha_nacimiento,sexo,contacto_emergencia,telefono_emergencia,historia_clinica_codigo,usuario_registro,fecha_registro,estado_registro) VALUES (83,'70000083','Lucía','Chávez Paredes','988100083','paciente083@example.com','Av. Salud 183, Lima','1983-06-23','F','Contacto 83','977000083','70000083','system',NOW(),'ACTIVO');
INSERT INTO historia_clinica (id_paciente,codigo_historia,antecedentes_generales,alergias,usuario_registro,fecha_registro,estado_registro) VALUES (83,'70000083','Sin antecedentes críticos registrados en admisión.','No refiere alergias conocidas.','system',NOW(),'ACTIVO');
INSERT INTO paciente (id_paciente,dni,nombres,apellidos,telefono,correo,direccion,fecha_nacimiento,sexo,contacto_emergencia,telefono_emergencia,historia_clinica_codigo,usuario_registro,fecha_registro,estado_registro) VALUES (84,'70000084','Jorge','Castillo Luna','988100084','paciente084@example.com','Av. Salud 184, Lima','1984-01-07','M','Contacto 84','977000084','70000084','system',NOW(),'ACTIVO');
INSERT INTO historia_clinica (id_paciente,codigo_historia,antecedentes_generales,alergias,usuario_registro,fecha_registro,estado_registro) VALUES (84,'70000084','Sin antecedentes críticos registrados en admisión.','No refiere alergias conocidas.','system',NOW(),'ACTIVO');
INSERT INTO paciente (id_paciente,dni,nombres,apellidos,telefono,correo,direccion,fecha_nacimiento,sexo,contacto_emergencia,telefono_emergencia,historia_clinica_codigo,usuario_registro,fecha_registro,estado_registro) VALUES (85,'70000085','Rosa','Díaz Cárdenas','988100085','paciente085@example.com','Av. Salud 185, Lima','1985-08-18','F','Contacto 85','977000085','70000085','system',NOW(),'ACTIVO');
INSERT INTO historia_clinica (id_paciente,codigo_historia,antecedentes_generales,alergias,usuario_registro,fecha_registro,estado_registro) VALUES (85,'70000085','Sin antecedentes críticos registrados en admisión.','No refiere alergias conocidas.','system',NOW(),'ACTIVO');
INSERT INTO paciente (id_paciente,dni,nombres,apellidos,telefono,correo,direccion,fecha_nacimiento,sexo,contacto_emergencia,telefono_emergencia,historia_clinica_codigo,usuario_registro,fecha_registro,estado_registro) VALUES (86,'70000086','Miguel','Sánchez Robles','988100086','paciente086@example.com','Av. Salud 186, Lima','1986-03-02','M','Contacto 86','977000086','70000086','system',NOW(),'ACTIVO');
INSERT INTO historia_clinica (id_paciente,codigo_historia,antecedentes_generales,alergias,usuario_registro,fecha_registro,estado_registro) VALUES (86,'70000086','Sin antecedentes críticos registrados en admisión.','No refiere alergias conocidas.','system',NOW(),'ACTIVO');
INSERT INTO paciente (id_paciente,dni,nombres,apellidos,telefono,correo,direccion,fecha_nacimiento,sexo,contacto_emergencia,telefono_emergencia,historia_clinica_codigo,usuario_registro,fecha_registro,estado_registro) VALUES (87,'70000087','Daniela','Lozano Carranza','988100087','paciente087@example.com','Av. Salud 187, Lima','1987-10-13','F','Contacto 87','977000087','70000087','system',NOW(),'ACTIVO');
INSERT INTO historia_clinica (id_paciente,codigo_historia,antecedentes_generales,alergias,usuario_registro,fecha_registro,estado_registro) VALUES (87,'70000087','Sin antecedentes críticos registrados en admisión.','No refiere alergias conocidas.','system',NOW(),'ACTIVO');
INSERT INTO paciente (id_paciente,dni,nombres,apellidos,telefono,correo,direccion,fecha_nacimiento,sexo,contacto_emergencia,telefono_emergencia,historia_clinica_codigo,usuario_registro,fecha_registro,estado_registro) VALUES (88,'70000088','José','Pérez López','988100088','paciente088@example.com','Av. Salud 188, Lima','1988-05-24','M','Contacto 88','977000088','70000088','system',NOW(),'ACTIVO');
INSERT INTO historia_clinica (id_paciente,codigo_historia,antecedentes_generales,alergias,usuario_registro,fecha_registro,estado_registro) VALUES (88,'70000088','Sin antecedentes críticos registrados en admisión.','No refiere alergias conocidas.','system',NOW(),'ACTIVO');
INSERT INTO paciente (id_paciente,dni,nombres,apellidos,telefono,correo,direccion,fecha_nacimiento,sexo,contacto_emergencia,telefono_emergencia,historia_clinica_codigo,usuario_registro,fecha_registro,estado_registro) VALUES (89,'70000089','Fernanda','Mendoza Castro','988100089','paciente089@example.com','Av. Salud 189, Lima','1989-12-08','F','Contacto 89','977000089','70000089','system',NOW(),'ACTIVO');
INSERT INTO historia_clinica (id_paciente,codigo_historia,antecedentes_generales,alergias,usuario_registro,fecha_registro,estado_registro) VALUES (89,'70000089','Sin antecedentes críticos registrados en admisión.','No refiere alergias conocidas.','system',NOW(),'ACTIVO');
INSERT INTO paciente (id_paciente,dni,nombres,apellidos,telefono,correo,direccion,fecha_nacimiento,sexo,contacto_emergencia,telefono_emergencia,historia_clinica_codigo,usuario_registro,fecha_registro,estado_registro) VALUES (90,'70000090','Alberto','Flores Medina','988100090','paciente090@example.com','Av. Salud 190, Lima','1990-07-19','M','Contacto 90','977000090','70000090','system',NOW(),'ACTIVO');
INSERT INTO historia_clinica (id_paciente,codigo_historia,antecedentes_generales,alergias,usuario_registro,fecha_registro,estado_registro) VALUES (90,'70000090','Sin antecedentes críticos registrados en admisión.','No refiere alergias conocidas.','system',NOW(),'ACTIVO');

-- Citas históricas atendidas y próximas programadas
INSERT INTO cita (id_cita,id_paciente,id_medico,id_especialidad,id_tarifa_aplicada,id_usuario_recepcionista,monto_consulta,fecha,hora,duracion_minutos,estado,observaciones,usuario_registro,fecha_registro,estado_registro) VALUES (1,1,1,1,1,2,60.00,'2026-06-10','08:00:00',30,'ATENDIDA','Seguimiento de tratamiento.','recepcionista1','2026-06-10 08:00:00','ACTIVO');
INSERT INTO cita (id_cita,id_paciente,id_medico,id_especialidad,id_tarifa_aplicada,id_usuario_recepcionista,monto_consulta,fecha,hora,duracion_minutos,estado,observaciones,usuario_registro,fecha_registro,estado_registro) VALUES (2,2,2,2,2,3,80.00,'2026-06-10','08:00:00',30,'ATENDIDA','Paciente acudió puntualmente.','recepcionista1','2026-06-10 08:00:00','ACTIVO');
INSERT INTO cita (id_cita,id_paciente,id_medico,id_especialidad,id_tarifa_aplicada,id_usuario_recepcionista,monto_consulta,fecha,hora,duracion_minutos,estado,observaciones,usuario_registro,fecha_registro,estado_registro) VALUES (3,3,3,3,3,2,120.00,'2026-06-10','08:00:00',30,'ATENDIDA','Seguimiento de tratamiento.','recepcionista1','2026-06-10 08:00:00','ACTIVO');
INSERT INTO cita (id_cita,id_paciente,id_medico,id_especialidad,id_tarifa_aplicada,id_usuario_recepcionista,monto_consulta,fecha,hora,duracion_minutos,estado,observaciones,usuario_registro,fecha_registro,estado_registro) VALUES (4,4,4,4,4,3,100.00,'2026-06-10','08:00:00',25,'ATENDIDA','Seguimiento de tratamiento.','recepcionista1','2026-06-10 08:00:00','ACTIVO');
INSERT INTO cita (id_cita,id_paciente,id_medico,id_especialidad,id_tarifa_aplicada,id_usuario_recepcionista,monto_consulta,fecha,hora,duracion_minutos,estado,observaciones,usuario_registro,fecha_registro,estado_registro) VALUES (5,5,5,5,5,2,100.00,'2026-06-10','08:00:00',30,'ATENDIDA','Consulta por síntomas recientes.','recepcionista1','2026-06-10 08:00:00','ACTIVO');
INSERT INTO cita (id_cita,id_paciente,id_medico,id_especialidad,id_tarifa_aplicada,id_usuario_recepcionista,monto_consulta,fecha,hora,duracion_minutos,estado,observaciones,usuario_registro,fecha_registro,estado_registro) VALUES (6,6,6,6,6,3,110.00,'2026-06-10','08:00:00',35,'ATENDIDA','Control y evaluación médica.','recepcionista1','2026-06-10 08:00:00','ACTIVO');
INSERT INTO cita (id_cita,id_paciente,id_medico,id_especialidad,id_tarifa_aplicada,id_usuario_recepcionista,monto_consulta,fecha,hora,duracion_minutos,estado,observaciones,usuario_registro,fecha_registro,estado_registro) VALUES (7,7,7,1,1,2,60.00,'2026-06-10','08:00:00',30,'ATENDIDA','Paciente acudió puntualmente.','recepcionista1','2026-06-10 08:00:00','ACTIVO');
INSERT INTO cita (id_cita,id_paciente,id_medico,id_especialidad,id_tarifa_aplicada,id_usuario_recepcionista,monto_consulta,fecha,hora,duracion_minutos,estado,observaciones,usuario_registro,fecha_registro,estado_registro) VALUES (8,8,4,4,4,2,100.00,'2026-06-11','08:00:00',25,'ATENDIDA','Chequeo preventivo.','recepcionista1','2026-06-11 08:00:00','ACTIVO');
INSERT INTO cita (id_cita,id_paciente,id_medico,id_especialidad,id_tarifa_aplicada,id_usuario_recepcionista,monto_consulta,fecha,hora,duracion_minutos,estado,observaciones,usuario_registro,fecha_registro,estado_registro) VALUES (9,9,5,5,5,3,100.00,'2026-06-11','08:00:00',30,'ATENDIDA','Control y evaluación médica.','recepcionista1','2026-06-11 08:00:00','ACTIVO');
INSERT INTO cita (id_cita,id_paciente,id_medico,id_especialidad,id_tarifa_aplicada,id_usuario_recepcionista,monto_consulta,fecha,hora,duracion_minutos,estado,observaciones,usuario_registro,fecha_registro,estado_registro) VALUES (10,10,6,6,6,2,110.00,'2026-06-11','08:00:00',35,'ATENDIDA','Control y evaluación médica.','recepcionista1','2026-06-11 08:00:00','ACTIVO');
INSERT INTO cita (id_cita,id_paciente,id_medico,id_especialidad,id_tarifa_aplicada,id_usuario_recepcionista,monto_consulta,fecha,hora,duracion_minutos,estado,observaciones,usuario_registro,fecha_registro,estado_registro) VALUES (11,11,7,1,1,3,60.00,'2026-06-11','08:00:00',30,'ATENDIDA','Control y evaluación médica.','recepcionista1','2026-06-11 08:00:00','ACTIVO');
INSERT INTO cita (id_cita,id_paciente,id_medico,id_especialidad,id_tarifa_aplicada,id_usuario_recepcionista,monto_consulta,fecha,hora,duracion_minutos,estado,observaciones,usuario_registro,fecha_registro,estado_registro) VALUES (12,12,8,3,3,2,120.00,'2026-06-11','08:00:00',30,'ATENDIDA','Seguimiento de tratamiento.','recepcionista1','2026-06-11 08:00:00','ACTIVO');
INSERT INTO cita (id_cita,id_paciente,id_medico,id_especialidad,id_tarifa_aplicada,id_usuario_recepcionista,monto_consulta,fecha,hora,duracion_minutos,estado,observaciones,usuario_registro,fecha_registro,estado_registro) VALUES (13,13,9,7,7,3,130.00,'2026-06-11','08:00:00',30,'ATENDIDA','Seguimiento de tratamiento.','recepcionista1','2026-06-11 08:00:00','ACTIVO');
INSERT INTO cita (id_cita,id_paciente,id_medico,id_especialidad,id_tarifa_aplicada,id_usuario_recepcionista,monto_consulta,fecha,hora,duracion_minutos,estado,observaciones,usuario_registro,fecha_registro,estado_registro) VALUES (14,14,10,8,8,2,140.00,'2026-06-11','08:00:00',40,'ATENDIDA','Chequeo preventivo.','recepcionista1','2026-06-11 08:00:00','ACTIVO');
INSERT INTO cita (id_cita,id_paciente,id_medico,id_especialidad,id_tarifa_aplicada,id_usuario_recepcionista,monto_consulta,fecha,hora,duracion_minutos,estado,observaciones,usuario_registro,fecha_registro,estado_registro) VALUES (15,15,7,1,1,2,60.00,'2026-06-12','08:00:00',30,'ATENDIDA','Paciente acudió puntualmente.','recepcionista1','2026-06-12 08:00:00','ACTIVO');
INSERT INTO cita (id_cita,id_paciente,id_medico,id_especialidad,id_tarifa_aplicada,id_usuario_recepcionista,monto_consulta,fecha,hora,duracion_minutos,estado,observaciones,usuario_registro,fecha_registro,estado_registro) VALUES (16,16,8,3,3,3,120.00,'2026-06-12','08:00:00',30,'ATENDIDA','Seguimiento de tratamiento.','recepcionista1','2026-06-12 08:00:00','ACTIVO');
INSERT INTO cita (id_cita,id_paciente,id_medico,id_especialidad,id_tarifa_aplicada,id_usuario_recepcionista,monto_consulta,fecha,hora,duracion_minutos,estado,observaciones,usuario_registro,fecha_registro,estado_registro) VALUES (17,17,9,7,7,2,130.00,'2026-06-12','08:00:00',30,'ATENDIDA','Chequeo preventivo.','recepcionista1','2026-06-12 08:00:00','ACTIVO');
INSERT INTO cita (id_cita,id_paciente,id_medico,id_especialidad,id_tarifa_aplicada,id_usuario_recepcionista,monto_consulta,fecha,hora,duracion_minutos,estado,observaciones,usuario_registro,fecha_registro,estado_registro) VALUES (18,18,10,8,8,3,140.00,'2026-06-12','08:00:00',40,'ATENDIDA','Seguimiento de tratamiento.','recepcionista1','2026-06-12 08:00:00','ACTIVO');
INSERT INTO cita (id_cita,id_paciente,id_medico,id_especialidad,id_tarifa_aplicada,id_usuario_recepcionista,monto_consulta,fecha,hora,duracion_minutos,estado,observaciones,usuario_registro,fecha_registro,estado_registro) VALUES (19,19,11,2,2,2,80.00,'2026-06-12','08:00:00',30,'ATENDIDA','Paciente acudió puntualmente.','recepcionista1','2026-06-12 08:00:00','ACTIVO');
INSERT INTO cita (id_cita,id_paciente,id_medico,id_especialidad,id_tarifa_aplicada,id_usuario_recepcionista,monto_consulta,fecha,hora,duracion_minutos,estado,observaciones,usuario_registro,fecha_registro,estado_registro) VALUES (20,20,12,6,6,3,110.00,'2026-06-12','08:00:00',35,'ATENDIDA','Control y evaluación médica.','recepcionista1','2026-06-12 08:00:00','ACTIVO');
INSERT INTO cita (id_cita,id_paciente,id_medico,id_especialidad,id_tarifa_aplicada,id_usuario_recepcionista,monto_consulta,fecha,hora,duracion_minutos,estado,observaciones,usuario_registro,fecha_registro,estado_registro) VALUES (21,21,1,1,1,2,60.00,'2026-06-12','08:00:00',30,'ATENDIDA','Seguimiento de tratamiento.','recepcionista1','2026-06-12 08:00:00','ACTIVO');
INSERT INTO cita (id_cita,id_paciente,id_medico,id_especialidad,id_tarifa_aplicada,id_usuario_recepcionista,monto_consulta,fecha,hora,duracion_minutos,estado,observaciones,usuario_registro,fecha_registro,estado_registro) VALUES (22,13,10,8,8,2,140.00,'2026-06-13','08:00:00',40,'ATENDIDA','Seguimiento de tratamiento.','recepcionista1','2026-06-13 08:00:00','ACTIVO');
INSERT INTO cita (id_cita,id_paciente,id_medico,id_especialidad,id_tarifa_aplicada,id_usuario_recepcionista,monto_consulta,fecha,hora,duracion_minutos,estado,observaciones,usuario_registro,fecha_registro,estado_registro) VALUES (23,14,11,2,2,3,80.00,'2026-06-13','08:00:00',30,'ATENDIDA','Paciente acudió puntualmente.','recepcionista1','2026-06-13 08:00:00','ACTIVO');
INSERT INTO cita (id_cita,id_paciente,id_medico,id_especialidad,id_tarifa_aplicada,id_usuario_recepcionista,monto_consulta,fecha,hora,duracion_minutos,estado,observaciones,usuario_registro,fecha_registro,estado_registro) VALUES (24,15,12,6,6,2,110.00,'2026-06-13','08:00:00',35,'ATENDIDA','Consulta por síntomas recientes.','recepcionista1','2026-06-13 08:00:00','ACTIVO');
INSERT INTO cita (id_cita,id_paciente,id_medico,id_especialidad,id_tarifa_aplicada,id_usuario_recepcionista,monto_consulta,fecha,hora,duracion_minutos,estado,observaciones,usuario_registro,fecha_registro,estado_registro) VALUES (25,16,1,1,1,3,60.00,'2026-06-13','08:00:00',30,'ATENDIDA','Paciente acudió puntualmente.','recepcionista1','2026-06-13 08:00:00','ACTIVO');
INSERT INTO cita (id_cita,id_paciente,id_medico,id_especialidad,id_tarifa_aplicada,id_usuario_recepcionista,monto_consulta,fecha,hora,duracion_minutos,estado,observaciones,usuario_registro,fecha_registro,estado_registro) VALUES (26,36,4,4,4,2,100.00,'2026-06-15','08:00:00',25,'ATENDIDA','Consulta por síntomas recientes.','recepcionista1','2026-06-15 08:00:00','ACTIVO');
INSERT INTO cita (id_cita,id_paciente,id_medico,id_especialidad,id_tarifa_aplicada,id_usuario_recepcionista,monto_consulta,fecha,hora,duracion_minutos,estado,observaciones,usuario_registro,fecha_registro,estado_registro) VALUES (27,37,5,5,5,3,100.00,'2026-06-15','08:00:00',30,'ATENDIDA','Seguimiento de tratamiento.','recepcionista1','2026-06-15 08:00:00','ACTIVO');
INSERT INTO cita (id_cita,id_paciente,id_medico,id_especialidad,id_tarifa_aplicada,id_usuario_recepcionista,monto_consulta,fecha,hora,duracion_minutos,estado,observaciones,usuario_registro,fecha_registro,estado_registro) VALUES (28,38,6,6,6,2,110.00,'2026-06-15','08:00:00',35,'ATENDIDA','Paciente acudió puntualmente.','recepcionista1','2026-06-15 08:00:00','ACTIVO');
INSERT INTO cita (id_cita,id_paciente,id_medico,id_especialidad,id_tarifa_aplicada,id_usuario_recepcionista,monto_consulta,fecha,hora,duracion_minutos,estado,observaciones,usuario_registro,fecha_registro,estado_registro) VALUES (29,39,7,1,1,3,60.00,'2026-06-15','08:00:00',30,'ATENDIDA','Control y evaluación médica.','recepcionista1','2026-06-15 08:00:00','ACTIVO');
INSERT INTO cita (id_cita,id_paciente,id_medico,id_especialidad,id_tarifa_aplicada,id_usuario_recepcionista,monto_consulta,fecha,hora,duracion_minutos,estado,observaciones,usuario_registro,fecha_registro,estado_registro) VALUES (30,40,8,3,3,2,120.00,'2026-06-15','08:00:00',30,'ATENDIDA','Control y evaluación médica.','recepcionista1','2026-06-15 08:00:00','ACTIVO');
INSERT INTO cita (id_cita,id_paciente,id_medico,id_especialidad,id_tarifa_aplicada,id_usuario_recepcionista,monto_consulta,fecha,hora,duracion_minutos,estado,observaciones,usuario_registro,fecha_registro,estado_registro) VALUES (31,41,9,7,7,3,130.00,'2026-06-15','08:00:00',30,'ATENDIDA','Consulta por síntomas recientes.','recepcionista1','2026-06-15 08:00:00','ACTIVO');
INSERT INTO cita (id_cita,id_paciente,id_medico,id_especialidad,id_tarifa_aplicada,id_usuario_recepcionista,monto_consulta,fecha,hora,duracion_minutos,estado,observaciones,usuario_registro,fecha_registro,estado_registro) VALUES (32,42,10,8,8,2,140.00,'2026-06-15','08:00:00',40,'ATENDIDA','Seguimiento de tratamiento.','recepcionista1','2026-06-15 08:00:00','ACTIVO');
INSERT INTO cita (id_cita,id_paciente,id_medico,id_especialidad,id_tarifa_aplicada,id_usuario_recepcionista,monto_consulta,fecha,hora,duracion_minutos,estado,observaciones,usuario_registro,fecha_registro,estado_registro) VALUES (33,43,7,1,1,2,60.00,'2026-06-16','08:00:00',30,'ATENDIDA','Consulta por síntomas recientes.','recepcionista1','2026-06-16 08:00:00','ACTIVO');
INSERT INTO cita (id_cita,id_paciente,id_medico,id_especialidad,id_tarifa_aplicada,id_usuario_recepcionista,monto_consulta,fecha,hora,duracion_minutos,estado,observaciones,usuario_registro,fecha_registro,estado_registro) VALUES (34,44,8,3,3,3,120.00,'2026-06-16','08:00:00',30,'ATENDIDA','Seguimiento de tratamiento.','recepcionista1','2026-06-16 08:00:00','ACTIVO');
INSERT INTO cita (id_cita,id_paciente,id_medico,id_especialidad,id_tarifa_aplicada,id_usuario_recepcionista,monto_consulta,fecha,hora,duracion_minutos,estado,observaciones,usuario_registro,fecha_registro,estado_registro) VALUES (35,45,9,7,7,2,130.00,'2026-06-16','08:00:00',30,'ATENDIDA','Paciente acudió puntualmente.','recepcionista1','2026-06-16 08:00:00','ACTIVO');
INSERT INTO cita (id_cita,id_paciente,id_medico,id_especialidad,id_tarifa_aplicada,id_usuario_recepcionista,monto_consulta,fecha,hora,duracion_minutos,estado,observaciones,usuario_registro,fecha_registro,estado_registro) VALUES (36,46,10,8,8,3,140.00,'2026-06-16','08:00:00',40,'ATENDIDA','Chequeo preventivo.','recepcionista1','2026-06-16 08:00:00','ACTIVO');
INSERT INTO cita (id_cita,id_paciente,id_medico,id_especialidad,id_tarifa_aplicada,id_usuario_recepcionista,monto_consulta,fecha,hora,duracion_minutos,estado,observaciones,usuario_registro,fecha_registro,estado_registro) VALUES (37,47,11,2,2,2,80.00,'2026-06-16','08:00:00',30,'ATENDIDA','Paciente acudió puntualmente.','recepcionista1','2026-06-16 08:00:00','ACTIVO');
INSERT INTO cita (id_cita,id_paciente,id_medico,id_especialidad,id_tarifa_aplicada,id_usuario_recepcionista,monto_consulta,fecha,hora,duracion_minutos,estado,observaciones,usuario_registro,fecha_registro,estado_registro) VALUES (38,48,12,6,6,3,110.00,'2026-06-16','08:00:00',35,'ATENDIDA','Consulta por síntomas recientes.','recepcionista1','2026-06-16 08:00:00','ACTIVO');
INSERT INTO cita (id_cita,id_paciente,id_medico,id_especialidad,id_tarifa_aplicada,id_usuario_recepcionista,monto_consulta,fecha,hora,duracion_minutos,estado,observaciones,usuario_registro,fecha_registro,estado_registro) VALUES (39,49,1,1,1,2,60.00,'2026-06-16','08:00:00',30,'ATENDIDA','Paciente acudió puntualmente.','recepcionista1','2026-06-16 08:00:00','ACTIVO');
INSERT INTO cita (id_cita,id_paciente,id_medico,id_especialidad,id_tarifa_aplicada,id_usuario_recepcionista,monto_consulta,fecha,hora,duracion_minutos,estado,observaciones,usuario_registro,fecha_registro,estado_registro) VALUES (40,50,10,8,8,2,140.00,'2026-06-17','08:00:00',40,'ATENDIDA','Consulta por síntomas recientes.','recepcionista1','2026-06-17 08:00:00','ACTIVO');
INSERT INTO cita (id_cita,id_paciente,id_medico,id_especialidad,id_tarifa_aplicada,id_usuario_recepcionista,monto_consulta,fecha,hora,duracion_minutos,estado,observaciones,usuario_registro,fecha_registro,estado_registro) VALUES (41,51,11,2,2,3,80.00,'2026-06-17','08:00:00',30,'ATENDIDA','Paciente acudió puntualmente.','recepcionista1','2026-06-17 08:00:00','ACTIVO');
INSERT INTO cita (id_cita,id_paciente,id_medico,id_especialidad,id_tarifa_aplicada,id_usuario_recepcionista,monto_consulta,fecha,hora,duracion_minutos,estado,observaciones,usuario_registro,fecha_registro,estado_registro) VALUES (42,52,12,6,6,2,110.00,'2026-06-17','08:00:00',35,'ATENDIDA','Seguimiento de tratamiento.','recepcionista1','2026-06-17 08:00:00','ACTIVO');
INSERT INTO cita (id_cita,id_paciente,id_medico,id_especialidad,id_tarifa_aplicada,id_usuario_recepcionista,monto_consulta,fecha,hora,duracion_minutos,estado,observaciones,usuario_registro,fecha_registro,estado_registro) VALUES (43,53,1,1,1,3,60.00,'2026-06-17','08:00:00',30,'ATENDIDA','Consulta por síntomas recientes.','recepcionista1','2026-06-17 08:00:00','ACTIVO');
INSERT INTO cita (id_cita,id_paciente,id_medico,id_especialidad,id_tarifa_aplicada,id_usuario_recepcionista,monto_consulta,fecha,hora,duracion_minutos,estado,observaciones,usuario_registro,fecha_registro,estado_registro) VALUES (44,54,2,2,2,2,80.00,'2026-06-17','08:00:00',30,'ATENDIDA','Seguimiento de tratamiento.','recepcionista1','2026-06-17 08:00:00','ACTIVO');
INSERT INTO cita (id_cita,id_paciente,id_medico,id_especialidad,id_tarifa_aplicada,id_usuario_recepcionista,monto_consulta,fecha,hora,duracion_minutos,estado,observaciones,usuario_registro,fecha_registro,estado_registro) VALUES (45,55,3,3,3,3,120.00,'2026-06-17','08:00:00',30,'ATENDIDA','Seguimiento de tratamiento.','recepcionista1','2026-06-17 08:00:00','ACTIVO');
INSERT INTO cita (id_cita,id_paciente,id_medico,id_especialidad,id_tarifa_aplicada,id_usuario_recepcionista,monto_consulta,fecha,hora,duracion_minutos,estado,observaciones,usuario_registro,fecha_registro,estado_registro) VALUES (46,56,4,4,4,2,100.00,'2026-06-17','08:00:00',25,'ATENDIDA','Chequeo preventivo.','recepcionista1','2026-06-17 08:00:00','ACTIVO');
INSERT INTO cita (id_cita,id_paciente,id_medico,id_especialidad,id_tarifa_aplicada,id_usuario_recepcionista,monto_consulta,fecha,hora,duracion_minutos,estado,observaciones,usuario_registro,fecha_registro,estado_registro) VALUES (47,57,1,1,1,2,60.00,'2026-06-18','08:00:00',30,'ATENDIDA','Control y evaluación médica.','recepcionista1','2026-06-18 08:00:00','ACTIVO');
INSERT INTO cita (id_cita,id_paciente,id_medico,id_especialidad,id_tarifa_aplicada,id_usuario_recepcionista,monto_consulta,fecha,hora,duracion_minutos,estado,observaciones,usuario_registro,fecha_registro,estado_registro) VALUES (48,58,2,2,2,3,80.00,'2026-06-18','08:00:00',30,'ATENDIDA','Consulta por síntomas recientes.','recepcionista1','2026-06-18 08:00:00','ACTIVO');
INSERT INTO cita (id_cita,id_paciente,id_medico,id_especialidad,id_tarifa_aplicada,id_usuario_recepcionista,monto_consulta,fecha,hora,duracion_minutos,estado,observaciones,usuario_registro,fecha_registro,estado_registro) VALUES (49,59,3,3,3,2,120.00,'2026-06-18','08:00:00',30,'ATENDIDA','Chequeo preventivo.','recepcionista1','2026-06-18 08:00:00','ACTIVO');
INSERT INTO cita (id_cita,id_paciente,id_medico,id_especialidad,id_tarifa_aplicada,id_usuario_recepcionista,monto_consulta,fecha,hora,duracion_minutos,estado,observaciones,usuario_registro,fecha_registro,estado_registro) VALUES (50,60,4,4,4,3,100.00,'2026-06-18','08:00:00',25,'ATENDIDA','Seguimiento de tratamiento.','recepcionista1','2026-06-18 08:00:00','ACTIVO');
INSERT INTO cita (id_cita,id_paciente,id_medico,id_especialidad,id_tarifa_aplicada,id_usuario_recepcionista,monto_consulta,fecha,hora,duracion_minutos,estado,observaciones,usuario_registro,fecha_registro,estado_registro) VALUES (51,61,5,5,5,2,100.00,'2026-06-18','08:00:00',30,'ATENDIDA','Consulta por síntomas recientes.','recepcionista1','2026-06-18 08:00:00','ACTIVO');
INSERT INTO cita (id_cita,id_paciente,id_medico,id_especialidad,id_tarifa_aplicada,id_usuario_recepcionista,monto_consulta,fecha,hora,duracion_minutos,estado,observaciones,usuario_registro,fecha_registro,estado_registro) VALUES (52,62,6,6,6,3,110.00,'2026-06-18','08:00:00',35,'ATENDIDA','Seguimiento de tratamiento.','recepcionista1','2026-06-18 08:00:00','ACTIVO');
INSERT INTO cita (id_cita,id_paciente,id_medico,id_especialidad,id_tarifa_aplicada,id_usuario_recepcionista,monto_consulta,fecha,hora,duracion_minutos,estado,observaciones,usuario_registro,fecha_registro,estado_registro) VALUES (53,63,7,1,1,2,60.00,'2026-06-18','08:00:00',30,'ATENDIDA','Control y evaluación médica.','recepcionista1','2026-06-18 08:00:00','ACTIVO');
INSERT INTO cita (id_cita,id_paciente,id_medico,id_especialidad,id_tarifa_aplicada,id_usuario_recepcionista,monto_consulta,fecha,hora,duracion_minutos,estado,observaciones,usuario_registro,fecha_registro,estado_registro) VALUES (54,64,4,4,4,2,100.00,'2026-06-19','08:00:00',25,'ATENDIDA','Control y evaluación médica.','recepcionista1','2026-06-19 08:00:00','ACTIVO');
INSERT INTO cita (id_cita,id_paciente,id_medico,id_especialidad,id_tarifa_aplicada,id_usuario_recepcionista,monto_consulta,fecha,hora,duracion_minutos,estado,observaciones,usuario_registro,fecha_registro,estado_registro) VALUES (55,65,5,5,5,3,100.00,'2026-06-19','08:00:00',30,'ATENDIDA','Chequeo preventivo.','recepcionista1','2026-06-19 08:00:00','ACTIVO');
INSERT INTO cita (id_cita,id_paciente,id_medico,id_especialidad,id_tarifa_aplicada,id_usuario_recepcionista,monto_consulta,fecha,hora,duracion_minutos,estado,observaciones,usuario_registro,fecha_registro,estado_registro) VALUES (56,66,6,6,6,2,110.00,'2026-06-19','08:00:00',35,'ATENDIDA','Seguimiento de tratamiento.','recepcionista1','2026-06-19 08:00:00','ACTIVO');
INSERT INTO cita (id_cita,id_paciente,id_medico,id_especialidad,id_tarifa_aplicada,id_usuario_recepcionista,monto_consulta,fecha,hora,duracion_minutos,estado,observaciones,usuario_registro,fecha_registro,estado_registro) VALUES (57,67,7,1,1,3,60.00,'2026-06-19','08:00:00',30,'ATENDIDA','Chequeo preventivo.','recepcionista1','2026-06-19 08:00:00','ACTIVO');
INSERT INTO cita (id_cita,id_paciente,id_medico,id_especialidad,id_tarifa_aplicada,id_usuario_recepcionista,monto_consulta,fecha,hora,duracion_minutos,estado,observaciones,usuario_registro,fecha_registro,estado_registro) VALUES (58,68,8,3,3,2,120.00,'2026-06-19','08:00:00',30,'ATENDIDA','Control y evaluación médica.','recepcionista1','2026-06-19 08:00:00','ACTIVO');
INSERT INTO cita (id_cita,id_paciente,id_medico,id_especialidad,id_tarifa_aplicada,id_usuario_recepcionista,monto_consulta,fecha,hora,duracion_minutos,estado,observaciones,usuario_registro,fecha_registro,estado_registro) VALUES (59,69,9,7,7,3,130.00,'2026-06-19','08:00:00',30,'ATENDIDA','Chequeo preventivo.','recepcionista1','2026-06-19 08:00:00','ACTIVO');
INSERT INTO cita (id_cita,id_paciente,id_medico,id_especialidad,id_tarifa_aplicada,id_usuario_recepcionista,monto_consulta,fecha,hora,duracion_minutos,estado,observaciones,usuario_registro,fecha_registro,estado_registro) VALUES (60,70,10,8,8,2,140.00,'2026-06-19','08:00:00',40,'ATENDIDA','Seguimiento de tratamiento.','recepcionista1','2026-06-19 08:00:00','ACTIVO');
INSERT INTO cita (id_cita,id_paciente,id_medico,id_especialidad,id_tarifa_aplicada,id_usuario_recepcionista,monto_consulta,fecha,hora,duracion_minutos,estado,observaciones,usuario_registro,fecha_registro,estado_registro) VALUES (61,41,7,1,1,2,60.00,'2026-06-20','08:00:00',30,'ATENDIDA','Consulta por síntomas recientes.','recepcionista1','2026-06-20 08:00:00','ACTIVO');
INSERT INTO cita (id_cita,id_paciente,id_medico,id_especialidad,id_tarifa_aplicada,id_usuario_recepcionista,monto_consulta,fecha,hora,duracion_minutos,estado,observaciones,usuario_registro,fecha_registro,estado_registro) VALUES (62,42,8,3,3,3,120.00,'2026-06-20','08:00:00',30,'ATENDIDA','Paciente acudió puntualmente.','recepcionista1','2026-06-20 08:00:00','ACTIVO');
INSERT INTO cita (id_cita,id_paciente,id_medico,id_especialidad,id_tarifa_aplicada,id_usuario_recepcionista,monto_consulta,fecha,hora,duracion_minutos,estado,observaciones,usuario_registro,fecha_registro,estado_registro) VALUES (63,43,9,7,7,2,130.00,'2026-06-20','08:00:00',30,'ATENDIDA','Control y evaluación médica.','recepcionista1','2026-06-20 08:00:00','ACTIVO');
INSERT INTO cita (id_cita,id_paciente,id_medico,id_especialidad,id_tarifa_aplicada,id_usuario_recepcionista,monto_consulta,fecha,hora,duracion_minutos,estado,observaciones,usuario_registro,fecha_registro,estado_registro) VALUES (64,44,10,8,8,3,140.00,'2026-06-20','08:00:00',40,'ATENDIDA','Chequeo preventivo.','recepcionista1','2026-06-20 08:00:00','ACTIVO');
INSERT INTO cita (id_cita,id_paciente,id_medico,id_especialidad,id_tarifa_aplicada,id_usuario_recepcionista,monto_consulta,fecha,hora,duracion_minutos,estado,observaciones,usuario_registro,fecha_registro,estado_registro) VALUES (65,85,1,1,1,2,60.00,'2026-06-22','08:00:00',30,'ATENDIDA','Paciente acudió puntualmente.','recepcionista1','2026-06-22 08:00:00','ACTIVO');
INSERT INTO cita (id_cita,id_paciente,id_medico,id_especialidad,id_tarifa_aplicada,id_usuario_recepcionista,monto_consulta,fecha,hora,duracion_minutos,estado,observaciones,usuario_registro,fecha_registro,estado_registro) VALUES (66,86,2,2,2,3,80.00,'2026-06-22','08:00:00',30,'ATENDIDA','Seguimiento de tratamiento.','recepcionista1','2026-06-22 08:00:00','ACTIVO');
INSERT INTO cita (id_cita,id_paciente,id_medico,id_especialidad,id_tarifa_aplicada,id_usuario_recepcionista,monto_consulta,fecha,hora,duracion_minutos,estado,observaciones,usuario_registro,fecha_registro,estado_registro) VALUES (67,87,3,3,3,2,120.00,'2026-06-22','08:00:00',30,'ATENDIDA','Control y evaluación médica.','recepcionista1','2026-06-22 08:00:00','ACTIVO');
INSERT INTO cita (id_cita,id_paciente,id_medico,id_especialidad,id_tarifa_aplicada,id_usuario_recepcionista,monto_consulta,fecha,hora,duracion_minutos,estado,observaciones,usuario_registro,fecha_registro,estado_registro) VALUES (68,88,4,4,4,3,100.00,'2026-06-22','08:00:00',25,'ATENDIDA','Consulta por síntomas recientes.','recepcionista1','2026-06-22 08:00:00','ACTIVO');
INSERT INTO cita (id_cita,id_paciente,id_medico,id_especialidad,id_tarifa_aplicada,id_usuario_recepcionista,monto_consulta,fecha,hora,duracion_minutos,estado,observaciones,usuario_registro,fecha_registro,estado_registro) VALUES (69,89,5,5,5,2,100.00,'2026-06-22','08:00:00',30,'ATENDIDA','Seguimiento de tratamiento.','recepcionista1','2026-06-22 08:00:00','ACTIVO');
INSERT INTO cita (id_cita,id_paciente,id_medico,id_especialidad,id_tarifa_aplicada,id_usuario_recepcionista,monto_consulta,fecha,hora,duracion_minutos,estado,observaciones,usuario_registro,fecha_registro,estado_registro) VALUES (70,90,6,6,6,3,110.00,'2026-06-22','08:00:00',35,'ATENDIDA','Consulta por síntomas recientes.','recepcionista1','2026-06-22 08:00:00','ACTIVO');
INSERT INTO cita (id_cita,id_paciente,id_medico,id_especialidad,id_tarifa_aplicada,id_usuario_recepcionista,monto_consulta,fecha,hora,duracion_minutos,estado,observaciones,usuario_registro,fecha_registro,estado_registro) VALUES (71,1,7,1,1,2,60.00,'2026-06-22','08:00:00',30,'ATENDIDA','Consulta por síntomas recientes.','recepcionista1','2026-06-22 08:00:00','ACTIVO');
INSERT INTO cita (id_cita,id_paciente,id_medico,id_especialidad,id_tarifa_aplicada,id_usuario_recepcionista,monto_consulta,fecha,hora,duracion_minutos,estado,observaciones,usuario_registro,fecha_registro,estado_registro) VALUES (72,2,4,4,4,2,100.00,'2026-06-23','08:00:00',25,'ATENDIDA','Consulta por síntomas recientes.','recepcionista1','2026-06-23 08:00:00','ACTIVO');
INSERT INTO cita (id_cita,id_paciente,id_medico,id_especialidad,id_tarifa_aplicada,id_usuario_recepcionista,monto_consulta,fecha,hora,duracion_minutos,estado,observaciones,usuario_registro,fecha_registro,estado_registro) VALUES (73,3,5,5,5,3,100.00,'2026-06-23','08:00:00',30,'ATENDIDA','Control y evaluación médica.','recepcionista1','2026-06-23 08:00:00','ACTIVO');
INSERT INTO cita (id_cita,id_paciente,id_medico,id_especialidad,id_tarifa_aplicada,id_usuario_recepcionista,monto_consulta,fecha,hora,duracion_minutos,estado,observaciones,usuario_registro,fecha_registro,estado_registro) VALUES (74,4,6,6,6,2,110.00,'2026-06-23','08:00:00',35,'ATENDIDA','Chequeo preventivo.','recepcionista1','2026-06-23 08:00:00','ACTIVO');
INSERT INTO cita (id_cita,id_paciente,id_medico,id_especialidad,id_tarifa_aplicada,id_usuario_recepcionista,monto_consulta,fecha,hora,duracion_minutos,estado,observaciones,usuario_registro,fecha_registro,estado_registro) VALUES (75,5,7,1,1,3,60.00,'2026-06-23','08:00:00',30,'ATENDIDA','Chequeo preventivo.','recepcionista1','2026-06-23 08:00:00','ACTIVO');
INSERT INTO cita (id_cita,id_paciente,id_medico,id_especialidad,id_tarifa_aplicada,id_usuario_recepcionista,monto_consulta,fecha,hora,duracion_minutos,estado,observaciones,usuario_registro,fecha_registro,estado_registro) VALUES (76,6,8,3,3,2,120.00,'2026-06-23','08:00:00',30,'ATENDIDA','Seguimiento de tratamiento.','recepcionista1','2026-06-23 08:00:00','ACTIVO');
INSERT INTO cita (id_cita,id_paciente,id_medico,id_especialidad,id_tarifa_aplicada,id_usuario_recepcionista,monto_consulta,fecha,hora,duracion_minutos,estado,observaciones,usuario_registro,fecha_registro,estado_registro) VALUES (77,7,9,7,7,3,130.00,'2026-06-23','08:00:00',30,'ATENDIDA','Seguimiento de tratamiento.','recepcionista1','2026-06-23 08:00:00','ACTIVO');
INSERT INTO cita (id_cita,id_paciente,id_medico,id_especialidad,id_tarifa_aplicada,id_usuario_recepcionista,monto_consulta,fecha,hora,duracion_minutos,estado,observaciones,usuario_registro,fecha_registro,estado_registro) VALUES (78,8,10,8,8,2,140.00,'2026-06-23','08:00:00',40,'ATENDIDA','Consulta por síntomas recientes.','recepcionista1','2026-06-23 08:00:00','ACTIVO');
INSERT INTO cita (id_cita,id_paciente,id_medico,id_especialidad,id_tarifa_aplicada,id_usuario_recepcionista,monto_consulta,fecha,hora,duracion_minutos,estado,observaciones,usuario_registro,fecha_registro,estado_registro) VALUES (79,9,7,1,1,2,60.00,'2026-06-24','08:00:00',30,'ATENDIDA','Chequeo preventivo.','recepcionista1','2026-06-24 08:00:00','ACTIVO');
INSERT INTO cita (id_cita,id_paciente,id_medico,id_especialidad,id_tarifa_aplicada,id_usuario_recepcionista,monto_consulta,fecha,hora,duracion_minutos,estado,observaciones,usuario_registro,fecha_registro,estado_registro) VALUES (80,10,8,3,3,3,120.00,'2026-06-24','08:00:00',30,'ATENDIDA','Control y evaluación médica.','recepcionista1','2026-06-24 08:00:00','ACTIVO');
INSERT INTO cita (id_cita,id_paciente,id_medico,id_especialidad,id_tarifa_aplicada,id_usuario_recepcionista,monto_consulta,fecha,hora,duracion_minutos,estado,observaciones,usuario_registro,fecha_registro,estado_registro) VALUES (81,11,9,7,7,2,130.00,'2026-06-24','08:00:00',30,'ATENDIDA','Consulta por síntomas recientes.','recepcionista1','2026-06-24 08:00:00','ACTIVO');
INSERT INTO cita (id_cita,id_paciente,id_medico,id_especialidad,id_tarifa_aplicada,id_usuario_recepcionista,monto_consulta,fecha,hora,duracion_minutos,estado,observaciones,usuario_registro,fecha_registro,estado_registro) VALUES (82,12,10,8,8,3,140.00,'2026-06-24','08:00:00',40,'ATENDIDA','Control y evaluación médica.','recepcionista1','2026-06-24 08:00:00','ACTIVO');
INSERT INTO cita (id_cita,id_paciente,id_medico,id_especialidad,id_tarifa_aplicada,id_usuario_recepcionista,monto_consulta,fecha,hora,duracion_minutos,estado,observaciones,usuario_registro,fecha_registro,estado_registro) VALUES (83,13,11,2,2,2,80.00,'2026-06-24','08:00:00',30,'ATENDIDA','Paciente acudió puntualmente.','recepcionista1','2026-06-24 08:00:00','ACTIVO');
INSERT INTO cita (id_cita,id_paciente,id_medico,id_especialidad,id_tarifa_aplicada,id_usuario_recepcionista,monto_consulta,fecha,hora,duracion_minutos,estado,observaciones,usuario_registro,fecha_registro,estado_registro) VALUES (84,14,12,6,6,3,110.00,'2026-06-24','08:00:00',35,'ATENDIDA','Seguimiento de tratamiento.','recepcionista1','2026-06-24 08:00:00','ACTIVO');
INSERT INTO cita (id_cita,id_paciente,id_medico,id_especialidad,id_tarifa_aplicada,id_usuario_recepcionista,monto_consulta,fecha,hora,duracion_minutos,estado,observaciones,usuario_registro,fecha_registro,estado_registro) VALUES (85,15,1,1,1,2,60.00,'2026-06-24','08:00:00',30,'ATENDIDA','Paciente acudió puntualmente.','recepcionista1','2026-06-24 08:00:00','ACTIVO');
INSERT INTO cita (id_cita,id_paciente,id_medico,id_especialidad,id_tarifa_aplicada,id_usuario_recepcionista,monto_consulta,fecha,hora,duracion_minutos,estado,observaciones,usuario_registro,fecha_registro,estado_registro) VALUES (86,16,10,8,8,2,140.00,'2026-06-25','08:00:00',40,'ATENDIDA','Paciente acudió puntualmente.','recepcionista1','2026-06-25 08:00:00','ACTIVO');
INSERT INTO cita (id_cita,id_paciente,id_medico,id_especialidad,id_tarifa_aplicada,id_usuario_recepcionista,monto_consulta,fecha,hora,duracion_minutos,estado,observaciones,usuario_registro,fecha_registro,estado_registro) VALUES (87,17,11,2,2,3,80.00,'2026-06-25','08:00:00',30,'ATENDIDA','Paciente acudió puntualmente.','recepcionista1','2026-06-25 08:00:00','ACTIVO');
INSERT INTO cita (id_cita,id_paciente,id_medico,id_especialidad,id_tarifa_aplicada,id_usuario_recepcionista,monto_consulta,fecha,hora,duracion_minutos,estado,observaciones,usuario_registro,fecha_registro,estado_registro) VALUES (88,18,12,6,6,2,110.00,'2026-06-25','08:00:00',35,'ATENDIDA','Seguimiento de tratamiento.','recepcionista1','2026-06-25 08:00:00','ACTIVO');
INSERT INTO cita (id_cita,id_paciente,id_medico,id_especialidad,id_tarifa_aplicada,id_usuario_recepcionista,monto_consulta,fecha,hora,duracion_minutos,estado,observaciones,usuario_registro,fecha_registro,estado_registro) VALUES (89,19,1,1,1,3,60.00,'2026-06-25','08:00:00',30,'ATENDIDA','Consulta por síntomas recientes.','recepcionista1','2026-06-25 08:00:00','ACTIVO');
INSERT INTO cita (id_cita,id_paciente,id_medico,id_especialidad,id_tarifa_aplicada,id_usuario_recepcionista,monto_consulta,fecha,hora,duracion_minutos,estado,observaciones,usuario_registro,fecha_registro,estado_registro) VALUES (90,20,2,2,2,2,80.00,'2026-06-25','08:00:00',30,'ATENDIDA','Consulta por síntomas recientes.','recepcionista1','2026-06-25 08:00:00','ACTIVO');
INSERT INTO cita (id_cita,id_paciente,id_medico,id_especialidad,id_tarifa_aplicada,id_usuario_recepcionista,monto_consulta,fecha,hora,duracion_minutos,estado,observaciones,usuario_registro,fecha_registro,estado_registro) VALUES (91,21,3,3,3,3,120.00,'2026-06-25','08:00:00',30,'ATENDIDA','Seguimiento de tratamiento.','recepcionista1','2026-06-25 08:00:00','ACTIVO');
INSERT INTO cita (id_cita,id_paciente,id_medico,id_especialidad,id_tarifa_aplicada,id_usuario_recepcionista,monto_consulta,fecha,hora,duracion_minutos,estado,observaciones,usuario_registro,fecha_registro,estado_registro) VALUES (92,22,4,4,4,2,100.00,'2026-06-25','08:00:00',25,'ATENDIDA','Chequeo preventivo.','recepcionista1','2026-06-25 08:00:00','ACTIVO');
INSERT INTO cita (id_cita,id_paciente,id_medico,id_especialidad,id_tarifa_aplicada,id_usuario_recepcionista,monto_consulta,fecha,hora,duracion_minutos,estado,observaciones,usuario_registro,fecha_registro,estado_registro) VALUES (93,23,1,1,1,2,60.00,'2026-06-26','08:00:00',30,'ATENDIDA','Paciente acudió puntualmente.','recepcionista1','2026-06-26 08:00:00','ACTIVO');
INSERT INTO cita (id_cita,id_paciente,id_medico,id_especialidad,id_tarifa_aplicada,id_usuario_recepcionista,monto_consulta,fecha,hora,duracion_minutos,estado,observaciones,usuario_registro,fecha_registro,estado_registro) VALUES (94,24,2,2,2,3,80.00,'2026-06-26','08:00:00',30,'ATENDIDA','Consulta por síntomas recientes.','recepcionista1','2026-06-26 08:00:00','ACTIVO');
INSERT INTO cita (id_cita,id_paciente,id_medico,id_especialidad,id_tarifa_aplicada,id_usuario_recepcionista,monto_consulta,fecha,hora,duracion_minutos,estado,observaciones,usuario_registro,fecha_registro,estado_registro) VALUES (95,25,3,3,3,2,120.00,'2026-06-26','08:00:00',30,'ATENDIDA','Paciente acudió puntualmente.','recepcionista1','2026-06-26 08:00:00','ACTIVO');
INSERT INTO cita (id_cita,id_paciente,id_medico,id_especialidad,id_tarifa_aplicada,id_usuario_recepcionista,monto_consulta,fecha,hora,duracion_minutos,estado,observaciones,usuario_registro,fecha_registro,estado_registro) VALUES (96,26,4,4,4,3,100.00,'2026-06-26','08:00:00',25,'ATENDIDA','Paciente acudió puntualmente.','recepcionista1','2026-06-26 08:00:00','ACTIVO');
INSERT INTO cita (id_cita,id_paciente,id_medico,id_especialidad,id_tarifa_aplicada,id_usuario_recepcionista,monto_consulta,fecha,hora,duracion_minutos,estado,observaciones,usuario_registro,fecha_registro,estado_registro) VALUES (97,27,5,5,5,2,100.00,'2026-06-26','08:00:00',30,'ATENDIDA','Paciente acudió puntualmente.','recepcionista1','2026-06-26 08:00:00','ACTIVO');
INSERT INTO cita (id_cita,id_paciente,id_medico,id_especialidad,id_tarifa_aplicada,id_usuario_recepcionista,monto_consulta,fecha,hora,duracion_minutos,estado,observaciones,usuario_registro,fecha_registro,estado_registro) VALUES (98,28,6,6,6,3,110.00,'2026-06-26','08:00:00',35,'ATENDIDA','Paciente acudió puntualmente.','recepcionista1','2026-06-26 08:00:00','ACTIVO');
INSERT INTO cita (id_cita,id_paciente,id_medico,id_especialidad,id_tarifa_aplicada,id_usuario_recepcionista,monto_consulta,fecha,hora,duracion_minutos,estado,observaciones,usuario_registro,fecha_registro,estado_registro) VALUES (99,29,7,1,1,2,60.00,'2026-06-26','08:00:00',30,'ATENDIDA','Consulta por síntomas recientes.','recepcionista1','2026-06-26 08:00:00','ACTIVO');
INSERT INTO cita (id_cita,id_paciente,id_medico,id_especialidad,id_tarifa_aplicada,id_usuario_recepcionista,monto_consulta,fecha,hora,duracion_minutos,estado,observaciones,usuario_registro,fecha_registro,estado_registro) VALUES (100,69,4,4,4,2,100.00,'2026-06-27','08:00:00',25,'ATENDIDA','Control y evaluación médica.','recepcionista1','2026-06-27 08:00:00','ACTIVO');
INSERT INTO cita (id_cita,id_paciente,id_medico,id_especialidad,id_tarifa_aplicada,id_usuario_recepcionista,monto_consulta,fecha,hora,duracion_minutos,estado,observaciones,usuario_registro,fecha_registro,estado_registro) VALUES (101,70,5,5,5,3,100.00,'2026-06-27','08:00:00',30,'ATENDIDA','Seguimiento de tratamiento.','recepcionista1','2026-06-27 08:00:00','ACTIVO');
INSERT INTO cita (id_cita,id_paciente,id_medico,id_especialidad,id_tarifa_aplicada,id_usuario_recepcionista,monto_consulta,fecha,hora,duracion_minutos,estado,observaciones,usuario_registro,fecha_registro,estado_registro) VALUES (102,71,6,6,6,2,110.00,'2026-06-27','08:00:00',35,'ATENDIDA','Seguimiento de tratamiento.','recepcionista1','2026-06-27 08:00:00','ACTIVO');
INSERT INTO cita (id_cita,id_paciente,id_medico,id_especialidad,id_tarifa_aplicada,id_usuario_recepcionista,monto_consulta,fecha,hora,duracion_minutos,estado,observaciones,usuario_registro,fecha_registro,estado_registro) VALUES (103,72,7,1,1,3,60.00,'2026-06-27','08:00:00',30,'ATENDIDA','Seguimiento de tratamiento.','recepcionista1','2026-06-27 08:00:00','ACTIVO');
INSERT INTO cita (id_cita,id_paciente,id_medico,id_especialidad,id_tarifa_aplicada,id_usuario_recepcionista,monto_consulta,fecha,hora,duracion_minutos,estado,observaciones,usuario_registro,fecha_registro,estado_registro) VALUES (104,44,10,8,8,2,140.00,'2026-06-29','08:00:00',40,'ATENDIDA','Control y evaluación médica.','recepcionista1','2026-06-29 08:00:00','ACTIVO');
INSERT INTO cita (id_cita,id_paciente,id_medico,id_especialidad,id_tarifa_aplicada,id_usuario_recepcionista,monto_consulta,fecha,hora,duracion_minutos,estado,observaciones,usuario_registro,fecha_registro,estado_registro) VALUES (105,45,11,2,2,3,80.00,'2026-06-29','08:00:00',30,'ATENDIDA','Chequeo preventivo.','recepcionista1','2026-06-29 08:00:00','ACTIVO');
INSERT INTO cita (id_cita,id_paciente,id_medico,id_especialidad,id_tarifa_aplicada,id_usuario_recepcionista,monto_consulta,fecha,hora,duracion_minutos,estado,observaciones,usuario_registro,fecha_registro,estado_registro) VALUES (106,46,12,6,6,2,110.00,'2026-06-29','08:00:00',35,'ATENDIDA','Paciente acudió puntualmente.','recepcionista1','2026-06-29 08:00:00','ACTIVO');
INSERT INTO cita (id_cita,id_paciente,id_medico,id_especialidad,id_tarifa_aplicada,id_usuario_recepcionista,monto_consulta,fecha,hora,duracion_minutos,estado,observaciones,usuario_registro,fecha_registro,estado_registro) VALUES (107,47,1,1,1,3,60.00,'2026-06-29','08:00:00',30,'ATENDIDA','Consulta por síntomas recientes.','recepcionista1','2026-06-29 08:00:00','ACTIVO');
INSERT INTO cita (id_cita,id_paciente,id_medico,id_especialidad,id_tarifa_aplicada,id_usuario_recepcionista,monto_consulta,fecha,hora,duracion_minutos,estado,observaciones,usuario_registro,fecha_registro,estado_registro) VALUES (108,48,2,2,2,2,80.00,'2026-06-29','08:00:00',30,'ATENDIDA','Seguimiento de tratamiento.','recepcionista1','2026-06-29 08:00:00','ACTIVO');
INSERT INTO cita (id_cita,id_paciente,id_medico,id_especialidad,id_tarifa_aplicada,id_usuario_recepcionista,monto_consulta,fecha,hora,duracion_minutos,estado,observaciones,usuario_registro,fecha_registro,estado_registro) VALUES (109,49,3,3,3,3,120.00,'2026-06-29','08:00:00',30,'ATENDIDA','Control y evaluación médica.','recepcionista1','2026-06-29 08:00:00','ACTIVO');
INSERT INTO cita (id_cita,id_paciente,id_medico,id_especialidad,id_tarifa_aplicada,id_usuario_recepcionista,monto_consulta,fecha,hora,duracion_minutos,estado,observaciones,usuario_registro,fecha_registro,estado_registro) VALUES (110,50,4,4,4,2,100.00,'2026-06-29','08:00:00',25,'ATENDIDA','Consulta por síntomas recientes.','recepcionista1','2026-06-29 08:00:00','ACTIVO');
INSERT INTO cita (id_cita,id_paciente,id_medico,id_especialidad,id_tarifa_aplicada,id_usuario_recepcionista,monto_consulta,fecha,hora,duracion_minutos,estado,observaciones,usuario_registro,fecha_registro,estado_registro) VALUES (111,51,1,1,1,2,60.00,'2026-06-30','08:00:00',30,'ATENDIDA','Control y evaluación médica.','recepcionista1','2026-06-30 08:00:00','ACTIVO');
INSERT INTO cita (id_cita,id_paciente,id_medico,id_especialidad,id_tarifa_aplicada,id_usuario_recepcionista,monto_consulta,fecha,hora,duracion_minutos,estado,observaciones,usuario_registro,fecha_registro,estado_registro) VALUES (112,52,2,2,2,3,80.00,'2026-06-30','08:00:00',30,'ATENDIDA','Paciente acudió puntualmente.','recepcionista1','2026-06-30 08:00:00','ACTIVO');
INSERT INTO cita (id_cita,id_paciente,id_medico,id_especialidad,id_tarifa_aplicada,id_usuario_recepcionista,monto_consulta,fecha,hora,duracion_minutos,estado,observaciones,usuario_registro,fecha_registro,estado_registro) VALUES (113,53,3,3,3,2,120.00,'2026-06-30','08:00:00',30,'ATENDIDA','Paciente acudió puntualmente.','recepcionista1','2026-06-30 08:00:00','ACTIVO');
INSERT INTO cita (id_cita,id_paciente,id_medico,id_especialidad,id_tarifa_aplicada,id_usuario_recepcionista,monto_consulta,fecha,hora,duracion_minutos,estado,observaciones,usuario_registro,fecha_registro,estado_registro) VALUES (114,54,4,4,4,3,100.00,'2026-06-30','08:00:00',25,'ATENDIDA','Seguimiento de tratamiento.','recepcionista1','2026-06-30 08:00:00','ACTIVO');
INSERT INTO cita (id_cita,id_paciente,id_medico,id_especialidad,id_tarifa_aplicada,id_usuario_recepcionista,monto_consulta,fecha,hora,duracion_minutos,estado,observaciones,usuario_registro,fecha_registro,estado_registro) VALUES (115,55,5,5,5,2,100.00,'2026-06-30','08:00:00',30,'ATENDIDA','Consulta por síntomas recientes.','recepcionista1','2026-06-30 08:00:00','ACTIVO');
INSERT INTO cita (id_cita,id_paciente,id_medico,id_especialidad,id_tarifa_aplicada,id_usuario_recepcionista,monto_consulta,fecha,hora,duracion_minutos,estado,observaciones,usuario_registro,fecha_registro,estado_registro) VALUES (116,56,6,6,6,3,110.00,'2026-06-30','08:00:00',35,'ATENDIDA','Seguimiento de tratamiento.','recepcionista1','2026-06-30 08:00:00','ACTIVO');
INSERT INTO cita (id_cita,id_paciente,id_medico,id_especialidad,id_tarifa_aplicada,id_usuario_recepcionista,monto_consulta,fecha,hora,duracion_minutos,estado,observaciones,usuario_registro,fecha_registro,estado_registro) VALUES (117,57,7,1,1,2,60.00,'2026-06-30','08:00:00',30,'ATENDIDA','Seguimiento de tratamiento.','recepcionista1','2026-06-30 08:00:00','ACTIVO');
INSERT INTO cita (id_cita,id_paciente,id_medico,id_especialidad,id_tarifa_aplicada,id_usuario_recepcionista,monto_consulta,fecha,hora,duracion_minutos,estado,observaciones,usuario_registro,fecha_registro,estado_registro) VALUES (118,58,4,4,4,2,100.00,'2026-07-01','08:00:00',25,'ATENDIDA','Consulta por síntomas recientes.','recepcionista1','2026-07-01 08:00:00','ACTIVO');
INSERT INTO cita (id_cita,id_paciente,id_medico,id_especialidad,id_tarifa_aplicada,id_usuario_recepcionista,monto_consulta,fecha,hora,duracion_minutos,estado,observaciones,usuario_registro,fecha_registro,estado_registro) VALUES (119,59,5,5,5,3,100.00,'2026-07-01','08:00:00',30,'ATENDIDA','Paciente acudió puntualmente.','recepcionista1','2026-07-01 08:00:00','ACTIVO');
INSERT INTO cita (id_cita,id_paciente,id_medico,id_especialidad,id_tarifa_aplicada,id_usuario_recepcionista,monto_consulta,fecha,hora,duracion_minutos,estado,observaciones,usuario_registro,fecha_registro,estado_registro) VALUES (120,60,6,6,6,2,110.00,'2026-07-01','08:00:00',35,'ATENDIDA','Seguimiento de tratamiento.','recepcionista1','2026-07-01 08:00:00','ACTIVO');
INSERT INTO cita (id_cita,id_paciente,id_medico,id_especialidad,id_tarifa_aplicada,id_usuario_recepcionista,monto_consulta,fecha,hora,duracion_minutos,estado,observaciones,usuario_registro,fecha_registro,estado_registro) VALUES (121,61,7,1,1,3,60.00,'2026-07-01','08:00:00',30,'ATENDIDA','Seguimiento de tratamiento.','recepcionista1','2026-07-01 08:00:00','ACTIVO');
INSERT INTO cita (id_cita,id_paciente,id_medico,id_especialidad,id_tarifa_aplicada,id_usuario_recepcionista,monto_consulta,fecha,hora,duracion_minutos,estado,observaciones,usuario_registro,fecha_registro,estado_registro) VALUES (122,62,8,3,3,2,120.00,'2026-07-01','08:00:00',30,'ATENDIDA','Paciente acudió puntualmente.','recepcionista1','2026-07-01 08:00:00','ACTIVO');
INSERT INTO cita (id_cita,id_paciente,id_medico,id_especialidad,id_tarifa_aplicada,id_usuario_recepcionista,monto_consulta,fecha,hora,duracion_minutos,estado,observaciones,usuario_registro,fecha_registro,estado_registro) VALUES (123,63,9,7,7,3,130.00,'2026-07-01','08:00:00',30,'ATENDIDA','Chequeo preventivo.','recepcionista1','2026-07-01 08:00:00','ACTIVO');
INSERT INTO cita (id_cita,id_paciente,id_medico,id_especialidad,id_tarifa_aplicada,id_usuario_recepcionista,monto_consulta,fecha,hora,duracion_minutos,estado,observaciones,usuario_registro,fecha_registro,estado_registro) VALUES (124,64,10,8,8,2,140.00,'2026-07-01','08:00:00',40,'ATENDIDA','Seguimiento de tratamiento.','recepcionista1','2026-07-01 08:00:00','ACTIVO');
INSERT INTO cita (id_cita,id_paciente,id_medico,id_especialidad,id_tarifa_aplicada,id_usuario_recepcionista,monto_consulta,fecha,hora,duracion_minutos,estado,observaciones,usuario_registro,fecha_registro,estado_registro) VALUES (125,65,7,1,1,2,60.00,'2026-07-02','08:00:00',30,'ATENDIDA','Seguimiento de tratamiento.','recepcionista1','2026-07-02 08:00:00','ACTIVO');
INSERT INTO cita (id_cita,id_paciente,id_medico,id_especialidad,id_tarifa_aplicada,id_usuario_recepcionista,monto_consulta,fecha,hora,duracion_minutos,estado,observaciones,usuario_registro,fecha_registro,estado_registro) VALUES (126,66,8,3,3,3,120.00,'2026-07-02','08:00:00',30,'ATENDIDA','Control y evaluación médica.','recepcionista1','2026-07-02 08:00:00','ACTIVO');
INSERT INTO cita (id_cita,id_paciente,id_medico,id_especialidad,id_tarifa_aplicada,id_usuario_recepcionista,monto_consulta,fecha,hora,duracion_minutos,estado,observaciones,usuario_registro,fecha_registro,estado_registro) VALUES (127,67,9,7,7,2,130.00,'2026-07-02','08:00:00',30,'ATENDIDA','Consulta por síntomas recientes.','recepcionista1','2026-07-02 08:00:00','ACTIVO');
INSERT INTO cita (id_cita,id_paciente,id_medico,id_especialidad,id_tarifa_aplicada,id_usuario_recepcionista,monto_consulta,fecha,hora,duracion_minutos,estado,observaciones,usuario_registro,fecha_registro,estado_registro) VALUES (128,68,10,8,8,3,140.00,'2026-07-02','08:00:00',40,'ATENDIDA','Chequeo preventivo.','recepcionista1','2026-07-02 08:00:00','ACTIVO');
INSERT INTO cita (id_cita,id_paciente,id_medico,id_especialidad,id_tarifa_aplicada,id_usuario_recepcionista,monto_consulta,fecha,hora,duracion_minutos,estado,observaciones,usuario_registro,fecha_registro,estado_registro) VALUES (129,69,11,2,2,2,80.00,'2026-07-02','08:00:00',30,'ATENDIDA','Paciente acudió puntualmente.','recepcionista1','2026-07-02 08:00:00','ACTIVO');
INSERT INTO cita (id_cita,id_paciente,id_medico,id_especialidad,id_tarifa_aplicada,id_usuario_recepcionista,monto_consulta,fecha,hora,duracion_minutos,estado,observaciones,usuario_registro,fecha_registro,estado_registro) VALUES (130,70,12,6,6,3,110.00,'2026-07-02','08:00:00',35,'ATENDIDA','Seguimiento de tratamiento.','recepcionista1','2026-07-02 08:00:00','ACTIVO');
INSERT INTO cita (id_cita,id_paciente,id_medico,id_especialidad,id_tarifa_aplicada,id_usuario_recepcionista,monto_consulta,fecha,hora,duracion_minutos,estado,observaciones,usuario_registro,fecha_registro,estado_registro) VALUES (131,71,1,1,1,2,60.00,'2026-07-02','08:00:00',30,'ATENDIDA','Paciente acudió puntualmente.','recepcionista1','2026-07-02 08:00:00','ACTIVO');
INSERT INTO cita (id_cita,id_paciente,id_medico,id_especialidad,id_tarifa_aplicada,id_usuario_recepcionista,monto_consulta,fecha,hora,duracion_minutos,estado,observaciones,usuario_registro,fecha_registro,estado_registro) VALUES (132,72,10,8,8,2,140.00,'2026-07-03','08:00:00',40,'ATENDIDA','Consulta por síntomas recientes.','recepcionista1','2026-07-03 08:00:00','ACTIVO');
INSERT INTO cita (id_cita,id_paciente,id_medico,id_especialidad,id_tarifa_aplicada,id_usuario_recepcionista,monto_consulta,fecha,hora,duracion_minutos,estado,observaciones,usuario_registro,fecha_registro,estado_registro) VALUES (133,73,11,2,2,3,80.00,'2026-07-03','08:00:00',30,'ATENDIDA','Chequeo preventivo.','recepcionista1','2026-07-03 08:00:00','ACTIVO');
INSERT INTO cita (id_cita,id_paciente,id_medico,id_especialidad,id_tarifa_aplicada,id_usuario_recepcionista,monto_consulta,fecha,hora,duracion_minutos,estado,observaciones,usuario_registro,fecha_registro,estado_registro) VALUES (134,74,12,6,6,2,110.00,'2026-07-03','08:00:00',35,'ATENDIDA','Seguimiento de tratamiento.','recepcionista1','2026-07-03 08:00:00','ACTIVO');
INSERT INTO cita (id_cita,id_paciente,id_medico,id_especialidad,id_tarifa_aplicada,id_usuario_recepcionista,monto_consulta,fecha,hora,duracion_minutos,estado,observaciones,usuario_registro,fecha_registro,estado_registro) VALUES (135,75,1,1,1,3,60.00,'2026-07-03','08:00:00',30,'ATENDIDA','Seguimiento de tratamiento.','recepcionista1','2026-07-03 08:00:00','ACTIVO');
INSERT INTO cita (id_cita,id_paciente,id_medico,id_especialidad,id_tarifa_aplicada,id_usuario_recepcionista,monto_consulta,fecha,hora,duracion_minutos,estado,observaciones,usuario_registro,fecha_registro,estado_registro) VALUES (136,76,2,2,2,2,80.00,'2026-07-03','08:00:00',30,'ATENDIDA','Chequeo preventivo.','recepcionista1','2026-07-03 08:00:00','ACTIVO');
INSERT INTO cita (id_cita,id_paciente,id_medico,id_especialidad,id_tarifa_aplicada,id_usuario_recepcionista,monto_consulta,fecha,hora,duracion_minutos,estado,observaciones,usuario_registro,fecha_registro,estado_registro) VALUES (137,77,3,3,3,3,120.00,'2026-07-03','08:00:00',30,'ATENDIDA','Chequeo preventivo.','recepcionista1','2026-07-03 08:00:00','ACTIVO');
INSERT INTO cita (id_cita,id_paciente,id_medico,id_especialidad,id_tarifa_aplicada,id_usuario_recepcionista,monto_consulta,fecha,hora,duracion_minutos,estado,observaciones,usuario_registro,fecha_registro,estado_registro) VALUES (138,78,4,4,4,2,100.00,'2026-07-03','08:00:00',25,'ATENDIDA','Paciente acudió puntualmente.','recepcionista1','2026-07-03 08:00:00','ACTIVO');
INSERT INTO cita (id_cita,id_paciente,id_medico,id_especialidad,id_tarifa_aplicada,id_usuario_recepcionista,monto_consulta,fecha,hora,duracion_minutos,estado,observaciones,usuario_registro,fecha_registro,estado_registro) VALUES (139,7,1,1,1,2,60.00,'2026-07-04','08:00:00',30,'ATENDIDA','Control y evaluación médica.','recepcionista1','2026-07-04 08:00:00','ACTIVO');
INSERT INTO cita (id_cita,id_paciente,id_medico,id_especialidad,id_tarifa_aplicada,id_usuario_recepcionista,monto_consulta,fecha,hora,duracion_minutos,estado,observaciones,usuario_registro,fecha_registro,estado_registro) VALUES (140,8,2,2,2,3,80.00,'2026-07-04','08:00:00',30,'ATENDIDA','Control y evaluación médica.','recepcionista1','2026-07-04 08:00:00','ACTIVO');
INSERT INTO cita (id_cita,id_paciente,id_medico,id_especialidad,id_tarifa_aplicada,id_usuario_recepcionista,monto_consulta,fecha,hora,duracion_minutos,estado,observaciones,usuario_registro,fecha_registro,estado_registro) VALUES (141,9,3,3,3,2,120.00,'2026-07-04','08:00:00',30,'ATENDIDA','Control y evaluación médica.','recepcionista1','2026-07-04 08:00:00','ACTIVO');
INSERT INTO cita (id_cita,id_paciente,id_medico,id_especialidad,id_tarifa_aplicada,id_usuario_recepcionista,monto_consulta,fecha,hora,duracion_minutos,estado,observaciones,usuario_registro,fecha_registro,estado_registro) VALUES (142,10,4,4,4,3,100.00,'2026-07-04','08:00:00',25,'ATENDIDA','Control y evaluación médica.','recepcionista1','2026-07-04 08:00:00','ACTIVO');
INSERT INTO cita (id_cita,id_paciente,id_medico,id_especialidad,id_tarifa_aplicada,id_usuario_recepcionista,monto_consulta,fecha,hora,duracion_minutos,estado,observaciones,usuario_registro,fecha_registro,estado_registro) VALUES (143,3,7,1,1,2,60.00,'2026-07-06','08:00:00',30,'ATENDIDA','Control y evaluación médica.','recepcionista1','2026-07-06 08:00:00','ACTIVO');
INSERT INTO cita (id_cita,id_paciente,id_medico,id_especialidad,id_tarifa_aplicada,id_usuario_recepcionista,monto_consulta,fecha,hora,duracion_minutos,estado,observaciones,usuario_registro,fecha_registro,estado_registro) VALUES (144,4,8,3,3,3,120.00,'2026-07-06','08:00:00',30,'ATENDIDA','Seguimiento de tratamiento.','recepcionista1','2026-07-06 08:00:00','ACTIVO');
INSERT INTO cita (id_cita,id_paciente,id_medico,id_especialidad,id_tarifa_aplicada,id_usuario_recepcionista,monto_consulta,fecha,hora,duracion_minutos,estado,observaciones,usuario_registro,fecha_registro,estado_registro) VALUES (145,5,9,7,7,2,130.00,'2026-07-06','08:00:00',30,'ATENDIDA','Paciente acudió puntualmente.','recepcionista1','2026-07-06 08:00:00','ACTIVO');
INSERT INTO cita (id_cita,id_paciente,id_medico,id_especialidad,id_tarifa_aplicada,id_usuario_recepcionista,monto_consulta,fecha,hora,duracion_minutos,estado,observaciones,usuario_registro,fecha_registro,estado_registro) VALUES (146,6,10,8,8,3,140.00,'2026-07-06','08:00:00',40,'ATENDIDA','Consulta por síntomas recientes.','recepcionista1','2026-07-06 08:00:00','ACTIVO');
INSERT INTO cita (id_cita,id_paciente,id_medico,id_especialidad,id_tarifa_aplicada,id_usuario_recepcionista,monto_consulta,fecha,hora,duracion_minutos,estado,observaciones,usuario_registro,fecha_registro,estado_registro) VALUES (147,7,11,2,2,2,80.00,'2026-07-06','08:00:00',30,'ATENDIDA','Consulta por síntomas recientes.','recepcionista1','2026-07-06 08:00:00','ACTIVO');
INSERT INTO cita (id_cita,id_paciente,id_medico,id_especialidad,id_tarifa_aplicada,id_usuario_recepcionista,monto_consulta,fecha,hora,duracion_minutos,estado,observaciones,usuario_registro,fecha_registro,estado_registro) VALUES (148,8,12,6,6,3,110.00,'2026-07-06','08:00:00',35,'ATENDIDA','Seguimiento de tratamiento.','recepcionista1','2026-07-06 08:00:00','ACTIVO');
INSERT INTO cita (id_cita,id_paciente,id_medico,id_especialidad,id_tarifa_aplicada,id_usuario_recepcionista,monto_consulta,fecha,hora,duracion_minutos,estado,observaciones,usuario_registro,fecha_registro,estado_registro) VALUES (149,9,1,1,1,2,60.00,'2026-07-06','08:00:00',30,'ATENDIDA','Consulta por síntomas recientes.','recepcionista1','2026-07-06 08:00:00','ACTIVO');
INSERT INTO cita (id_cita,id_paciente,id_medico,id_especialidad,id_tarifa_aplicada,id_usuario_recepcionista,monto_consulta,fecha,hora,duracion_minutos,estado,observaciones,usuario_registro,fecha_registro,estado_registro) VALUES (150,10,10,8,8,2,140.00,'2026-07-07','08:00:00',40,'ATENDIDA','Control y evaluación médica.','recepcionista1','2026-07-07 08:00:00','ACTIVO');
INSERT INTO cita (id_cita,id_paciente,id_medico,id_especialidad,id_tarifa_aplicada,id_usuario_recepcionista,monto_consulta,fecha,hora,duracion_minutos,estado,observaciones,usuario_registro,fecha_registro,estado_registro) VALUES (151,11,11,2,2,3,80.00,'2026-07-07','08:00:00',30,'ATENDIDA','Control y evaluación médica.','recepcionista1','2026-07-07 08:00:00','ACTIVO');
INSERT INTO cita (id_cita,id_paciente,id_medico,id_especialidad,id_tarifa_aplicada,id_usuario_recepcionista,monto_consulta,fecha,hora,duracion_minutos,estado,observaciones,usuario_registro,fecha_registro,estado_registro) VALUES (152,12,12,6,6,2,110.00,'2026-07-07','08:00:00',35,'ATENDIDA','Chequeo preventivo.','recepcionista1','2026-07-07 08:00:00','ACTIVO');
INSERT INTO cita (id_cita,id_paciente,id_medico,id_especialidad,id_tarifa_aplicada,id_usuario_recepcionista,monto_consulta,fecha,hora,duracion_minutos,estado,observaciones,usuario_registro,fecha_registro,estado_registro) VALUES (153,13,1,1,1,3,60.00,'2026-07-07','08:00:00',30,'ATENDIDA','Seguimiento de tratamiento.','recepcionista1','2026-07-07 08:00:00','ACTIVO');
INSERT INTO cita (id_cita,id_paciente,id_medico,id_especialidad,id_tarifa_aplicada,id_usuario_recepcionista,monto_consulta,fecha,hora,duracion_minutos,estado,observaciones,usuario_registro,fecha_registro,estado_registro) VALUES (154,14,2,2,2,2,80.00,'2026-07-07','08:00:00',30,'ATENDIDA','Paciente acudió puntualmente.','recepcionista1','2026-07-07 08:00:00','ACTIVO');
INSERT INTO cita (id_cita,id_paciente,id_medico,id_especialidad,id_tarifa_aplicada,id_usuario_recepcionista,monto_consulta,fecha,hora,duracion_minutos,estado,observaciones,usuario_registro,fecha_registro,estado_registro) VALUES (155,15,3,3,3,3,120.00,'2026-07-07','08:00:00',30,'ATENDIDA','Consulta por síntomas recientes.','recepcionista1','2026-07-07 08:00:00','ACTIVO');
INSERT INTO cita (id_cita,id_paciente,id_medico,id_especialidad,id_tarifa_aplicada,id_usuario_recepcionista,monto_consulta,fecha,hora,duracion_minutos,estado,observaciones,usuario_registro,fecha_registro,estado_registro) VALUES (156,16,4,4,4,2,100.00,'2026-07-07','08:00:00',25,'ATENDIDA','Seguimiento de tratamiento.','recepcionista1','2026-07-07 08:00:00','ACTIVO');
INSERT INTO cita (id_cita,id_paciente,id_medico,id_especialidad,id_tarifa_aplicada,id_usuario_recepcionista,monto_consulta,fecha,hora,duracion_minutos,estado,observaciones,usuario_registro,fecha_registro,estado_registro) VALUES (157,17,1,1,1,2,60.00,'2026-07-08','08:00:00',30,'ATENDIDA','Consulta por síntomas recientes.','recepcionista1','2026-07-08 08:00:00','ACTIVO');
INSERT INTO cita (id_cita,id_paciente,id_medico,id_especialidad,id_tarifa_aplicada,id_usuario_recepcionista,monto_consulta,fecha,hora,duracion_minutos,estado,observaciones,usuario_registro,fecha_registro,estado_registro) VALUES (158,18,2,2,2,3,80.00,'2026-07-08','08:00:00',30,'ATENDIDA','Chequeo preventivo.','recepcionista1','2026-07-08 08:00:00','ACTIVO');
INSERT INTO cita (id_cita,id_paciente,id_medico,id_especialidad,id_tarifa_aplicada,id_usuario_recepcionista,monto_consulta,fecha,hora,duracion_minutos,estado,observaciones,usuario_registro,fecha_registro,estado_registro) VALUES (159,19,3,3,3,2,120.00,'2026-07-08','08:00:00',30,'ATENDIDA','Consulta por síntomas recientes.','recepcionista1','2026-07-08 08:00:00','ACTIVO');
INSERT INTO cita (id_cita,id_paciente,id_medico,id_especialidad,id_tarifa_aplicada,id_usuario_recepcionista,monto_consulta,fecha,hora,duracion_minutos,estado,observaciones,usuario_registro,fecha_registro,estado_registro) VALUES (160,20,4,4,4,3,100.00,'2026-07-08','08:00:00',25,'ATENDIDA','Consulta por síntomas recientes.','recepcionista1','2026-07-08 08:00:00','ACTIVO');
INSERT INTO cita (id_cita,id_paciente,id_medico,id_especialidad,id_tarifa_aplicada,id_usuario_recepcionista,monto_consulta,fecha,hora,duracion_minutos,estado,observaciones,usuario_registro,fecha_registro,estado_registro) VALUES (161,21,5,5,5,2,100.00,'2026-07-08','08:00:00',30,'ATENDIDA','Consulta por síntomas recientes.','recepcionista1','2026-07-08 08:00:00','ACTIVO');
INSERT INTO cita (id_cita,id_paciente,id_medico,id_especialidad,id_tarifa_aplicada,id_usuario_recepcionista,monto_consulta,fecha,hora,duracion_minutos,estado,observaciones,usuario_registro,fecha_registro,estado_registro) VALUES (162,22,6,6,6,3,110.00,'2026-07-08','08:00:00',35,'ATENDIDA','Seguimiento de tratamiento.','recepcionista1','2026-07-08 08:00:00','ACTIVO');
INSERT INTO cita (id_cita,id_paciente,id_medico,id_especialidad,id_tarifa_aplicada,id_usuario_recepcionista,monto_consulta,fecha,hora,duracion_minutos,estado,observaciones,usuario_registro,fecha_registro,estado_registro) VALUES (163,23,7,1,1,2,60.00,'2026-07-08','08:00:00',30,'ATENDIDA','Consulta por síntomas recientes.','recepcionista1','2026-07-08 08:00:00','ACTIVO');
INSERT INTO cita (id_cita,id_paciente,id_medico,id_especialidad,id_tarifa_aplicada,id_usuario_recepcionista,monto_consulta,fecha,hora,duracion_minutos,estado,observaciones,usuario_registro,fecha_registro,estado_registro) VALUES (164,24,4,4,4,2,100.00,'2026-07-09','08:00:00',25,'ATENDIDA','Chequeo preventivo.','recepcionista1','2026-07-09 08:00:00','ACTIVO');
INSERT INTO cita (id_cita,id_paciente,id_medico,id_especialidad,id_tarifa_aplicada,id_usuario_recepcionista,monto_consulta,fecha,hora,duracion_minutos,estado,observaciones,usuario_registro,fecha_registro,estado_registro) VALUES (165,25,5,5,5,3,100.00,'2026-07-09','08:00:00',30,'ATENDIDA','Consulta por síntomas recientes.','recepcionista1','2026-07-09 08:00:00','ACTIVO');
INSERT INTO cita (id_cita,id_paciente,id_medico,id_especialidad,id_tarifa_aplicada,id_usuario_recepcionista,monto_consulta,fecha,hora,duracion_minutos,estado,observaciones,usuario_registro,fecha_registro,estado_registro) VALUES (166,26,6,6,6,2,110.00,'2026-07-09','08:00:00',35,'ATENDIDA','Control y evaluación médica.','recepcionista1','2026-07-09 08:00:00','ACTIVO');
INSERT INTO cita (id_cita,id_paciente,id_medico,id_especialidad,id_tarifa_aplicada,id_usuario_recepcionista,monto_consulta,fecha,hora,duracion_minutos,estado,observaciones,usuario_registro,fecha_registro,estado_registro) VALUES (167,27,7,1,1,3,60.00,'2026-07-09','08:00:00',30,'ATENDIDA','Paciente acudió puntualmente.','recepcionista1','2026-07-09 08:00:00','ACTIVO');
INSERT INTO cita (id_cita,id_paciente,id_medico,id_especialidad,id_tarifa_aplicada,id_usuario_recepcionista,monto_consulta,fecha,hora,duracion_minutos,estado,observaciones,usuario_registro,fecha_registro,estado_registro) VALUES (168,28,8,3,3,2,120.00,'2026-07-09','08:00:00',30,'ATENDIDA','Seguimiento de tratamiento.','recepcionista1','2026-07-09 08:00:00','ACTIVO');
INSERT INTO cita (id_cita,id_paciente,id_medico,id_especialidad,id_tarifa_aplicada,id_usuario_recepcionista,monto_consulta,fecha,hora,duracion_minutos,estado,observaciones,usuario_registro,fecha_registro,estado_registro) VALUES (169,29,9,7,7,3,130.00,'2026-07-09','08:00:00',30,'ATENDIDA','Paciente acudió puntualmente.','recepcionista1','2026-07-09 08:00:00','ACTIVO');
INSERT INTO cita (id_cita,id_paciente,id_medico,id_especialidad,id_tarifa_aplicada,id_usuario_recepcionista,monto_consulta,fecha,hora,duracion_minutos,estado,observaciones,usuario_registro,fecha_registro,estado_registro) VALUES (170,30,10,8,8,2,140.00,'2026-07-09','08:00:00',40,'ATENDIDA','Control y evaluación médica.','recepcionista1','2026-07-09 08:00:00','ACTIVO');
INSERT INTO cita (id_cita,id_paciente,id_medico,id_especialidad,id_tarifa_aplicada,id_usuario_recepcionista,monto_consulta,fecha,hora,duracion_minutos,estado,observaciones,usuario_registro,fecha_registro,estado_registro) VALUES (171,31,7,1,1,2,60.00,'2026-07-10','08:00:00',30,'ATENDIDA','Seguimiento de tratamiento.','recepcionista1','2026-07-10 08:00:00','ACTIVO');
INSERT INTO cita (id_cita,id_paciente,id_medico,id_especialidad,id_tarifa_aplicada,id_usuario_recepcionista,monto_consulta,fecha,hora,duracion_minutos,estado,observaciones,usuario_registro,fecha_registro,estado_registro) VALUES (172,32,8,3,3,3,120.00,'2026-07-10','08:00:00',30,'ATENDIDA','Control y evaluación médica.','recepcionista1','2026-07-10 08:00:00','ACTIVO');
INSERT INTO cita (id_cita,id_paciente,id_medico,id_especialidad,id_tarifa_aplicada,id_usuario_recepcionista,monto_consulta,fecha,hora,duracion_minutos,estado,observaciones,usuario_registro,fecha_registro,estado_registro) VALUES (173,33,9,7,7,2,130.00,'2026-07-10','08:00:00',30,'ATENDIDA','Seguimiento de tratamiento.','recepcionista1','2026-07-10 08:00:00','ACTIVO');
INSERT INTO cita (id_cita,id_paciente,id_medico,id_especialidad,id_tarifa_aplicada,id_usuario_recepcionista,monto_consulta,fecha,hora,duracion_minutos,estado,observaciones,usuario_registro,fecha_registro,estado_registro) VALUES (174,34,10,8,8,3,140.00,'2026-07-10','08:00:00',40,'ATENDIDA','Seguimiento de tratamiento.','recepcionista1','2026-07-10 08:00:00','ACTIVO');
INSERT INTO cita (id_cita,id_paciente,id_medico,id_especialidad,id_tarifa_aplicada,id_usuario_recepcionista,monto_consulta,fecha,hora,duracion_minutos,estado,observaciones,usuario_registro,fecha_registro,estado_registro) VALUES (175,35,11,2,2,2,80.00,'2026-07-10','08:00:00',30,'ATENDIDA','Chequeo preventivo.','recepcionista1','2026-07-10 08:00:00','ACTIVO');
INSERT INTO cita (id_cita,id_paciente,id_medico,id_especialidad,id_tarifa_aplicada,id_usuario_recepcionista,monto_consulta,fecha,hora,duracion_minutos,estado,observaciones,usuario_registro,fecha_registro,estado_registro) VALUES (176,36,12,6,6,3,110.00,'2026-07-10','08:00:00',35,'ATENDIDA','Chequeo preventivo.','recepcionista1','2026-07-10 08:00:00','ACTIVO');
INSERT INTO cita (id_cita,id_paciente,id_medico,id_especialidad,id_tarifa_aplicada,id_usuario_recepcionista,monto_consulta,fecha,hora,duracion_minutos,estado,observaciones,usuario_registro,fecha_registro,estado_registro) VALUES (177,37,1,1,1,2,60.00,'2026-07-10','08:00:00',30,'ATENDIDA','Chequeo preventivo.','recepcionista1','2026-07-10 08:00:00','ACTIVO');
INSERT INTO cita (id_cita,id_paciente,id_medico,id_especialidad,id_tarifa_aplicada,id_usuario_recepcionista,monto_consulta,fecha,hora,duracion_minutos,estado,observaciones,usuario_registro,fecha_registro,estado_registro) VALUES (178,21,1,1,1,2,60.00,'2026-07-11','08:00:00',30,'PROGRAMADA','Cita programada para consulta externa.','recepcionista1','2026-07-10 09:00:00','ACTIVO');
INSERT INTO cita (id_cita,id_paciente,id_medico,id_especialidad,id_tarifa_aplicada,id_usuario_recepcionista,monto_consulta,fecha,hora,duracion_minutos,estado,observaciones,usuario_registro,fecha_registro,estado_registro) VALUES (179,22,3,3,3,3,120.00,'2026-07-11','08:00:00',30,'PROGRAMADA','Cita programada para consulta externa.','recepcionista1','2026-07-10 09:00:00','ACTIVO');
INSERT INTO cita (id_cita,id_paciente,id_medico,id_especialidad,id_tarifa_aplicada,id_usuario_recepcionista,monto_consulta,fecha,hora,duracion_minutos,estado,observaciones,usuario_registro,fecha_registro,estado_registro) VALUES (180,23,5,5,5,2,100.00,'2026-07-11','08:00:00',30,'CONFIRMADA','Cita programada para consulta externa.','recepcionista1','2026-07-10 09:00:00','ACTIVO');
INSERT INTO cita (id_cita,id_paciente,id_medico,id_especialidad,id_tarifa_aplicada,id_usuario_recepcionista,monto_consulta,fecha,hora,duracion_minutos,estado,observaciones,usuario_registro,fecha_registro,estado_registro) VALUES (181,33,11,2,2,2,80.00,'2026-07-13','08:00:00',30,'PROGRAMADA','Cita programada para consulta externa.','recepcionista1','2026-07-10 09:00:00','ACTIVO');
INSERT INTO cita (id_cita,id_paciente,id_medico,id_especialidad,id_tarifa_aplicada,id_usuario_recepcionista,monto_consulta,fecha,hora,duracion_minutos,estado,observaciones,usuario_registro,fecha_registro,estado_registro) VALUES (182,34,1,1,1,3,60.00,'2026-07-13','08:00:00',30,'EN_ESPERA','Cita programada para consulta externa.','recepcionista1','2026-07-10 09:00:00','ACTIVO');
INSERT INTO cita (id_cita,id_paciente,id_medico,id_especialidad,id_tarifa_aplicada,id_usuario_recepcionista,monto_consulta,fecha,hora,duracion_minutos,estado,observaciones,usuario_registro,fecha_registro,estado_registro) VALUES (183,35,3,3,3,2,120.00,'2026-07-13','08:00:00',30,'PROGRAMADA','Cita programada para consulta externa.','recepcionista1','2026-07-10 09:00:00','ACTIVO');
INSERT INTO cita (id_cita,id_paciente,id_medico,id_especialidad,id_tarifa_aplicada,id_usuario_recepcionista,monto_consulta,fecha,hora,duracion_minutos,estado,observaciones,usuario_registro,fecha_registro,estado_registro) VALUES (184,36,5,5,5,3,100.00,'2026-07-13','08:00:00',30,'EN_ESPERA','Cita programada para consulta externa.','recepcionista1','2026-07-10 09:00:00','ACTIVO');
INSERT INTO cita (id_cita,id_paciente,id_medico,id_especialidad,id_tarifa_aplicada,id_usuario_recepcionista,monto_consulta,fecha,hora,duracion_minutos,estado,observaciones,usuario_registro,fecha_registro,estado_registro) VALUES (185,37,7,1,1,2,60.00,'2026-07-13','08:00:00',30,'PROGRAMADA','Cita programada para consulta externa.','recepcionista1','2026-07-10 09:00:00','ACTIVO');
INSERT INTO cita (id_cita,id_paciente,id_medico,id_especialidad,id_tarifa_aplicada,id_usuario_recepcionista,monto_consulta,fecha,hora,duracion_minutos,estado,observaciones,usuario_registro,fecha_registro,estado_registro) VALUES (186,38,9,7,7,3,130.00,'2026-07-13','08:00:00',30,'PROGRAMADA','Cita programada para consulta externa.','recepcionista1','2026-07-10 09:00:00','ACTIVO');
INSERT INTO cita (id_cita,id_paciente,id_medico,id_especialidad,id_tarifa_aplicada,id_usuario_recepcionista,monto_consulta,fecha,hora,duracion_minutos,estado,observaciones,usuario_registro,fecha_registro,estado_registro) VALUES (187,39,4,4,4,2,100.00,'2026-07-14','08:00:00',25,'PROGRAMADA','Cita programada para consulta externa.','recepcionista1','2026-07-10 09:00:00','ACTIVO');
INSERT INTO cita (id_cita,id_paciente,id_medico,id_especialidad,id_tarifa_aplicada,id_usuario_recepcionista,monto_consulta,fecha,hora,duracion_minutos,estado,observaciones,usuario_registro,fecha_registro,estado_registro) VALUES (188,40,6,6,6,3,110.00,'2026-07-14','08:00:00',35,'EN_ESPERA','Cita programada para consulta externa.','recepcionista1','2026-07-10 09:00:00','ACTIVO');
INSERT INTO cita (id_cita,id_paciente,id_medico,id_especialidad,id_tarifa_aplicada,id_usuario_recepcionista,monto_consulta,fecha,hora,duracion_minutos,estado,observaciones,usuario_registro,fecha_registro,estado_registro) VALUES (189,41,8,3,3,2,120.00,'2026-07-14','08:00:00',30,'PROGRAMADA','Cita programada para consulta externa.','recepcionista1','2026-07-10 09:00:00','ACTIVO');
INSERT INTO cita (id_cita,id_paciente,id_medico,id_especialidad,id_tarifa_aplicada,id_usuario_recepcionista,monto_consulta,fecha,hora,duracion_minutos,estado,observaciones,usuario_registro,fecha_registro,estado_registro) VALUES (190,42,10,8,8,3,140.00,'2026-07-14','08:00:00',40,'CONFIRMADA','Cita programada para consulta externa.','recepcionista1','2026-07-10 09:00:00','ACTIVO');
INSERT INTO cita (id_cita,id_paciente,id_medico,id_especialidad,id_tarifa_aplicada,id_usuario_recepcionista,monto_consulta,fecha,hora,duracion_minutos,estado,observaciones,usuario_registro,fecha_registro,estado_registro) VALUES (191,43,12,6,6,2,110.00,'2026-07-14','08:00:00',35,'CONFIRMADA','Cita programada para consulta externa.','recepcionista1','2026-07-10 09:00:00','ACTIVO');
INSERT INTO cita (id_cita,id_paciente,id_medico,id_especialidad,id_tarifa_aplicada,id_usuario_recepcionista,monto_consulta,fecha,hora,duracion_minutos,estado,observaciones,usuario_registro,fecha_registro,estado_registro) VALUES (192,44,2,2,2,3,80.00,'2026-07-14','08:00:00',30,'CONFIRMADA','Cita programada para consulta externa.','recepcionista1','2026-07-10 09:00:00','ACTIVO');
INSERT INTO cita (id_cita,id_paciente,id_medico,id_especialidad,id_tarifa_aplicada,id_usuario_recepcionista,monto_consulta,fecha,hora,duracion_minutos,estado,observaciones,usuario_registro,fecha_registro,estado_registro) VALUES (193,45,9,7,7,2,130.00,'2026-07-15','08:00:00',30,'EN_ESPERA','Cita programada para consulta externa.','recepcionista1','2026-07-10 09:00:00','ACTIVO');
INSERT INTO cita (id_cita,id_paciente,id_medico,id_especialidad,id_tarifa_aplicada,id_usuario_recepcionista,monto_consulta,fecha,hora,duracion_minutos,estado,observaciones,usuario_registro,fecha_registro,estado_registro) VALUES (194,46,11,2,2,3,80.00,'2026-07-15','08:00:00',30,'CONFIRMADA','Cita programada para consulta externa.','recepcionista1','2026-07-10 09:00:00','ACTIVO');
INSERT INTO cita (id_cita,id_paciente,id_medico,id_especialidad,id_tarifa_aplicada,id_usuario_recepcionista,monto_consulta,fecha,hora,duracion_minutos,estado,observaciones,usuario_registro,fecha_registro,estado_registro) VALUES (195,47,1,1,1,2,60.00,'2026-07-15','08:00:00',30,'CONFIRMADA','Cita programada para consulta externa.','recepcionista1','2026-07-10 09:00:00','ACTIVO');
INSERT INTO cita (id_cita,id_paciente,id_medico,id_especialidad,id_tarifa_aplicada,id_usuario_recepcionista,monto_consulta,fecha,hora,duracion_minutos,estado,observaciones,usuario_registro,fecha_registro,estado_registro) VALUES (196,48,3,3,3,3,120.00,'2026-07-15','08:00:00',30,'PROGRAMADA','Cita programada para consulta externa.','recepcionista1','2026-07-10 09:00:00','ACTIVO');
INSERT INTO cita (id_cita,id_paciente,id_medico,id_especialidad,id_tarifa_aplicada,id_usuario_recepcionista,monto_consulta,fecha,hora,duracion_minutos,estado,observaciones,usuario_registro,fecha_registro,estado_registro) VALUES (197,49,5,5,5,2,100.00,'2026-07-15','08:00:00',30,'PROGRAMADA','Cita programada para consulta externa.','recepcionista1','2026-07-10 09:00:00','ACTIVO');
INSERT INTO cita (id_cita,id_paciente,id_medico,id_especialidad,id_tarifa_aplicada,id_usuario_recepcionista,monto_consulta,fecha,hora,duracion_minutos,estado,observaciones,usuario_registro,fecha_registro,estado_registro) VALUES (198,50,7,1,1,3,60.00,'2026-07-15','08:00:00',30,'PROGRAMADA','Cita programada para consulta externa.','recepcionista1','2026-07-10 09:00:00','ACTIVO');
INSERT INTO cita (id_cita,id_paciente,id_medico,id_especialidad,id_tarifa_aplicada,id_usuario_recepcionista,monto_consulta,fecha,hora,duracion_minutos,estado,observaciones,usuario_registro,fecha_registro,estado_registro) VALUES (199,51,2,2,2,2,80.00,'2026-07-16','08:00:00',30,'CONFIRMADA','Cita programada para consulta externa.','recepcionista1','2026-07-10 09:00:00','ACTIVO');
INSERT INTO cita (id_cita,id_paciente,id_medico,id_especialidad,id_tarifa_aplicada,id_usuario_recepcionista,monto_consulta,fecha,hora,duracion_minutos,estado,observaciones,usuario_registro,fecha_registro,estado_registro) VALUES (200,52,4,4,4,3,100.00,'2026-07-16','08:00:00',25,'PROGRAMADA','Cita programada para consulta externa.','recepcionista1','2026-07-10 09:00:00','ACTIVO');
INSERT INTO cita (id_cita,id_paciente,id_medico,id_especialidad,id_tarifa_aplicada,id_usuario_recepcionista,monto_consulta,fecha,hora,duracion_minutos,estado,observaciones,usuario_registro,fecha_registro,estado_registro) VALUES (201,53,6,6,6,2,110.00,'2026-07-16','08:00:00',35,'EN_ESPERA','Cita programada para consulta externa.','recepcionista1','2026-07-10 09:00:00','ACTIVO');
INSERT INTO cita (id_cita,id_paciente,id_medico,id_especialidad,id_tarifa_aplicada,id_usuario_recepcionista,monto_consulta,fecha,hora,duracion_minutos,estado,observaciones,usuario_registro,fecha_registro,estado_registro) VALUES (202,54,8,3,3,3,120.00,'2026-07-16','08:00:00',30,'PROGRAMADA','Cita programada para consulta externa.','recepcionista1','2026-07-10 09:00:00','ACTIVO');
INSERT INTO cita (id_cita,id_paciente,id_medico,id_especialidad,id_tarifa_aplicada,id_usuario_recepcionista,monto_consulta,fecha,hora,duracion_minutos,estado,observaciones,usuario_registro,fecha_registro,estado_registro) VALUES (203,55,10,8,8,2,140.00,'2026-07-16','08:00:00',40,'EN_ESPERA','Cita programada para consulta externa.','recepcionista1','2026-07-10 09:00:00','ACTIVO');
INSERT INTO cita (id_cita,id_paciente,id_medico,id_especialidad,id_tarifa_aplicada,id_usuario_recepcionista,monto_consulta,fecha,hora,duracion_minutos,estado,observaciones,usuario_registro,fecha_registro,estado_registro) VALUES (204,56,12,6,6,3,110.00,'2026-07-16','08:00:00',35,'CONFIRMADA','Cita programada para consulta externa.','recepcionista1','2026-07-10 09:00:00','ACTIVO');
INSERT INTO cita (id_cita,id_paciente,id_medico,id_especialidad,id_tarifa_aplicada,id_usuario_recepcionista,monto_consulta,fecha,hora,duracion_minutos,estado,observaciones,usuario_registro,fecha_registro,estado_registro) VALUES (205,57,7,1,1,2,60.00,'2026-07-17','08:00:00',30,'PROGRAMADA','Cita programada para consulta externa.','recepcionista1','2026-07-10 09:00:00','ACTIVO');
INSERT INTO cita (id_cita,id_paciente,id_medico,id_especialidad,id_tarifa_aplicada,id_usuario_recepcionista,monto_consulta,fecha,hora,duracion_minutos,estado,observaciones,usuario_registro,fecha_registro,estado_registro) VALUES (206,58,9,7,7,3,130.00,'2026-07-17','08:00:00',30,'PROGRAMADA','Cita programada para consulta externa.','recepcionista1','2026-07-10 09:00:00','ACTIVO');
INSERT INTO cita (id_cita,id_paciente,id_medico,id_especialidad,id_tarifa_aplicada,id_usuario_recepcionista,monto_consulta,fecha,hora,duracion_minutos,estado,observaciones,usuario_registro,fecha_registro,estado_registro) VALUES (207,59,11,2,2,2,80.00,'2026-07-17','08:00:00',30,'PROGRAMADA','Cita programada para consulta externa.','recepcionista1','2026-07-10 09:00:00','ACTIVO');
INSERT INTO cita (id_cita,id_paciente,id_medico,id_especialidad,id_tarifa_aplicada,id_usuario_recepcionista,monto_consulta,fecha,hora,duracion_minutos,estado,observaciones,usuario_registro,fecha_registro,estado_registro) VALUES (208,60,1,1,1,3,60.00,'2026-07-17','08:00:00',30,'PROGRAMADA','Cita programada para consulta externa.','recepcionista1','2026-07-10 09:00:00','ACTIVO');
INSERT INTO cita (id_cita,id_paciente,id_medico,id_especialidad,id_tarifa_aplicada,id_usuario_recepcionista,monto_consulta,fecha,hora,duracion_minutos,estado,observaciones,usuario_registro,fecha_registro,estado_registro) VALUES (209,61,3,3,3,2,120.00,'2026-07-17','08:00:00',30,'CONFIRMADA','Cita programada para consulta externa.','recepcionista1','2026-07-10 09:00:00','ACTIVO');
INSERT INTO cita (id_cita,id_paciente,id_medico,id_especialidad,id_tarifa_aplicada,id_usuario_recepcionista,monto_consulta,fecha,hora,duracion_minutos,estado,observaciones,usuario_registro,fecha_registro,estado_registro) VALUES (210,62,5,5,5,3,100.00,'2026-07-17','08:00:00',30,'PROGRAMADA','Cita programada para consulta externa.','recepcionista1','2026-07-10 09:00:00','ACTIVO');
INSERT INTO cita (id_cita,id_paciente,id_medico,id_especialidad,id_tarifa_aplicada,id_usuario_recepcionista,monto_consulta,fecha,hora,duracion_minutos,estado,observaciones,usuario_registro,fecha_registro,estado_registro) VALUES (211,42,12,6,6,2,110.00,'2026-07-18','08:00:00',35,'PROGRAMADA','Cita programada para consulta externa.','recepcionista1','2026-07-10 09:00:00','ACTIVO');
INSERT INTO cita (id_cita,id_paciente,id_medico,id_especialidad,id_tarifa_aplicada,id_usuario_recepcionista,monto_consulta,fecha,hora,duracion_minutos,estado,observaciones,usuario_registro,fecha_registro,estado_registro) VALUES (212,43,2,2,2,3,80.00,'2026-07-18','08:00:00',30,'CONFIRMADA','Cita programada para consulta externa.','recepcionista1','2026-07-10 09:00:00','ACTIVO');
INSERT INTO cita (id_cita,id_paciente,id_medico,id_especialidad,id_tarifa_aplicada,id_usuario_recepcionista,monto_consulta,fecha,hora,duracion_minutos,estado,observaciones,usuario_registro,fecha_registro,estado_registro) VALUES (213,44,4,4,4,2,100.00,'2026-07-18','08:00:00',25,'PROGRAMADA','Cita programada para consulta externa.','recepcionista1','2026-07-10 09:00:00','ACTIVO');
INSERT INTO cita (id_cita,id_paciente,id_medico,id_especialidad,id_tarifa_aplicada,id_usuario_recepcionista,monto_consulta,fecha,hora,duracion_minutos,estado,observaciones,usuario_registro,fecha_registro,estado_registro) VALUES (214,75,10,8,8,2,140.00,'2026-07-20','08:00:00',40,'PROGRAMADA','Cita programada para consulta externa.','recepcionista1','2026-07-10 09:00:00','ACTIVO');
INSERT INTO cita (id_cita,id_paciente,id_medico,id_especialidad,id_tarifa_aplicada,id_usuario_recepcionista,monto_consulta,fecha,hora,duracion_minutos,estado,observaciones,usuario_registro,fecha_registro,estado_registro) VALUES (215,76,12,6,6,3,110.00,'2026-07-20','08:00:00',35,'PROGRAMADA','Cita programada para consulta externa.','recepcionista1','2026-07-10 09:00:00','ACTIVO');
INSERT INTO cita (id_cita,id_paciente,id_medico,id_especialidad,id_tarifa_aplicada,id_usuario_recepcionista,monto_consulta,fecha,hora,duracion_minutos,estado,observaciones,usuario_registro,fecha_registro,estado_registro) VALUES (216,77,2,2,2,2,80.00,'2026-07-20','08:00:00',30,'CONFIRMADA','Cita programada para consulta externa.','recepcionista1','2026-07-10 09:00:00','ACTIVO');
INSERT INTO cita (id_cita,id_paciente,id_medico,id_especialidad,id_tarifa_aplicada,id_usuario_recepcionista,monto_consulta,fecha,hora,duracion_minutos,estado,observaciones,usuario_registro,fecha_registro,estado_registro) VALUES (217,78,4,4,4,3,100.00,'2026-07-20','08:00:00',25,'CONFIRMADA','Cita programada para consulta externa.','recepcionista1','2026-07-10 09:00:00','ACTIVO');
INSERT INTO cita (id_cita,id_paciente,id_medico,id_especialidad,id_tarifa_aplicada,id_usuario_recepcionista,monto_consulta,fecha,hora,duracion_minutos,estado,observaciones,usuario_registro,fecha_registro,estado_registro) VALUES (218,79,6,6,6,2,110.00,'2026-07-20','08:00:00',35,'PROGRAMADA','Cita programada para consulta externa.','recepcionista1','2026-07-10 09:00:00','ACTIVO');
INSERT INTO cita (id_cita,id_paciente,id_medico,id_especialidad,id_tarifa_aplicada,id_usuario_recepcionista,monto_consulta,fecha,hora,duracion_minutos,estado,observaciones,usuario_registro,fecha_registro,estado_registro) VALUES (219,80,8,3,3,3,120.00,'2026-07-20','08:00:00',30,'EN_ESPERA','Cita programada para consulta externa.','recepcionista1','2026-07-10 09:00:00','ACTIVO');
INSERT INTO cita (id_cita,id_paciente,id_medico,id_especialidad,id_tarifa_aplicada,id_usuario_recepcionista,monto_consulta,fecha,hora,duracion_minutos,estado,observaciones,usuario_registro,fecha_registro,estado_registro) VALUES (220,81,3,3,3,2,120.00,'2026-07-21','08:00:00',30,'PROGRAMADA','Cita programada para consulta externa.','recepcionista1','2026-07-10 09:00:00','ACTIVO');
INSERT INTO cita (id_cita,id_paciente,id_medico,id_especialidad,id_tarifa_aplicada,id_usuario_recepcionista,monto_consulta,fecha,hora,duracion_minutos,estado,observaciones,usuario_registro,fecha_registro,estado_registro) VALUES (221,82,5,5,5,3,100.00,'2026-07-21','08:00:00',30,'CONFIRMADA','Cita programada para consulta externa.','recepcionista1','2026-07-10 09:00:00','ACTIVO');
INSERT INTO cita (id_cita,id_paciente,id_medico,id_especialidad,id_tarifa_aplicada,id_usuario_recepcionista,monto_consulta,fecha,hora,duracion_minutos,estado,observaciones,usuario_registro,fecha_registro,estado_registro) VALUES (222,83,7,1,1,2,60.00,'2026-07-21','08:00:00',30,'PROGRAMADA','Cita programada para consulta externa.','recepcionista1','2026-07-10 09:00:00','ACTIVO');
INSERT INTO cita (id_cita,id_paciente,id_medico,id_especialidad,id_tarifa_aplicada,id_usuario_recepcionista,monto_consulta,fecha,hora,duracion_minutos,estado,observaciones,usuario_registro,fecha_registro,estado_registro) VALUES (223,84,9,7,7,3,130.00,'2026-07-21','08:00:00',30,'PROGRAMADA','Cita programada para consulta externa.','recepcionista1','2026-07-10 09:00:00','ACTIVO');
INSERT INTO cita (id_cita,id_paciente,id_medico,id_especialidad,id_tarifa_aplicada,id_usuario_recepcionista,monto_consulta,fecha,hora,duracion_minutos,estado,observaciones,usuario_registro,fecha_registro,estado_registro) VALUES (224,85,11,2,2,2,80.00,'2026-07-21','08:00:00',30,'PROGRAMADA','Cita programada para consulta externa.','recepcionista1','2026-07-10 09:00:00','ACTIVO');
INSERT INTO cita (id_cita,id_paciente,id_medico,id_especialidad,id_tarifa_aplicada,id_usuario_recepcionista,monto_consulta,fecha,hora,duracion_minutos,estado,observaciones,usuario_registro,fecha_registro,estado_registro) VALUES (225,86,1,1,1,3,60.00,'2026-07-21','08:00:00',30,'CONFIRMADA','Cita programada para consulta externa.','recepcionista1','2026-07-10 09:00:00','ACTIVO');
INSERT INTO cita (id_cita,id_paciente,id_medico,id_especialidad,id_tarifa_aplicada,id_usuario_recepcionista,monto_consulta,fecha,hora,duracion_minutos,estado,observaciones,usuario_registro,fecha_registro,estado_registro) VALUES (226,87,8,3,3,2,120.00,'2026-07-22','08:00:00',30,'PROGRAMADA','Cita programada para consulta externa.','recepcionista1','2026-07-10 09:00:00','ACTIVO');
INSERT INTO cita (id_cita,id_paciente,id_medico,id_especialidad,id_tarifa_aplicada,id_usuario_recepcionista,monto_consulta,fecha,hora,duracion_minutos,estado,observaciones,usuario_registro,fecha_registro,estado_registro) VALUES (227,88,10,8,8,3,140.00,'2026-07-22','08:00:00',40,'PROGRAMADA','Cita programada para consulta externa.','recepcionista1','2026-07-10 09:00:00','ACTIVO');
INSERT INTO cita (id_cita,id_paciente,id_medico,id_especialidad,id_tarifa_aplicada,id_usuario_recepcionista,monto_consulta,fecha,hora,duracion_minutos,estado,observaciones,usuario_registro,fecha_registro,estado_registro) VALUES (228,89,12,6,6,2,110.00,'2026-07-22','08:00:00',35,'PROGRAMADA','Cita programada para consulta externa.','recepcionista1','2026-07-10 09:00:00','ACTIVO');
INSERT INTO cita (id_cita,id_paciente,id_medico,id_especialidad,id_tarifa_aplicada,id_usuario_recepcionista,monto_consulta,fecha,hora,duracion_minutos,estado,observaciones,usuario_registro,fecha_registro,estado_registro) VALUES (229,90,2,2,2,3,80.00,'2026-07-22','08:00:00',30,'PROGRAMADA','Cita programada para consulta externa.','recepcionista1','2026-07-10 09:00:00','ACTIVO');
INSERT INTO cita (id_cita,id_paciente,id_medico,id_especialidad,id_tarifa_aplicada,id_usuario_recepcionista,monto_consulta,fecha,hora,duracion_minutos,estado,observaciones,usuario_registro,fecha_registro,estado_registro) VALUES (230,1,4,4,4,2,100.00,'2026-07-22','08:00:00',25,'EN_ESPERA','Cita programada para consulta externa.','recepcionista1','2026-07-10 09:00:00','ACTIVO');
INSERT INTO cita (id_cita,id_paciente,id_medico,id_especialidad,id_tarifa_aplicada,id_usuario_recepcionista,monto_consulta,fecha,hora,duracion_minutos,estado,observaciones,usuario_registro,fecha_registro,estado_registro) VALUES (231,2,6,6,6,3,110.00,'2026-07-22','08:00:00',35,'CONFIRMADA','Cita programada para consulta externa.','recepcionista1','2026-07-10 09:00:00','ACTIVO');
INSERT INTO cita (id_cita,id_paciente,id_medico,id_especialidad,id_tarifa_aplicada,id_usuario_recepcionista,monto_consulta,fecha,hora,duracion_minutos,estado,observaciones,usuario_registro,fecha_registro,estado_registro) VALUES (232,3,1,1,1,2,60.00,'2026-07-23','08:00:00',30,'PROGRAMADA','Cita programada para consulta externa.','recepcionista1','2026-07-10 09:00:00','ACTIVO');
INSERT INTO cita (id_cita,id_paciente,id_medico,id_especialidad,id_tarifa_aplicada,id_usuario_recepcionista,monto_consulta,fecha,hora,duracion_minutos,estado,observaciones,usuario_registro,fecha_registro,estado_registro) VALUES (233,4,3,3,3,3,120.00,'2026-07-23','08:00:00',30,'PROGRAMADA','Cita programada para consulta externa.','recepcionista1','2026-07-10 09:00:00','ACTIVO');
INSERT INTO cita (id_cita,id_paciente,id_medico,id_especialidad,id_tarifa_aplicada,id_usuario_recepcionista,monto_consulta,fecha,hora,duracion_minutos,estado,observaciones,usuario_registro,fecha_registro,estado_registro) VALUES (234,5,5,5,5,2,100.00,'2026-07-23','08:00:00',30,'CONFIRMADA','Cita programada para consulta externa.','recepcionista1','2026-07-10 09:00:00','ACTIVO');
INSERT INTO cita (id_cita,id_paciente,id_medico,id_especialidad,id_tarifa_aplicada,id_usuario_recepcionista,monto_consulta,fecha,hora,duracion_minutos,estado,observaciones,usuario_registro,fecha_registro,estado_registro) VALUES (235,6,7,1,1,3,60.00,'2026-07-23','08:00:00',30,'CONFIRMADA','Cita programada para consulta externa.','recepcionista1','2026-07-10 09:00:00','ACTIVO');
INSERT INTO cita (id_cita,id_paciente,id_medico,id_especialidad,id_tarifa_aplicada,id_usuario_recepcionista,monto_consulta,fecha,hora,duracion_minutos,estado,observaciones,usuario_registro,fecha_registro,estado_registro) VALUES (236,7,9,7,7,2,130.00,'2026-07-23','08:00:00',30,'EN_ESPERA','Cita programada para consulta externa.','recepcionista1','2026-07-10 09:00:00','ACTIVO');
INSERT INTO cita (id_cita,id_paciente,id_medico,id_especialidad,id_tarifa_aplicada,id_usuario_recepcionista,monto_consulta,fecha,hora,duracion_minutos,estado,observaciones,usuario_registro,fecha_registro,estado_registro) VALUES (237,8,11,2,2,3,80.00,'2026-07-23','08:00:00',30,'PROGRAMADA','Cita programada para consulta externa.','recepcionista1','2026-07-10 09:00:00','ACTIVO');
INSERT INTO cita (id_cita,id_paciente,id_medico,id_especialidad,id_tarifa_aplicada,id_usuario_recepcionista,monto_consulta,fecha,hora,duracion_minutos,estado,observaciones,usuario_registro,fecha_registro,estado_registro) VALUES (238,9,6,6,6,2,110.00,'2026-07-24','08:00:00',35,'EN_ESPERA','Cita programada para consulta externa.','recepcionista1','2026-07-10 09:00:00','ACTIVO');
INSERT INTO cita (id_cita,id_paciente,id_medico,id_especialidad,id_tarifa_aplicada,id_usuario_recepcionista,monto_consulta,fecha,hora,duracion_minutos,estado,observaciones,usuario_registro,fecha_registro,estado_registro) VALUES (239,10,8,3,3,3,120.00,'2026-07-24','08:00:00',30,'PROGRAMADA','Cita programada para consulta externa.','recepcionista1','2026-07-10 09:00:00','ACTIVO');
INSERT INTO cita (id_cita,id_paciente,id_medico,id_especialidad,id_tarifa_aplicada,id_usuario_recepcionista,monto_consulta,fecha,hora,duracion_minutos,estado,observaciones,usuario_registro,fecha_registro,estado_registro) VALUES (240,11,10,8,8,2,140.00,'2026-07-24','08:00:00',40,'CONFIRMADA','Cita programada para consulta externa.','recepcionista1','2026-07-10 09:00:00','ACTIVO');
INSERT INTO cita (id_cita,id_paciente,id_medico,id_especialidad,id_tarifa_aplicada,id_usuario_recepcionista,monto_consulta,fecha,hora,duracion_minutos,estado,observaciones,usuario_registro,fecha_registro,estado_registro) VALUES (241,12,12,6,6,3,110.00,'2026-07-24','08:00:00',35,'CONFIRMADA','Cita programada para consulta externa.','recepcionista1','2026-07-10 09:00:00','ACTIVO');
INSERT INTO cita (id_cita,id_paciente,id_medico,id_especialidad,id_tarifa_aplicada,id_usuario_recepcionista,monto_consulta,fecha,hora,duracion_minutos,estado,observaciones,usuario_registro,fecha_registro,estado_registro) VALUES (242,13,2,2,2,2,80.00,'2026-07-24','08:00:00',30,'EN_ESPERA','Cita programada para consulta externa.','recepcionista1','2026-07-10 09:00:00','ACTIVO');
INSERT INTO cita (id_cita,id_paciente,id_medico,id_especialidad,id_tarifa_aplicada,id_usuario_recepcionista,monto_consulta,fecha,hora,duracion_minutos,estado,observaciones,usuario_registro,fecha_registro,estado_registro) VALUES (243,14,4,4,4,3,100.00,'2026-07-24','08:00:00',25,'EN_ESPERA','Cita programada para consulta externa.','recepcionista1','2026-07-10 09:00:00','ACTIVO');
INSERT INTO cita (id_cita,id_paciente,id_medico,id_especialidad,id_tarifa_aplicada,id_usuario_recepcionista,monto_consulta,fecha,hora,duracion_minutos,estado,observaciones,usuario_registro,fecha_registro,estado_registro) VALUES (244,63,11,2,2,2,80.00,'2026-07-25','08:00:00',30,'PROGRAMADA','Cita programada para consulta externa.','recepcionista1','2026-07-10 09:00:00','ACTIVO');
INSERT INTO cita (id_cita,id_paciente,id_medico,id_especialidad,id_tarifa_aplicada,id_usuario_recepcionista,monto_consulta,fecha,hora,duracion_minutos,estado,observaciones,usuario_registro,fecha_registro,estado_registro) VALUES (245,64,1,1,1,3,60.00,'2026-07-25','08:00:00',30,'PROGRAMADA','Cita programada para consulta externa.','recepcionista1','2026-07-10 09:00:00','ACTIVO');
INSERT INTO cita (id_cita,id_paciente,id_medico,id_especialidad,id_tarifa_aplicada,id_usuario_recepcionista,monto_consulta,fecha,hora,duracion_minutos,estado,observaciones,usuario_registro,fecha_registro,estado_registro) VALUES (246,65,3,3,3,2,120.00,'2026-07-25','08:00:00',30,'PROGRAMADA','Cita programada para consulta externa.','recepcionista1','2026-07-10 09:00:00','ACTIVO');
INSERT INTO cita (id_cita,id_paciente,id_medico,id_especialidad,id_tarifa_aplicada,id_usuario_recepcionista,monto_consulta,fecha,hora,duracion_minutos,estado,observaciones,usuario_registro,fecha_registro,estado_registro) VALUES (247,27,9,7,7,2,130.00,'2026-07-27','08:00:00',30,'EN_ESPERA','Cita programada para consulta externa.','recepcionista1','2026-07-10 09:00:00','ACTIVO');
INSERT INTO cita (id_cita,id_paciente,id_medico,id_especialidad,id_tarifa_aplicada,id_usuario_recepcionista,monto_consulta,fecha,hora,duracion_minutos,estado,observaciones,usuario_registro,fecha_registro,estado_registro) VALUES (248,28,11,2,2,3,80.00,'2026-07-27','08:00:00',30,'PROGRAMADA','Cita programada para consulta externa.','recepcionista1','2026-07-10 09:00:00','ACTIVO');
INSERT INTO cita (id_cita,id_paciente,id_medico,id_especialidad,id_tarifa_aplicada,id_usuario_recepcionista,monto_consulta,fecha,hora,duracion_minutos,estado,observaciones,usuario_registro,fecha_registro,estado_registro) VALUES (249,29,1,1,1,2,60.00,'2026-07-27','08:00:00',30,'CONFIRMADA','Cita programada para consulta externa.','recepcionista1','2026-07-10 09:00:00','ACTIVO');
INSERT INTO cita (id_cita,id_paciente,id_medico,id_especialidad,id_tarifa_aplicada,id_usuario_recepcionista,monto_consulta,fecha,hora,duracion_minutos,estado,observaciones,usuario_registro,fecha_registro,estado_registro) VALUES (250,30,3,3,3,3,120.00,'2026-07-27','08:00:00',30,'EN_ESPERA','Cita programada para consulta externa.','recepcionista1','2026-07-10 09:00:00','ACTIVO');
INSERT INTO cita (id_cita,id_paciente,id_medico,id_especialidad,id_tarifa_aplicada,id_usuario_recepcionista,monto_consulta,fecha,hora,duracion_minutos,estado,observaciones,usuario_registro,fecha_registro,estado_registro) VALUES (251,31,5,5,5,2,100.00,'2026-07-27','08:00:00',30,'PROGRAMADA','Cita programada para consulta externa.','recepcionista1','2026-07-10 09:00:00','ACTIVO');
INSERT INTO cita (id_cita,id_paciente,id_medico,id_especialidad,id_tarifa_aplicada,id_usuario_recepcionista,monto_consulta,fecha,hora,duracion_minutos,estado,observaciones,usuario_registro,fecha_registro,estado_registro) VALUES (252,32,7,1,1,3,60.00,'2026-07-27','08:00:00',30,'CONFIRMADA','Cita programada para consulta externa.','recepcionista1','2026-07-10 09:00:00','ACTIVO');
INSERT INTO cita (id_cita,id_paciente,id_medico,id_especialidad,id_tarifa_aplicada,id_usuario_recepcionista,monto_consulta,fecha,hora,duracion_minutos,estado,observaciones,usuario_registro,fecha_registro,estado_registro) VALUES (253,33,2,2,2,2,80.00,'2026-07-28','08:00:00',30,'EN_ESPERA','Cita programada para consulta externa.','recepcionista1','2026-07-10 09:00:00','ACTIVO');
INSERT INTO cita (id_cita,id_paciente,id_medico,id_especialidad,id_tarifa_aplicada,id_usuario_recepcionista,monto_consulta,fecha,hora,duracion_minutos,estado,observaciones,usuario_registro,fecha_registro,estado_registro) VALUES (254,34,4,4,4,3,100.00,'2026-07-28','08:00:00',25,'PROGRAMADA','Cita programada para consulta externa.','recepcionista1','2026-07-10 09:00:00','ACTIVO');
INSERT INTO cita (id_cita,id_paciente,id_medico,id_especialidad,id_tarifa_aplicada,id_usuario_recepcionista,monto_consulta,fecha,hora,duracion_minutos,estado,observaciones,usuario_registro,fecha_registro,estado_registro) VALUES (255,35,6,6,6,2,110.00,'2026-07-28','08:00:00',35,'CONFIRMADA','Cita programada para consulta externa.','recepcionista1','2026-07-10 09:00:00','ACTIVO');
INSERT INTO cita (id_cita,id_paciente,id_medico,id_especialidad,id_tarifa_aplicada,id_usuario_recepcionista,monto_consulta,fecha,hora,duracion_minutos,estado,observaciones,usuario_registro,fecha_registro,estado_registro) VALUES (256,36,8,3,3,3,120.00,'2026-07-28','08:00:00',30,'PROGRAMADA','Cita programada para consulta externa.','recepcionista1','2026-07-10 09:00:00','ACTIVO');
INSERT INTO cita (id_cita,id_paciente,id_medico,id_especialidad,id_tarifa_aplicada,id_usuario_recepcionista,monto_consulta,fecha,hora,duracion_minutos,estado,observaciones,usuario_registro,fecha_registro,estado_registro) VALUES (257,37,10,8,8,2,140.00,'2026-07-28','08:00:00',40,'CONFIRMADA','Cita programada para consulta externa.','recepcionista1','2026-07-10 09:00:00','ACTIVO');
INSERT INTO cita (id_cita,id_paciente,id_medico,id_especialidad,id_tarifa_aplicada,id_usuario_recepcionista,monto_consulta,fecha,hora,duracion_minutos,estado,observaciones,usuario_registro,fecha_registro,estado_registro) VALUES (258,38,12,6,6,3,110.00,'2026-07-28','08:00:00',35,'PROGRAMADA','Cita programada para consulta externa.','recepcionista1','2026-07-10 09:00:00','ACTIVO');
INSERT INTO cita (id_cita,id_paciente,id_medico,id_especialidad,id_tarifa_aplicada,id_usuario_recepcionista,monto_consulta,fecha,hora,duracion_minutos,estado,observaciones,usuario_registro,fecha_registro,estado_registro) VALUES (259,39,7,1,1,2,60.00,'2026-07-29','08:00:00',30,'CONFIRMADA','Cita programada para consulta externa.','recepcionista1','2026-07-10 09:00:00','ACTIVO');
INSERT INTO cita (id_cita,id_paciente,id_medico,id_especialidad,id_tarifa_aplicada,id_usuario_recepcionista,monto_consulta,fecha,hora,duracion_minutos,estado,observaciones,usuario_registro,fecha_registro,estado_registro) VALUES (260,40,9,7,7,3,130.00,'2026-07-29','08:00:00',30,'PROGRAMADA','Cita programada para consulta externa.','recepcionista1','2026-07-10 09:00:00','ACTIVO');
INSERT INTO cita (id_cita,id_paciente,id_medico,id_especialidad,id_tarifa_aplicada,id_usuario_recepcionista,monto_consulta,fecha,hora,duracion_minutos,estado,observaciones,usuario_registro,fecha_registro,estado_registro) VALUES (261,41,11,2,2,2,80.00,'2026-07-29','08:00:00',30,'CONFIRMADA','Cita programada para consulta externa.','recepcionista1','2026-07-10 09:00:00','ACTIVO');
INSERT INTO cita (id_cita,id_paciente,id_medico,id_especialidad,id_tarifa_aplicada,id_usuario_recepcionista,monto_consulta,fecha,hora,duracion_minutos,estado,observaciones,usuario_registro,fecha_registro,estado_registro) VALUES (262,42,1,1,1,3,60.00,'2026-07-29','08:00:00',30,'CONFIRMADA','Cita programada para consulta externa.','recepcionista1','2026-07-10 09:00:00','ACTIVO');
INSERT INTO cita (id_cita,id_paciente,id_medico,id_especialidad,id_tarifa_aplicada,id_usuario_recepcionista,monto_consulta,fecha,hora,duracion_minutos,estado,observaciones,usuario_registro,fecha_registro,estado_registro) VALUES (263,43,3,3,3,2,120.00,'2026-07-29','08:00:00',30,'CONFIRMADA','Cita programada para consulta externa.','recepcionista1','2026-07-10 09:00:00','ACTIVO');
INSERT INTO cita (id_cita,id_paciente,id_medico,id_especialidad,id_tarifa_aplicada,id_usuario_recepcionista,monto_consulta,fecha,hora,duracion_minutos,estado,observaciones,usuario_registro,fecha_registro,estado_registro) VALUES (264,44,5,5,5,3,100.00,'2026-07-29','08:00:00',30,'PROGRAMADA','Cita programada para consulta externa.','recepcionista1','2026-07-10 09:00:00','ACTIVO');
INSERT INTO cita (id_cita,id_paciente,id_medico,id_especialidad,id_tarifa_aplicada,id_usuario_recepcionista,monto_consulta,fecha,hora,duracion_minutos,estado,observaciones,usuario_registro,fecha_registro,estado_registro) VALUES (265,45,12,6,6,2,110.00,'2026-07-30','08:00:00',35,'EN_ESPERA','Cita programada para consulta externa.','recepcionista1','2026-07-10 09:00:00','ACTIVO');
INSERT INTO cita (id_cita,id_paciente,id_medico,id_especialidad,id_tarifa_aplicada,id_usuario_recepcionista,monto_consulta,fecha,hora,duracion_minutos,estado,observaciones,usuario_registro,fecha_registro,estado_registro) VALUES (266,46,2,2,2,3,80.00,'2026-07-30','08:00:00',30,'PROGRAMADA','Cita programada para consulta externa.','recepcionista1','2026-07-10 09:00:00','ACTIVO');
INSERT INTO cita (id_cita,id_paciente,id_medico,id_especialidad,id_tarifa_aplicada,id_usuario_recepcionista,monto_consulta,fecha,hora,duracion_minutos,estado,observaciones,usuario_registro,fecha_registro,estado_registro) VALUES (267,47,4,4,4,2,100.00,'2026-07-30','08:00:00',25,'PROGRAMADA','Cita programada para consulta externa.','recepcionista1','2026-07-10 09:00:00','ACTIVO');
INSERT INTO cita (id_cita,id_paciente,id_medico,id_especialidad,id_tarifa_aplicada,id_usuario_recepcionista,monto_consulta,fecha,hora,duracion_minutos,estado,observaciones,usuario_registro,fecha_registro,estado_registro) VALUES (268,48,6,6,6,3,110.00,'2026-07-30','08:00:00',35,'CONFIRMADA','Cita programada para consulta externa.','recepcionista1','2026-07-10 09:00:00','ACTIVO');
INSERT INTO cita (id_cita,id_paciente,id_medico,id_especialidad,id_tarifa_aplicada,id_usuario_recepcionista,monto_consulta,fecha,hora,duracion_minutos,estado,observaciones,usuario_registro,fecha_registro,estado_registro) VALUES (269,49,8,3,3,2,120.00,'2026-07-30','08:00:00',30,'PROGRAMADA','Cita programada para consulta externa.','recepcionista1','2026-07-10 09:00:00','ACTIVO');
INSERT INTO cita (id_cita,id_paciente,id_medico,id_especialidad,id_tarifa_aplicada,id_usuario_recepcionista,monto_consulta,fecha,hora,duracion_minutos,estado,observaciones,usuario_registro,fecha_registro,estado_registro) VALUES (270,50,10,8,8,3,140.00,'2026-07-30','08:00:00',40,'PROGRAMADA','Cita programada para consulta externa.','recepcionista1','2026-07-10 09:00:00','ACTIVO');
INSERT INTO cita (id_cita,id_paciente,id_medico,id_especialidad,id_tarifa_aplicada,id_usuario_recepcionista,monto_consulta,fecha,hora,duracion_minutos,estado,observaciones,usuario_registro,fecha_registro,estado_registro) VALUES (271,51,5,5,5,2,100.00,'2026-07-31','08:00:00',30,'EN_ESPERA','Cita programada para consulta externa.','recepcionista1','2026-07-10 09:00:00','ACTIVO');
INSERT INTO cita (id_cita,id_paciente,id_medico,id_especialidad,id_tarifa_aplicada,id_usuario_recepcionista,monto_consulta,fecha,hora,duracion_minutos,estado,observaciones,usuario_registro,fecha_registro,estado_registro) VALUES (272,52,7,1,1,3,60.00,'2026-07-31','08:00:00',30,'PROGRAMADA','Cita programada para consulta externa.','recepcionista1','2026-07-10 09:00:00','ACTIVO');
INSERT INTO cita (id_cita,id_paciente,id_medico,id_especialidad,id_tarifa_aplicada,id_usuario_recepcionista,monto_consulta,fecha,hora,duracion_minutos,estado,observaciones,usuario_registro,fecha_registro,estado_registro) VALUES (273,53,9,7,7,2,130.00,'2026-07-31','08:00:00',30,'PROGRAMADA','Cita programada para consulta externa.','recepcionista1','2026-07-10 09:00:00','ACTIVO');
INSERT INTO cita (id_cita,id_paciente,id_medico,id_especialidad,id_tarifa_aplicada,id_usuario_recepcionista,monto_consulta,fecha,hora,duracion_minutos,estado,observaciones,usuario_registro,fecha_registro,estado_registro) VALUES (274,54,11,2,2,3,80.00,'2026-07-31','08:00:00',30,'CONFIRMADA','Cita programada para consulta externa.','recepcionista1','2026-07-10 09:00:00','ACTIVO');
INSERT INTO cita (id_cita,id_paciente,id_medico,id_especialidad,id_tarifa_aplicada,id_usuario_recepcionista,monto_consulta,fecha,hora,duracion_minutos,estado,observaciones,usuario_registro,fecha_registro,estado_registro) VALUES (275,55,1,1,1,2,60.00,'2026-07-31','08:00:00',30,'PROGRAMADA','Cita programada para consulta externa.','recepcionista1','2026-07-10 09:00:00','ACTIVO');
INSERT INTO cita (id_cita,id_paciente,id_medico,id_especialidad,id_tarifa_aplicada,id_usuario_recepcionista,monto_consulta,fecha,hora,duracion_minutos,estado,observaciones,usuario_registro,fecha_registro,estado_registro) VALUES (276,56,3,3,3,3,120.00,'2026-07-31','08:00:00',30,'CONFIRMADA','Cita programada para consulta externa.','recepcionista1','2026-07-10 09:00:00','ACTIVO');
INSERT INTO cita (id_cita,id_paciente,id_medico,id_especialidad,id_tarifa_aplicada,id_usuario_recepcionista,monto_consulta,fecha,hora,duracion_minutos,estado,observaciones,usuario_registro,fecha_registro,estado_registro) VALUES (277,84,10,8,8,2,140.00,'2026-08-01','08:00:00',40,'PROGRAMADA','Cita programada para consulta externa.','recepcionista1','2026-07-10 09:00:00','ACTIVO');
INSERT INTO cita (id_cita,id_paciente,id_medico,id_especialidad,id_tarifa_aplicada,id_usuario_recepcionista,monto_consulta,fecha,hora,duracion_minutos,estado,observaciones,usuario_registro,fecha_registro,estado_registro) VALUES (278,85,12,6,6,3,110.00,'2026-08-01','08:00:00',35,'PROGRAMADA','Cita programada para consulta externa.','recepcionista1','2026-07-10 09:00:00','ACTIVO');
INSERT INTO cita (id_cita,id_paciente,id_medico,id_especialidad,id_tarifa_aplicada,id_usuario_recepcionista,monto_consulta,fecha,hora,duracion_minutos,estado,observaciones,usuario_registro,fecha_registro,estado_registro) VALUES (279,86,2,2,2,2,80.00,'2026-08-01','08:00:00',30,'CONFIRMADA','Cita programada para consulta externa.','recepcionista1','2026-07-10 09:00:00','ACTIVO');
INSERT INTO cita (id_cita,id_paciente,id_medico,id_especialidad,id_tarifa_aplicada,id_usuario_recepcionista,monto_consulta,fecha,hora,duracion_minutos,estado,observaciones,usuario_registro,fecha_registro,estado_registro) VALUES (280,69,8,3,3,2,120.00,'2026-08-03','08:00:00',30,'PROGRAMADA','Cita programada para consulta externa.','recepcionista1','2026-07-10 09:00:00','ACTIVO');
INSERT INTO cita (id_cita,id_paciente,id_medico,id_especialidad,id_tarifa_aplicada,id_usuario_recepcionista,monto_consulta,fecha,hora,duracion_minutos,estado,observaciones,usuario_registro,fecha_registro,estado_registro) VALUES (281,70,10,8,8,3,140.00,'2026-08-03','08:00:00',40,'PROGRAMADA','Cita programada para consulta externa.','recepcionista1','2026-07-10 09:00:00','ACTIVO');
INSERT INTO cita (id_cita,id_paciente,id_medico,id_especialidad,id_tarifa_aplicada,id_usuario_recepcionista,monto_consulta,fecha,hora,duracion_minutos,estado,observaciones,usuario_registro,fecha_registro,estado_registro) VALUES (282,71,12,6,6,2,110.00,'2026-08-03','08:00:00',35,'CONFIRMADA','Cita programada para consulta externa.','recepcionista1','2026-07-10 09:00:00','ACTIVO');
INSERT INTO cita (id_cita,id_paciente,id_medico,id_especialidad,id_tarifa_aplicada,id_usuario_recepcionista,monto_consulta,fecha,hora,duracion_minutos,estado,observaciones,usuario_registro,fecha_registro,estado_registro) VALUES (283,72,2,2,2,3,80.00,'2026-08-03','08:00:00',30,'PROGRAMADA','Cita programada para consulta externa.','recepcionista1','2026-07-10 09:00:00','ACTIVO');
INSERT INTO cita (id_cita,id_paciente,id_medico,id_especialidad,id_tarifa_aplicada,id_usuario_recepcionista,monto_consulta,fecha,hora,duracion_minutos,estado,observaciones,usuario_registro,fecha_registro,estado_registro) VALUES (284,73,4,4,4,2,100.00,'2026-08-03','08:00:00',25,'PROGRAMADA','Cita programada para consulta externa.','recepcionista1','2026-07-10 09:00:00','ACTIVO');
INSERT INTO cita (id_cita,id_paciente,id_medico,id_especialidad,id_tarifa_aplicada,id_usuario_recepcionista,monto_consulta,fecha,hora,duracion_minutos,estado,observaciones,usuario_registro,fecha_registro,estado_registro) VALUES (285,74,6,6,6,3,110.00,'2026-08-03','08:00:00',35,'EN_ESPERA','Cita programada para consulta externa.','recepcionista1','2026-07-10 09:00:00','ACTIVO');
INSERT INTO cita (id_cita,id_paciente,id_medico,id_especialidad,id_tarifa_aplicada,id_usuario_recepcionista,monto_consulta,fecha,hora,duracion_minutos,estado,observaciones,usuario_registro,fecha_registro,estado_registro) VALUES (286,75,1,1,1,2,60.00,'2026-08-04','08:00:00',30,'EN_ESPERA','Cita programada para consulta externa.','recepcionista1','2026-07-10 09:00:00','ACTIVO');
INSERT INTO cita (id_cita,id_paciente,id_medico,id_especialidad,id_tarifa_aplicada,id_usuario_recepcionista,monto_consulta,fecha,hora,duracion_minutos,estado,observaciones,usuario_registro,fecha_registro,estado_registro) VALUES (287,76,3,3,3,3,120.00,'2026-08-04','08:00:00',30,'PROGRAMADA','Cita programada para consulta externa.','recepcionista1','2026-07-10 09:00:00','ACTIVO');
INSERT INTO cita (id_cita,id_paciente,id_medico,id_especialidad,id_tarifa_aplicada,id_usuario_recepcionista,monto_consulta,fecha,hora,duracion_minutos,estado,observaciones,usuario_registro,fecha_registro,estado_registro) VALUES (288,77,5,5,5,2,100.00,'2026-08-04','08:00:00',30,'PROGRAMADA','Cita programada para consulta externa.','recepcionista1','2026-07-10 09:00:00','ACTIVO');
INSERT INTO cita (id_cita,id_paciente,id_medico,id_especialidad,id_tarifa_aplicada,id_usuario_recepcionista,monto_consulta,fecha,hora,duracion_minutos,estado,observaciones,usuario_registro,fecha_registro,estado_registro) VALUES (289,78,7,1,1,3,60.00,'2026-08-04','08:00:00',30,'CONFIRMADA','Cita programada para consulta externa.','recepcionista1','2026-07-10 09:00:00','ACTIVO');
INSERT INTO cita (id_cita,id_paciente,id_medico,id_especialidad,id_tarifa_aplicada,id_usuario_recepcionista,monto_consulta,fecha,hora,duracion_minutos,estado,observaciones,usuario_registro,fecha_registro,estado_registro) VALUES (290,79,9,7,7,2,130.00,'2026-08-04','08:00:00',30,'PROGRAMADA','Cita programada para consulta externa.','recepcionista1','2026-07-10 09:00:00','ACTIVO');
INSERT INTO cita (id_cita,id_paciente,id_medico,id_especialidad,id_tarifa_aplicada,id_usuario_recepcionista,monto_consulta,fecha,hora,duracion_minutos,estado,observaciones,usuario_registro,fecha_registro,estado_registro) VALUES (291,80,11,2,2,3,80.00,'2026-08-04','08:00:00',30,'EN_ESPERA','Cita programada para consulta externa.','recepcionista1','2026-07-10 09:00:00','ACTIVO');
INSERT INTO cita (id_cita,id_paciente,id_medico,id_especialidad,id_tarifa_aplicada,id_usuario_recepcionista,monto_consulta,fecha,hora,duracion_minutos,estado,observaciones,usuario_registro,fecha_registro,estado_registro) VALUES (292,81,6,6,6,2,110.00,'2026-08-05','08:00:00',35,'PROGRAMADA','Cita programada para consulta externa.','recepcionista1','2026-07-10 09:00:00','ACTIVO');
INSERT INTO cita (id_cita,id_paciente,id_medico,id_especialidad,id_tarifa_aplicada,id_usuario_recepcionista,monto_consulta,fecha,hora,duracion_minutos,estado,observaciones,usuario_registro,fecha_registro,estado_registro) VALUES (293,82,8,3,3,3,120.00,'2026-08-05','08:00:00',30,'PROGRAMADA','Cita programada para consulta externa.','recepcionista1','2026-07-10 09:00:00','ACTIVO');
INSERT INTO cita (id_cita,id_paciente,id_medico,id_especialidad,id_tarifa_aplicada,id_usuario_recepcionista,monto_consulta,fecha,hora,duracion_minutos,estado,observaciones,usuario_registro,fecha_registro,estado_registro) VALUES (294,83,10,8,8,2,140.00,'2026-08-05','08:00:00',40,'CONFIRMADA','Cita programada para consulta externa.','recepcionista1','2026-07-10 09:00:00','ACTIVO');
INSERT INTO cita (id_cita,id_paciente,id_medico,id_especialidad,id_tarifa_aplicada,id_usuario_recepcionista,monto_consulta,fecha,hora,duracion_minutos,estado,observaciones,usuario_registro,fecha_registro,estado_registro) VALUES (295,84,12,6,6,3,110.00,'2026-08-05','08:00:00',35,'CONFIRMADA','Cita programada para consulta externa.','recepcionista1','2026-07-10 09:00:00','ACTIVO');
INSERT INTO cita (id_cita,id_paciente,id_medico,id_especialidad,id_tarifa_aplicada,id_usuario_recepcionista,monto_consulta,fecha,hora,duracion_minutos,estado,observaciones,usuario_registro,fecha_registro,estado_registro) VALUES (296,85,2,2,2,2,80.00,'2026-08-05','08:00:00',30,'PROGRAMADA','Cita programada para consulta externa.','recepcionista1','2026-07-10 09:00:00','ACTIVO');
INSERT INTO cita (id_cita,id_paciente,id_medico,id_especialidad,id_tarifa_aplicada,id_usuario_recepcionista,monto_consulta,fecha,hora,duracion_minutos,estado,observaciones,usuario_registro,fecha_registro,estado_registro) VALUES (297,86,4,4,4,3,100.00,'2026-08-05','08:00:00',25,'PROGRAMADA','Cita programada para consulta externa.','recepcionista1','2026-07-10 09:00:00','ACTIVO');
INSERT INTO cita (id_cita,id_paciente,id_medico,id_especialidad,id_tarifa_aplicada,id_usuario_recepcionista,monto_consulta,fecha,hora,duracion_minutos,estado,observaciones,usuario_registro,fecha_registro,estado_registro) VALUES (298,87,11,2,2,2,80.00,'2026-08-06','08:00:00',30,'PROGRAMADA','Cita programada para consulta externa.','recepcionista1','2026-07-10 09:00:00','ACTIVO');
INSERT INTO cita (id_cita,id_paciente,id_medico,id_especialidad,id_tarifa_aplicada,id_usuario_recepcionista,monto_consulta,fecha,hora,duracion_minutos,estado,observaciones,usuario_registro,fecha_registro,estado_registro) VALUES (299,88,1,1,1,3,60.00,'2026-08-06','08:00:00',30,'EN_ESPERA','Cita programada para consulta externa.','recepcionista1','2026-07-10 09:00:00','ACTIVO');
INSERT INTO cita (id_cita,id_paciente,id_medico,id_especialidad,id_tarifa_aplicada,id_usuario_recepcionista,monto_consulta,fecha,hora,duracion_minutos,estado,observaciones,usuario_registro,fecha_registro,estado_registro) VALUES (300,89,3,3,3,2,120.00,'2026-08-06','08:00:00',30,'EN_ESPERA','Cita programada para consulta externa.','recepcionista1','2026-07-10 09:00:00','ACTIVO');
INSERT INTO cita (id_cita,id_paciente,id_medico,id_especialidad,id_tarifa_aplicada,id_usuario_recepcionista,monto_consulta,fecha,hora,duracion_minutos,estado,observaciones,usuario_registro,fecha_registro,estado_registro) VALUES (301,90,5,5,5,3,100.00,'2026-08-06','08:00:00',30,'PROGRAMADA','Cita programada para consulta externa.','recepcionista1','2026-07-10 09:00:00','ACTIVO');
INSERT INTO cita (id_cita,id_paciente,id_medico,id_especialidad,id_tarifa_aplicada,id_usuario_recepcionista,monto_consulta,fecha,hora,duracion_minutos,estado,observaciones,usuario_registro,fecha_registro,estado_registro) VALUES (302,1,7,1,1,2,60.00,'2026-08-06','08:00:00',30,'PROGRAMADA','Cita programada para consulta externa.','recepcionista1','2026-07-10 09:00:00','ACTIVO');
INSERT INTO cita (id_cita,id_paciente,id_medico,id_especialidad,id_tarifa_aplicada,id_usuario_recepcionista,monto_consulta,fecha,hora,duracion_minutos,estado,observaciones,usuario_registro,fecha_registro,estado_registro) VALUES (303,2,9,7,7,3,130.00,'2026-08-06','08:00:00',30,'PROGRAMADA','Cita programada para consulta externa.','recepcionista1','2026-07-10 09:00:00','ACTIVO');
INSERT INTO cita (id_cita,id_paciente,id_medico,id_especialidad,id_tarifa_aplicada,id_usuario_recepcionista,monto_consulta,fecha,hora,duracion_minutos,estado,observaciones,usuario_registro,fecha_registro,estado_registro) VALUES (304,3,4,4,4,2,100.00,'2026-08-07','08:00:00',25,'PROGRAMADA','Cita programada para consulta externa.','recepcionista1','2026-07-10 09:00:00','ACTIVO');
INSERT INTO cita (id_cita,id_paciente,id_medico,id_especialidad,id_tarifa_aplicada,id_usuario_recepcionista,monto_consulta,fecha,hora,duracion_minutos,estado,observaciones,usuario_registro,fecha_registro,estado_registro) VALUES (305,4,6,6,6,3,110.00,'2026-08-07','08:00:00',35,'CONFIRMADA','Cita programada para consulta externa.','recepcionista1','2026-07-10 09:00:00','ACTIVO');
INSERT INTO cita (id_cita,id_paciente,id_medico,id_especialidad,id_tarifa_aplicada,id_usuario_recepcionista,monto_consulta,fecha,hora,duracion_minutos,estado,observaciones,usuario_registro,fecha_registro,estado_registro) VALUES (306,5,8,3,3,2,120.00,'2026-08-07','08:00:00',30,'PROGRAMADA','Cita programada para consulta externa.','recepcionista1','2026-07-10 09:00:00','ACTIVO');
INSERT INTO cita (id_cita,id_paciente,id_medico,id_especialidad,id_tarifa_aplicada,id_usuario_recepcionista,monto_consulta,fecha,hora,duracion_minutos,estado,observaciones,usuario_registro,fecha_registro,estado_registro) VALUES (307,6,10,8,8,3,140.00,'2026-08-07','08:00:00',40,'PROGRAMADA','Cita programada para consulta externa.','recepcionista1','2026-07-10 09:00:00','ACTIVO');
INSERT INTO cita (id_cita,id_paciente,id_medico,id_especialidad,id_tarifa_aplicada,id_usuario_recepcionista,monto_consulta,fecha,hora,duracion_minutos,estado,observaciones,usuario_registro,fecha_registro,estado_registro) VALUES (308,7,12,6,6,2,110.00,'2026-08-07','08:00:00',35,'EN_ESPERA','Cita programada para consulta externa.','recepcionista1','2026-07-10 09:00:00','ACTIVO');
INSERT INTO cita (id_cita,id_paciente,id_medico,id_especialidad,id_tarifa_aplicada,id_usuario_recepcionista,monto_consulta,fecha,hora,duracion_minutos,estado,observaciones,usuario_registro,fecha_registro,estado_registro) VALUES (309,8,2,2,2,3,80.00,'2026-08-07','08:00:00',30,'PROGRAMADA','Cita programada para consulta externa.','recepcionista1','2026-07-10 09:00:00','ACTIVO');
INSERT INTO cita (id_cita,id_paciente,id_medico,id_especialidad,id_tarifa_aplicada,id_usuario_recepcionista,monto_consulta,fecha,hora,duracion_minutos,estado,observaciones,usuario_registro,fecha_registro,estado_registro) VALUES (310,15,9,7,7,2,130.00,'2026-08-08','08:00:00',30,'EN_ESPERA','Cita programada para consulta externa.','recepcionista1','2026-07-10 09:00:00','ACTIVO');
INSERT INTO cita (id_cita,id_paciente,id_medico,id_especialidad,id_tarifa_aplicada,id_usuario_recepcionista,monto_consulta,fecha,hora,duracion_minutos,estado,observaciones,usuario_registro,fecha_registro,estado_registro) VALUES (311,16,11,2,2,3,80.00,'2026-08-08','08:00:00',30,'PROGRAMADA','Cita programada para consulta externa.','recepcionista1','2026-07-10 09:00:00','ACTIVO');
INSERT INTO cita (id_cita,id_paciente,id_medico,id_especialidad,id_tarifa_aplicada,id_usuario_recepcionista,monto_consulta,fecha,hora,duracion_minutos,estado,observaciones,usuario_registro,fecha_registro,estado_registro) VALUES (312,17,1,1,1,2,60.00,'2026-08-08','08:00:00',30,'CONFIRMADA','Cita programada para consulta externa.','recepcionista1','2026-07-10 09:00:00','ACTIVO');
INSERT INTO cita (id_cita,id_paciente,id_medico,id_especialidad,id_tarifa_aplicada,id_usuario_recepcionista,monto_consulta,fecha,hora,duracion_minutos,estado,observaciones,usuario_registro,fecha_registro,estado_registro) VALUES (313,21,7,1,1,2,60.00,'2026-08-10','08:00:00',30,'CONFIRMADA','Cita programada para consulta externa.','recepcionista1','2026-07-10 09:00:00','ACTIVO');
INSERT INTO cita (id_cita,id_paciente,id_medico,id_especialidad,id_tarifa_aplicada,id_usuario_recepcionista,monto_consulta,fecha,hora,duracion_minutos,estado,observaciones,usuario_registro,fecha_registro,estado_registro) VALUES (314,22,9,7,7,3,130.00,'2026-08-10','08:00:00',30,'PROGRAMADA','Cita programada para consulta externa.','recepcionista1','2026-07-10 09:00:00','ACTIVO');
INSERT INTO cita (id_cita,id_paciente,id_medico,id_especialidad,id_tarifa_aplicada,id_usuario_recepcionista,monto_consulta,fecha,hora,duracion_minutos,estado,observaciones,usuario_registro,fecha_registro,estado_registro) VALUES (315,23,11,2,2,2,80.00,'2026-08-10','08:00:00',30,'CONFIRMADA','Cita programada para consulta externa.','recepcionista1','2026-07-10 09:00:00','ACTIVO');
INSERT INTO cita (id_cita,id_paciente,id_medico,id_especialidad,id_tarifa_aplicada,id_usuario_recepcionista,monto_consulta,fecha,hora,duracion_minutos,estado,observaciones,usuario_registro,fecha_registro,estado_registro) VALUES (316,24,1,1,1,3,60.00,'2026-08-10','08:00:00',30,'CONFIRMADA','Cita programada para consulta externa.','recepcionista1','2026-07-10 09:00:00','ACTIVO');
INSERT INTO cita (id_cita,id_paciente,id_medico,id_especialidad,id_tarifa_aplicada,id_usuario_recepcionista,monto_consulta,fecha,hora,duracion_minutos,estado,observaciones,usuario_registro,fecha_registro,estado_registro) VALUES (317,25,3,3,3,2,120.00,'2026-08-10','08:00:00',30,'PROGRAMADA','Cita programada para consulta externa.','recepcionista1','2026-07-10 09:00:00','ACTIVO');
INSERT INTO cita (id_cita,id_paciente,id_medico,id_especialidad,id_tarifa_aplicada,id_usuario_recepcionista,monto_consulta,fecha,hora,duracion_minutos,estado,observaciones,usuario_registro,fecha_registro,estado_registro) VALUES (318,26,5,5,5,3,100.00,'2026-08-10','08:00:00',30,'EN_ESPERA','Cita programada para consulta externa.','recepcionista1','2026-07-10 09:00:00','ACTIVO');
INSERT INTO cita (id_cita,id_paciente,id_medico,id_especialidad,id_tarifa_aplicada,id_usuario_recepcionista,monto_consulta,fecha,hora,duracion_minutos,estado,observaciones,usuario_registro,fecha_registro,estado_registro) VALUES (319,27,12,6,6,2,110.00,'2026-08-11','08:00:00',35,'PROGRAMADA','Cita programada para consulta externa.','recepcionista1','2026-07-10 09:00:00','ACTIVO');
INSERT INTO cita (id_cita,id_paciente,id_medico,id_especialidad,id_tarifa_aplicada,id_usuario_recepcionista,monto_consulta,fecha,hora,duracion_minutos,estado,observaciones,usuario_registro,fecha_registro,estado_registro) VALUES (320,28,2,2,2,3,80.00,'2026-08-11','08:00:00',30,'PROGRAMADA','Cita programada para consulta externa.','recepcionista1','2026-07-10 09:00:00','ACTIVO');
INSERT INTO cita (id_cita,id_paciente,id_medico,id_especialidad,id_tarifa_aplicada,id_usuario_recepcionista,monto_consulta,fecha,hora,duracion_minutos,estado,observaciones,usuario_registro,fecha_registro,estado_registro) VALUES (321,29,4,4,4,2,100.00,'2026-08-11','08:00:00',25,'PROGRAMADA','Cita programada para consulta externa.','recepcionista1','2026-07-10 09:00:00','ACTIVO');
INSERT INTO cita (id_cita,id_paciente,id_medico,id_especialidad,id_tarifa_aplicada,id_usuario_recepcionista,monto_consulta,fecha,hora,duracion_minutos,estado,observaciones,usuario_registro,fecha_registro,estado_registro) VALUES (322,30,6,6,6,3,110.00,'2026-08-11','08:00:00',35,'PROGRAMADA','Cita programada para consulta externa.','recepcionista1','2026-07-10 09:00:00','ACTIVO');
INSERT INTO cita (id_cita,id_paciente,id_medico,id_especialidad,id_tarifa_aplicada,id_usuario_recepcionista,monto_consulta,fecha,hora,duracion_minutos,estado,observaciones,usuario_registro,fecha_registro,estado_registro) VALUES (323,31,8,3,3,2,120.00,'2026-08-11','08:00:00',30,'EN_ESPERA','Cita programada para consulta externa.','recepcionista1','2026-07-10 09:00:00','ACTIVO');
INSERT INTO cita (id_cita,id_paciente,id_medico,id_especialidad,id_tarifa_aplicada,id_usuario_recepcionista,monto_consulta,fecha,hora,duracion_minutos,estado,observaciones,usuario_registro,fecha_registro,estado_registro) VALUES (324,32,10,8,8,3,140.00,'2026-08-11','08:00:00',40,'PROGRAMADA','Cita programada para consulta externa.','recepcionista1','2026-07-10 09:00:00','ACTIVO');

-- Pagos principales
INSERT INTO pago (id_pago,codigo_pago,id_cita,monto_total,monto_pagado,estado_pago,fecha_pago,id_usuario_cobro,observacion,usuario_registro,fecha_registro,estado_registro) VALUES (1,'PAG-000001',1,60.00,60.00,'PAGADO','2026-06-10 08:00:00',4,'Pago completado antes de consulta.','system','2026-06-10 08:00:00','ACTIVO');
INSERT INTO pago (id_pago,codigo_pago,id_cita,monto_total,monto_pagado,estado_pago,fecha_pago,id_usuario_cobro,observacion,usuario_registro,fecha_registro,estado_registro) VALUES (2,'PAG-000002',2,80.00,80.00,'PAGADO','2026-06-10 08:00:00',5,'Pago completado antes de consulta.','system','2026-06-10 08:00:00','ACTIVO');
INSERT INTO pago (id_pago,codigo_pago,id_cita,monto_total,monto_pagado,estado_pago,fecha_pago,id_usuario_cobro,observacion,usuario_registro,fecha_registro,estado_registro) VALUES (3,'PAG-000003',3,120.00,120.00,'PAGADO','2026-06-10 08:00:00',4,'Pago completado antes de consulta.','system','2026-06-10 08:00:00','ACTIVO');
INSERT INTO pago (id_pago,codigo_pago,id_cita,monto_total,monto_pagado,estado_pago,fecha_pago,id_usuario_cobro,observacion,usuario_registro,fecha_registro,estado_registro) VALUES (4,'PAG-000004',4,100.00,100.00,'PAGADO','2026-06-10 08:00:00',5,'Pago completado antes de consulta.','system','2026-06-10 08:00:00','ACTIVO');
INSERT INTO pago (id_pago,codigo_pago,id_cita,monto_total,monto_pagado,estado_pago,fecha_pago,id_usuario_cobro,observacion,usuario_registro,fecha_registro,estado_registro) VALUES (5,'PAG-000005',5,100.00,100.00,'PAGADO','2026-06-10 08:00:00',4,'Pago completado antes de consulta.','system','2026-06-10 08:00:00','ACTIVO');
INSERT INTO pago (id_pago,codigo_pago,id_cita,monto_total,monto_pagado,estado_pago,fecha_pago,id_usuario_cobro,observacion,usuario_registro,fecha_registro,estado_registro) VALUES (6,'PAG-000006',6,110.00,110.00,'PAGADO','2026-06-10 08:00:00',5,'Pago completado antes de consulta.','system','2026-06-10 08:00:00','ACTIVO');
INSERT INTO pago (id_pago,codigo_pago,id_cita,monto_total,monto_pagado,estado_pago,fecha_pago,id_usuario_cobro,observacion,usuario_registro,fecha_registro,estado_registro) VALUES (7,'PAG-000007',7,60.00,60.00,'PAGADO','2026-06-10 08:00:00',4,'Pago completado antes de consulta.','system','2026-06-10 08:00:00','ACTIVO');
INSERT INTO pago (id_pago,codigo_pago,id_cita,monto_total,monto_pagado,estado_pago,fecha_pago,id_usuario_cobro,observacion,usuario_registro,fecha_registro,estado_registro) VALUES (8,'PAG-000008',8,100.00,100.00,'PAGADO','2026-06-11 08:00:00',4,'Pago completado antes de consulta.','system','2026-06-11 08:00:00','ACTIVO');
INSERT INTO pago (id_pago,codigo_pago,id_cita,monto_total,monto_pagado,estado_pago,fecha_pago,id_usuario_cobro,observacion,usuario_registro,fecha_registro,estado_registro) VALUES (9,'PAG-000009',9,100.00,100.00,'PAGADO','2026-06-11 08:00:00',5,'Pago completado antes de consulta.','system','2026-06-11 08:00:00','ACTIVO');
INSERT INTO pago (id_pago,codigo_pago,id_cita,monto_total,monto_pagado,estado_pago,fecha_pago,id_usuario_cobro,observacion,usuario_registro,fecha_registro,estado_registro) VALUES (10,'PAG-000010',10,110.00,110.00,'PAGADO','2026-06-11 08:00:00',4,'Pago completado antes de consulta.','system','2026-06-11 08:00:00','ACTIVO');
INSERT INTO pago (id_pago,codigo_pago,id_cita,monto_total,monto_pagado,estado_pago,fecha_pago,id_usuario_cobro,observacion,usuario_registro,fecha_registro,estado_registro) VALUES (11,'PAG-000011',11,60.00,60.00,'PAGADO','2026-06-11 08:00:00',5,'Pago completado antes de consulta.','system','2026-06-11 08:00:00','ACTIVO');
INSERT INTO pago (id_pago,codigo_pago,id_cita,monto_total,monto_pagado,estado_pago,fecha_pago,id_usuario_cobro,observacion,usuario_registro,fecha_registro,estado_registro) VALUES (12,'PAG-000012',12,120.00,120.00,'PAGADO','2026-06-11 08:00:00',4,'Pago completado antes de consulta.','system','2026-06-11 08:00:00','ACTIVO');
INSERT INTO pago (id_pago,codigo_pago,id_cita,monto_total,monto_pagado,estado_pago,fecha_pago,id_usuario_cobro,observacion,usuario_registro,fecha_registro,estado_registro) VALUES (13,'PAG-000013',13,130.00,130.00,'PAGADO','2026-06-11 08:00:00',5,'Pago completado antes de consulta.','system','2026-06-11 08:00:00','ACTIVO');
INSERT INTO pago (id_pago,codigo_pago,id_cita,monto_total,monto_pagado,estado_pago,fecha_pago,id_usuario_cobro,observacion,usuario_registro,fecha_registro,estado_registro) VALUES (14,'PAG-000014',14,140.00,140.00,'PAGADO','2026-06-11 08:00:00',4,'Pago completado antes de consulta.','system','2026-06-11 08:00:00','ACTIVO');
INSERT INTO pago (id_pago,codigo_pago,id_cita,monto_total,monto_pagado,estado_pago,fecha_pago,id_usuario_cobro,observacion,usuario_registro,fecha_registro,estado_registro) VALUES (15,'PAG-000015',15,60.00,60.00,'PAGADO','2026-06-12 08:00:00',4,'Pago completado antes de consulta.','system','2026-06-12 08:00:00','ACTIVO');
INSERT INTO pago (id_pago,codigo_pago,id_cita,monto_total,monto_pagado,estado_pago,fecha_pago,id_usuario_cobro,observacion,usuario_registro,fecha_registro,estado_registro) VALUES (16,'PAG-000016',16,120.00,120.00,'PAGADO','2026-06-12 08:00:00',5,'Pago completado antes de consulta.','system','2026-06-12 08:00:00','ACTIVO');
INSERT INTO pago (id_pago,codigo_pago,id_cita,monto_total,monto_pagado,estado_pago,fecha_pago,id_usuario_cobro,observacion,usuario_registro,fecha_registro,estado_registro) VALUES (17,'PAG-000017',17,130.00,130.00,'PAGADO','2026-06-12 08:00:00',4,'Pago completado antes de consulta.','system','2026-06-12 08:00:00','ACTIVO');
INSERT INTO pago (id_pago,codigo_pago,id_cita,monto_total,monto_pagado,estado_pago,fecha_pago,id_usuario_cobro,observacion,usuario_registro,fecha_registro,estado_registro) VALUES (18,'PAG-000018',18,140.00,140.00,'PAGADO','2026-06-12 08:00:00',5,'Pago completado antes de consulta.','system','2026-06-12 08:00:00','ACTIVO');
INSERT INTO pago (id_pago,codigo_pago,id_cita,monto_total,monto_pagado,estado_pago,fecha_pago,id_usuario_cobro,observacion,usuario_registro,fecha_registro,estado_registro) VALUES (19,'PAG-000019',19,80.00,80.00,'PAGADO','2026-06-12 08:00:00',4,'Pago completado antes de consulta.','system','2026-06-12 08:00:00','ACTIVO');
INSERT INTO pago (id_pago,codigo_pago,id_cita,monto_total,monto_pagado,estado_pago,fecha_pago,id_usuario_cobro,observacion,usuario_registro,fecha_registro,estado_registro) VALUES (20,'PAG-000020',20,110.00,110.00,'PAGADO','2026-06-12 08:00:00',5,'Pago completado antes de consulta.','system','2026-06-12 08:00:00','ACTIVO');
INSERT INTO pago (id_pago,codigo_pago,id_cita,monto_total,monto_pagado,estado_pago,fecha_pago,id_usuario_cobro,observacion,usuario_registro,fecha_registro,estado_registro) VALUES (21,'PAG-000021',21,60.00,60.00,'PAGADO','2026-06-12 08:00:00',4,'Pago completado antes de consulta.','system','2026-06-12 08:00:00','ACTIVO');
INSERT INTO pago (id_pago,codigo_pago,id_cita,monto_total,monto_pagado,estado_pago,fecha_pago,id_usuario_cobro,observacion,usuario_registro,fecha_registro,estado_registro) VALUES (22,'PAG-000022',22,140.00,140.00,'PAGADO','2026-06-13 08:00:00',4,'Pago completado antes de consulta.','system','2026-06-13 08:00:00','ACTIVO');
INSERT INTO pago (id_pago,codigo_pago,id_cita,monto_total,monto_pagado,estado_pago,fecha_pago,id_usuario_cobro,observacion,usuario_registro,fecha_registro,estado_registro) VALUES (23,'PAG-000023',23,80.00,80.00,'PAGADO','2026-06-13 08:00:00',5,'Pago completado antes de consulta.','system','2026-06-13 08:00:00','ACTIVO');
INSERT INTO pago (id_pago,codigo_pago,id_cita,monto_total,monto_pagado,estado_pago,fecha_pago,id_usuario_cobro,observacion,usuario_registro,fecha_registro,estado_registro) VALUES (24,'PAG-000024',24,110.00,110.00,'PAGADO','2026-06-13 08:00:00',4,'Pago completado antes de consulta.','system','2026-06-13 08:00:00','ACTIVO');
INSERT INTO pago (id_pago,codigo_pago,id_cita,monto_total,monto_pagado,estado_pago,fecha_pago,id_usuario_cobro,observacion,usuario_registro,fecha_registro,estado_registro) VALUES (25,'PAG-000025',25,60.00,60.00,'PAGADO','2026-06-13 08:00:00',5,'Pago completado antes de consulta.','system','2026-06-13 08:00:00','ACTIVO');
INSERT INTO pago (id_pago,codigo_pago,id_cita,monto_total,monto_pagado,estado_pago,fecha_pago,id_usuario_cobro,observacion,usuario_registro,fecha_registro,estado_registro) VALUES (26,'PAG-000026',26,100.00,100.00,'PAGADO','2026-06-15 08:00:00',4,'Pago completado antes de consulta.','system','2026-06-15 08:00:00','ACTIVO');
INSERT INTO pago (id_pago,codigo_pago,id_cita,monto_total,monto_pagado,estado_pago,fecha_pago,id_usuario_cobro,observacion,usuario_registro,fecha_registro,estado_registro) VALUES (27,'PAG-000027',27,100.00,100.00,'PAGADO','2026-06-15 08:00:00',5,'Pago completado antes de consulta.','system','2026-06-15 08:00:00','ACTIVO');
INSERT INTO pago (id_pago,codigo_pago,id_cita,monto_total,monto_pagado,estado_pago,fecha_pago,id_usuario_cobro,observacion,usuario_registro,fecha_registro,estado_registro) VALUES (28,'PAG-000028',28,110.00,110.00,'PAGADO','2026-06-15 08:00:00',4,'Pago completado antes de consulta.','system','2026-06-15 08:00:00','ACTIVO');
INSERT INTO pago (id_pago,codigo_pago,id_cita,monto_total,monto_pagado,estado_pago,fecha_pago,id_usuario_cobro,observacion,usuario_registro,fecha_registro,estado_registro) VALUES (29,'PAG-000029',29,60.00,60.00,'PAGADO','2026-06-15 08:00:00',5,'Pago completado antes de consulta.','system','2026-06-15 08:00:00','ACTIVO');
INSERT INTO pago (id_pago,codigo_pago,id_cita,monto_total,monto_pagado,estado_pago,fecha_pago,id_usuario_cobro,observacion,usuario_registro,fecha_registro,estado_registro) VALUES (30,'PAG-000030',30,120.00,120.00,'PAGADO','2026-06-15 08:00:00',4,'Pago completado antes de consulta.','system','2026-06-15 08:00:00','ACTIVO');
INSERT INTO pago (id_pago,codigo_pago,id_cita,monto_total,monto_pagado,estado_pago,fecha_pago,id_usuario_cobro,observacion,usuario_registro,fecha_registro,estado_registro) VALUES (31,'PAG-000031',31,130.00,130.00,'PAGADO','2026-06-15 08:00:00',5,'Pago completado antes de consulta.','system','2026-06-15 08:00:00','ACTIVO');
INSERT INTO pago (id_pago,codigo_pago,id_cita,monto_total,monto_pagado,estado_pago,fecha_pago,id_usuario_cobro,observacion,usuario_registro,fecha_registro,estado_registro) VALUES (32,'PAG-000032',32,140.00,140.00,'PAGADO','2026-06-15 08:00:00',4,'Pago completado antes de consulta.','system','2026-06-15 08:00:00','ACTIVO');
INSERT INTO pago (id_pago,codigo_pago,id_cita,monto_total,monto_pagado,estado_pago,fecha_pago,id_usuario_cobro,observacion,usuario_registro,fecha_registro,estado_registro) VALUES (33,'PAG-000033',33,60.00,60.00,'PAGADO','2026-06-16 08:00:00',4,'Pago completado antes de consulta.','system','2026-06-16 08:00:00','ACTIVO');
INSERT INTO pago (id_pago,codigo_pago,id_cita,monto_total,monto_pagado,estado_pago,fecha_pago,id_usuario_cobro,observacion,usuario_registro,fecha_registro,estado_registro) VALUES (34,'PAG-000034',34,120.00,120.00,'PAGADO','2026-06-16 08:00:00',5,'Pago completado antes de consulta.','system','2026-06-16 08:00:00','ACTIVO');
INSERT INTO pago (id_pago,codigo_pago,id_cita,monto_total,monto_pagado,estado_pago,fecha_pago,id_usuario_cobro,observacion,usuario_registro,fecha_registro,estado_registro) VALUES (35,'PAG-000035',35,130.00,130.00,'PAGADO','2026-06-16 08:00:00',4,'Pago completado antes de consulta.','system','2026-06-16 08:00:00','ACTIVO');
INSERT INTO pago (id_pago,codigo_pago,id_cita,monto_total,monto_pagado,estado_pago,fecha_pago,id_usuario_cobro,observacion,usuario_registro,fecha_registro,estado_registro) VALUES (36,'PAG-000036',36,140.00,140.00,'PAGADO','2026-06-16 08:00:00',5,'Pago completado antes de consulta.','system','2026-06-16 08:00:00','ACTIVO');
INSERT INTO pago (id_pago,codigo_pago,id_cita,monto_total,monto_pagado,estado_pago,fecha_pago,id_usuario_cobro,observacion,usuario_registro,fecha_registro,estado_registro) VALUES (37,'PAG-000037',37,80.00,80.00,'PAGADO','2026-06-16 08:00:00',4,'Pago completado antes de consulta.','system','2026-06-16 08:00:00','ACTIVO');
INSERT INTO pago (id_pago,codigo_pago,id_cita,monto_total,monto_pagado,estado_pago,fecha_pago,id_usuario_cobro,observacion,usuario_registro,fecha_registro,estado_registro) VALUES (38,'PAG-000038',38,110.00,110.00,'PAGADO','2026-06-16 08:00:00',5,'Pago completado antes de consulta.','system','2026-06-16 08:00:00','ACTIVO');
INSERT INTO pago (id_pago,codigo_pago,id_cita,monto_total,monto_pagado,estado_pago,fecha_pago,id_usuario_cobro,observacion,usuario_registro,fecha_registro,estado_registro) VALUES (39,'PAG-000039',39,60.00,60.00,'PAGADO','2026-06-16 08:00:00',4,'Pago completado antes de consulta.','system','2026-06-16 08:00:00','ACTIVO');
INSERT INTO pago (id_pago,codigo_pago,id_cita,monto_total,monto_pagado,estado_pago,fecha_pago,id_usuario_cobro,observacion,usuario_registro,fecha_registro,estado_registro) VALUES (40,'PAG-000040',40,140.00,140.00,'PAGADO','2026-06-17 08:00:00',4,'Pago completado antes de consulta.','system','2026-06-17 08:00:00','ACTIVO');
INSERT INTO pago (id_pago,codigo_pago,id_cita,monto_total,monto_pagado,estado_pago,fecha_pago,id_usuario_cobro,observacion,usuario_registro,fecha_registro,estado_registro) VALUES (41,'PAG-000041',41,80.00,80.00,'PAGADO','2026-06-17 08:00:00',5,'Pago completado antes de consulta.','system','2026-06-17 08:00:00','ACTIVO');
INSERT INTO pago (id_pago,codigo_pago,id_cita,monto_total,monto_pagado,estado_pago,fecha_pago,id_usuario_cobro,observacion,usuario_registro,fecha_registro,estado_registro) VALUES (42,'PAG-000042',42,110.00,110.00,'PAGADO','2026-06-17 08:00:00',4,'Pago completado antes de consulta.','system','2026-06-17 08:00:00','ACTIVO');
INSERT INTO pago (id_pago,codigo_pago,id_cita,monto_total,monto_pagado,estado_pago,fecha_pago,id_usuario_cobro,observacion,usuario_registro,fecha_registro,estado_registro) VALUES (43,'PAG-000043',43,60.00,60.00,'PAGADO','2026-06-17 08:00:00',5,'Pago completado antes de consulta.','system','2026-06-17 08:00:00','ACTIVO');
INSERT INTO pago (id_pago,codigo_pago,id_cita,monto_total,monto_pagado,estado_pago,fecha_pago,id_usuario_cobro,observacion,usuario_registro,fecha_registro,estado_registro) VALUES (44,'PAG-000044',44,80.00,80.00,'PAGADO','2026-06-17 08:00:00',4,'Pago completado antes de consulta.','system','2026-06-17 08:00:00','ACTIVO');
INSERT INTO pago (id_pago,codigo_pago,id_cita,monto_total,monto_pagado,estado_pago,fecha_pago,id_usuario_cobro,observacion,usuario_registro,fecha_registro,estado_registro) VALUES (45,'PAG-000045',45,120.00,120.00,'PAGADO','2026-06-17 08:00:00',5,'Pago completado antes de consulta.','system','2026-06-17 08:00:00','ACTIVO');
INSERT INTO pago (id_pago,codigo_pago,id_cita,monto_total,monto_pagado,estado_pago,fecha_pago,id_usuario_cobro,observacion,usuario_registro,fecha_registro,estado_registro) VALUES (46,'PAG-000046',46,100.00,100.00,'PAGADO','2026-06-17 08:00:00',4,'Pago completado antes de consulta.','system','2026-06-17 08:00:00','ACTIVO');
INSERT INTO pago (id_pago,codigo_pago,id_cita,monto_total,monto_pagado,estado_pago,fecha_pago,id_usuario_cobro,observacion,usuario_registro,fecha_registro,estado_registro) VALUES (47,'PAG-000047',47,60.00,60.00,'PAGADO','2026-06-18 08:00:00',4,'Pago completado antes de consulta.','system','2026-06-18 08:00:00','ACTIVO');
INSERT INTO pago (id_pago,codigo_pago,id_cita,monto_total,monto_pagado,estado_pago,fecha_pago,id_usuario_cobro,observacion,usuario_registro,fecha_registro,estado_registro) VALUES (48,'PAG-000048',48,80.00,80.00,'PAGADO','2026-06-18 08:00:00',5,'Pago completado antes de consulta.','system','2026-06-18 08:00:00','ACTIVO');
INSERT INTO pago (id_pago,codigo_pago,id_cita,monto_total,monto_pagado,estado_pago,fecha_pago,id_usuario_cobro,observacion,usuario_registro,fecha_registro,estado_registro) VALUES (49,'PAG-000049',49,120.00,120.00,'PAGADO','2026-06-18 08:00:00',4,'Pago completado antes de consulta.','system','2026-06-18 08:00:00','ACTIVO');
INSERT INTO pago (id_pago,codigo_pago,id_cita,monto_total,monto_pagado,estado_pago,fecha_pago,id_usuario_cobro,observacion,usuario_registro,fecha_registro,estado_registro) VALUES (50,'PAG-000050',50,100.00,100.00,'PAGADO','2026-06-18 08:00:00',5,'Pago completado antes de consulta.','system','2026-06-18 08:00:00','ACTIVO');
INSERT INTO pago (id_pago,codigo_pago,id_cita,monto_total,monto_pagado,estado_pago,fecha_pago,id_usuario_cobro,observacion,usuario_registro,fecha_registro,estado_registro) VALUES (51,'PAG-000051',51,100.00,100.00,'PAGADO','2026-06-18 08:00:00',4,'Pago completado antes de consulta.','system','2026-06-18 08:00:00','ACTIVO');
INSERT INTO pago (id_pago,codigo_pago,id_cita,monto_total,monto_pagado,estado_pago,fecha_pago,id_usuario_cobro,observacion,usuario_registro,fecha_registro,estado_registro) VALUES (52,'PAG-000052',52,110.00,110.00,'PAGADO','2026-06-18 08:00:00',5,'Pago completado antes de consulta.','system','2026-06-18 08:00:00','ACTIVO');
INSERT INTO pago (id_pago,codigo_pago,id_cita,monto_total,monto_pagado,estado_pago,fecha_pago,id_usuario_cobro,observacion,usuario_registro,fecha_registro,estado_registro) VALUES (53,'PAG-000053',53,60.00,60.00,'PAGADO','2026-06-18 08:00:00',4,'Pago completado antes de consulta.','system','2026-06-18 08:00:00','ACTIVO');
INSERT INTO pago (id_pago,codigo_pago,id_cita,monto_total,monto_pagado,estado_pago,fecha_pago,id_usuario_cobro,observacion,usuario_registro,fecha_registro,estado_registro) VALUES (54,'PAG-000054',54,100.00,100.00,'PAGADO','2026-06-19 08:00:00',4,'Pago completado antes de consulta.','system','2026-06-19 08:00:00','ACTIVO');
INSERT INTO pago (id_pago,codigo_pago,id_cita,monto_total,monto_pagado,estado_pago,fecha_pago,id_usuario_cobro,observacion,usuario_registro,fecha_registro,estado_registro) VALUES (55,'PAG-000055',55,100.00,100.00,'PAGADO','2026-06-19 08:00:00',5,'Pago completado antes de consulta.','system','2026-06-19 08:00:00','ACTIVO');
INSERT INTO pago (id_pago,codigo_pago,id_cita,monto_total,monto_pagado,estado_pago,fecha_pago,id_usuario_cobro,observacion,usuario_registro,fecha_registro,estado_registro) VALUES (56,'PAG-000056',56,110.00,110.00,'PAGADO','2026-06-19 08:00:00',4,'Pago completado antes de consulta.','system','2026-06-19 08:00:00','ACTIVO');
INSERT INTO pago (id_pago,codigo_pago,id_cita,monto_total,monto_pagado,estado_pago,fecha_pago,id_usuario_cobro,observacion,usuario_registro,fecha_registro,estado_registro) VALUES (57,'PAG-000057',57,60.00,60.00,'PAGADO','2026-06-19 08:00:00',5,'Pago completado antes de consulta.','system','2026-06-19 08:00:00','ACTIVO');
INSERT INTO pago (id_pago,codigo_pago,id_cita,monto_total,monto_pagado,estado_pago,fecha_pago,id_usuario_cobro,observacion,usuario_registro,fecha_registro,estado_registro) VALUES (58,'PAG-000058',58,120.00,120.00,'PAGADO','2026-06-19 08:00:00',4,'Pago completado antes de consulta.','system','2026-06-19 08:00:00','ACTIVO');
INSERT INTO pago (id_pago,codigo_pago,id_cita,monto_total,monto_pagado,estado_pago,fecha_pago,id_usuario_cobro,observacion,usuario_registro,fecha_registro,estado_registro) VALUES (59,'PAG-000059',59,130.00,130.00,'PAGADO','2026-06-19 08:00:00',5,'Pago completado antes de consulta.','system','2026-06-19 08:00:00','ACTIVO');
INSERT INTO pago (id_pago,codigo_pago,id_cita,monto_total,monto_pagado,estado_pago,fecha_pago,id_usuario_cobro,observacion,usuario_registro,fecha_registro,estado_registro) VALUES (60,'PAG-000060',60,140.00,140.00,'PAGADO','2026-06-19 08:00:00',4,'Pago completado antes de consulta.','system','2026-06-19 08:00:00','ACTIVO');
INSERT INTO pago (id_pago,codigo_pago,id_cita,monto_total,monto_pagado,estado_pago,fecha_pago,id_usuario_cobro,observacion,usuario_registro,fecha_registro,estado_registro) VALUES (61,'PAG-000061',61,60.00,60.00,'PAGADO','2026-06-20 08:00:00',4,'Pago completado antes de consulta.','system','2026-06-20 08:00:00','ACTIVO');
INSERT INTO pago (id_pago,codigo_pago,id_cita,monto_total,monto_pagado,estado_pago,fecha_pago,id_usuario_cobro,observacion,usuario_registro,fecha_registro,estado_registro) VALUES (62,'PAG-000062',62,120.00,120.00,'PAGADO','2026-06-20 08:00:00',5,'Pago completado antes de consulta.','system','2026-06-20 08:00:00','ACTIVO');
INSERT INTO pago (id_pago,codigo_pago,id_cita,monto_total,monto_pagado,estado_pago,fecha_pago,id_usuario_cobro,observacion,usuario_registro,fecha_registro,estado_registro) VALUES (63,'PAG-000063',63,130.00,130.00,'PAGADO','2026-06-20 08:00:00',4,'Pago completado antes de consulta.','system','2026-06-20 08:00:00','ACTIVO');
INSERT INTO pago (id_pago,codigo_pago,id_cita,monto_total,monto_pagado,estado_pago,fecha_pago,id_usuario_cobro,observacion,usuario_registro,fecha_registro,estado_registro) VALUES (64,'PAG-000064',64,140.00,140.00,'PAGADO','2026-06-20 08:00:00',5,'Pago completado antes de consulta.','system','2026-06-20 08:00:00','ACTIVO');
INSERT INTO pago (id_pago,codigo_pago,id_cita,monto_total,monto_pagado,estado_pago,fecha_pago,id_usuario_cobro,observacion,usuario_registro,fecha_registro,estado_registro) VALUES (65,'PAG-000065',65,60.00,60.00,'PAGADO','2026-06-22 08:00:00',4,'Pago completado antes de consulta.','system','2026-06-22 08:00:00','ACTIVO');
INSERT INTO pago (id_pago,codigo_pago,id_cita,monto_total,monto_pagado,estado_pago,fecha_pago,id_usuario_cobro,observacion,usuario_registro,fecha_registro,estado_registro) VALUES (66,'PAG-000066',66,80.00,80.00,'PAGADO','2026-06-22 08:00:00',5,'Pago completado antes de consulta.','system','2026-06-22 08:00:00','ACTIVO');
INSERT INTO pago (id_pago,codigo_pago,id_cita,monto_total,monto_pagado,estado_pago,fecha_pago,id_usuario_cobro,observacion,usuario_registro,fecha_registro,estado_registro) VALUES (67,'PAG-000067',67,120.00,120.00,'PAGADO','2026-06-22 08:00:00',4,'Pago completado antes de consulta.','system','2026-06-22 08:00:00','ACTIVO');
INSERT INTO pago (id_pago,codigo_pago,id_cita,monto_total,monto_pagado,estado_pago,fecha_pago,id_usuario_cobro,observacion,usuario_registro,fecha_registro,estado_registro) VALUES (68,'PAG-000068',68,100.00,100.00,'PAGADO','2026-06-22 08:00:00',5,'Pago completado antes de consulta.','system','2026-06-22 08:00:00','ACTIVO');
INSERT INTO pago (id_pago,codigo_pago,id_cita,monto_total,monto_pagado,estado_pago,fecha_pago,id_usuario_cobro,observacion,usuario_registro,fecha_registro,estado_registro) VALUES (69,'PAG-000069',69,100.00,100.00,'PAGADO','2026-06-22 08:00:00',4,'Pago completado antes de consulta.','system','2026-06-22 08:00:00','ACTIVO');
INSERT INTO pago (id_pago,codigo_pago,id_cita,monto_total,monto_pagado,estado_pago,fecha_pago,id_usuario_cobro,observacion,usuario_registro,fecha_registro,estado_registro) VALUES (70,'PAG-000070',70,110.00,110.00,'PAGADO','2026-06-22 08:00:00',5,'Pago completado antes de consulta.','system','2026-06-22 08:00:00','ACTIVO');
INSERT INTO pago (id_pago,codigo_pago,id_cita,monto_total,monto_pagado,estado_pago,fecha_pago,id_usuario_cobro,observacion,usuario_registro,fecha_registro,estado_registro) VALUES (71,'PAG-000071',71,60.00,60.00,'PAGADO','2026-06-22 08:00:00',4,'Pago completado antes de consulta.','system','2026-06-22 08:00:00','ACTIVO');
INSERT INTO pago (id_pago,codigo_pago,id_cita,monto_total,monto_pagado,estado_pago,fecha_pago,id_usuario_cobro,observacion,usuario_registro,fecha_registro,estado_registro) VALUES (72,'PAG-000072',72,100.00,100.00,'PAGADO','2026-06-23 08:00:00',4,'Pago completado antes de consulta.','system','2026-06-23 08:00:00','ACTIVO');
INSERT INTO pago (id_pago,codigo_pago,id_cita,monto_total,monto_pagado,estado_pago,fecha_pago,id_usuario_cobro,observacion,usuario_registro,fecha_registro,estado_registro) VALUES (73,'PAG-000073',73,100.00,100.00,'PAGADO','2026-06-23 08:00:00',5,'Pago completado antes de consulta.','system','2026-06-23 08:00:00','ACTIVO');
INSERT INTO pago (id_pago,codigo_pago,id_cita,monto_total,monto_pagado,estado_pago,fecha_pago,id_usuario_cobro,observacion,usuario_registro,fecha_registro,estado_registro) VALUES (74,'PAG-000074',74,110.00,110.00,'PAGADO','2026-06-23 08:00:00',4,'Pago completado antes de consulta.','system','2026-06-23 08:00:00','ACTIVO');
INSERT INTO pago (id_pago,codigo_pago,id_cita,monto_total,monto_pagado,estado_pago,fecha_pago,id_usuario_cobro,observacion,usuario_registro,fecha_registro,estado_registro) VALUES (75,'PAG-000075',75,60.00,60.00,'PAGADO','2026-06-23 08:00:00',5,'Pago completado antes de consulta.','system','2026-06-23 08:00:00','ACTIVO');
INSERT INTO pago (id_pago,codigo_pago,id_cita,monto_total,monto_pagado,estado_pago,fecha_pago,id_usuario_cobro,observacion,usuario_registro,fecha_registro,estado_registro) VALUES (76,'PAG-000076',76,120.00,120.00,'PAGADO','2026-06-23 08:00:00',4,'Pago completado antes de consulta.','system','2026-06-23 08:00:00','ACTIVO');
INSERT INTO pago (id_pago,codigo_pago,id_cita,monto_total,monto_pagado,estado_pago,fecha_pago,id_usuario_cobro,observacion,usuario_registro,fecha_registro,estado_registro) VALUES (77,'PAG-000077',77,130.00,130.00,'PAGADO','2026-06-23 08:00:00',5,'Pago completado antes de consulta.','system','2026-06-23 08:00:00','ACTIVO');
INSERT INTO pago (id_pago,codigo_pago,id_cita,monto_total,monto_pagado,estado_pago,fecha_pago,id_usuario_cobro,observacion,usuario_registro,fecha_registro,estado_registro) VALUES (78,'PAG-000078',78,140.00,140.00,'PAGADO','2026-06-23 08:00:00',4,'Pago completado antes de consulta.','system','2026-06-23 08:00:00','ACTIVO');
INSERT INTO pago (id_pago,codigo_pago,id_cita,monto_total,monto_pagado,estado_pago,fecha_pago,id_usuario_cobro,observacion,usuario_registro,fecha_registro,estado_registro) VALUES (79,'PAG-000079',79,60.00,60.00,'PAGADO','2026-06-24 08:00:00',4,'Pago completado antes de consulta.','system','2026-06-24 08:00:00','ACTIVO');
INSERT INTO pago (id_pago,codigo_pago,id_cita,monto_total,monto_pagado,estado_pago,fecha_pago,id_usuario_cobro,observacion,usuario_registro,fecha_registro,estado_registro) VALUES (80,'PAG-000080',80,120.00,120.00,'PAGADO','2026-06-24 08:00:00',5,'Pago completado antes de consulta.','system','2026-06-24 08:00:00','ACTIVO');
INSERT INTO pago (id_pago,codigo_pago,id_cita,monto_total,monto_pagado,estado_pago,fecha_pago,id_usuario_cobro,observacion,usuario_registro,fecha_registro,estado_registro) VALUES (81,'PAG-000081',81,130.00,130.00,'PAGADO','2026-06-24 08:00:00',4,'Pago completado antes de consulta.','system','2026-06-24 08:00:00','ACTIVO');
INSERT INTO pago (id_pago,codigo_pago,id_cita,monto_total,monto_pagado,estado_pago,fecha_pago,id_usuario_cobro,observacion,usuario_registro,fecha_registro,estado_registro) VALUES (82,'PAG-000082',82,140.00,140.00,'PAGADO','2026-06-24 08:00:00',5,'Pago completado antes de consulta.','system','2026-06-24 08:00:00','ACTIVO');
INSERT INTO pago (id_pago,codigo_pago,id_cita,monto_total,monto_pagado,estado_pago,fecha_pago,id_usuario_cobro,observacion,usuario_registro,fecha_registro,estado_registro) VALUES (83,'PAG-000083',83,80.00,80.00,'PAGADO','2026-06-24 08:00:00',4,'Pago completado antes de consulta.','system','2026-06-24 08:00:00','ACTIVO');
INSERT INTO pago (id_pago,codigo_pago,id_cita,monto_total,monto_pagado,estado_pago,fecha_pago,id_usuario_cobro,observacion,usuario_registro,fecha_registro,estado_registro) VALUES (84,'PAG-000084',84,110.00,110.00,'PAGADO','2026-06-24 08:00:00',5,'Pago completado antes de consulta.','system','2026-06-24 08:00:00','ACTIVO');
INSERT INTO pago (id_pago,codigo_pago,id_cita,monto_total,monto_pagado,estado_pago,fecha_pago,id_usuario_cobro,observacion,usuario_registro,fecha_registro,estado_registro) VALUES (85,'PAG-000085',85,60.00,60.00,'PAGADO','2026-06-24 08:00:00',4,'Pago completado antes de consulta.','system','2026-06-24 08:00:00','ACTIVO');
INSERT INTO pago (id_pago,codigo_pago,id_cita,monto_total,monto_pagado,estado_pago,fecha_pago,id_usuario_cobro,observacion,usuario_registro,fecha_registro,estado_registro) VALUES (86,'PAG-000086',86,140.00,140.00,'PAGADO','2026-06-25 08:00:00',4,'Pago completado antes de consulta.','system','2026-06-25 08:00:00','ACTIVO');
INSERT INTO pago (id_pago,codigo_pago,id_cita,monto_total,monto_pagado,estado_pago,fecha_pago,id_usuario_cobro,observacion,usuario_registro,fecha_registro,estado_registro) VALUES (87,'PAG-000087',87,80.00,80.00,'PAGADO','2026-06-25 08:00:00',5,'Pago completado antes de consulta.','system','2026-06-25 08:00:00','ACTIVO');
INSERT INTO pago (id_pago,codigo_pago,id_cita,monto_total,monto_pagado,estado_pago,fecha_pago,id_usuario_cobro,observacion,usuario_registro,fecha_registro,estado_registro) VALUES (88,'PAG-000088',88,110.00,110.00,'PAGADO','2026-06-25 08:00:00',4,'Pago completado antes de consulta.','system','2026-06-25 08:00:00','ACTIVO');
INSERT INTO pago (id_pago,codigo_pago,id_cita,monto_total,monto_pagado,estado_pago,fecha_pago,id_usuario_cobro,observacion,usuario_registro,fecha_registro,estado_registro) VALUES (89,'PAG-000089',89,60.00,60.00,'PAGADO','2026-06-25 08:00:00',5,'Pago completado antes de consulta.','system','2026-06-25 08:00:00','ACTIVO');
INSERT INTO pago (id_pago,codigo_pago,id_cita,monto_total,monto_pagado,estado_pago,fecha_pago,id_usuario_cobro,observacion,usuario_registro,fecha_registro,estado_registro) VALUES (90,'PAG-000090',90,80.00,80.00,'PAGADO','2026-06-25 08:00:00',4,'Pago completado antes de consulta.','system','2026-06-25 08:00:00','ACTIVO');
INSERT INTO pago (id_pago,codigo_pago,id_cita,monto_total,monto_pagado,estado_pago,fecha_pago,id_usuario_cobro,observacion,usuario_registro,fecha_registro,estado_registro) VALUES (91,'PAG-000091',91,120.00,120.00,'PAGADO','2026-06-25 08:00:00',5,'Pago completado antes de consulta.','system','2026-06-25 08:00:00','ACTIVO');
INSERT INTO pago (id_pago,codigo_pago,id_cita,monto_total,monto_pagado,estado_pago,fecha_pago,id_usuario_cobro,observacion,usuario_registro,fecha_registro,estado_registro) VALUES (92,'PAG-000092',92,100.00,100.00,'PAGADO','2026-06-25 08:00:00',4,'Pago completado antes de consulta.','system','2026-06-25 08:00:00','ACTIVO');
INSERT INTO pago (id_pago,codigo_pago,id_cita,monto_total,monto_pagado,estado_pago,fecha_pago,id_usuario_cobro,observacion,usuario_registro,fecha_registro,estado_registro) VALUES (93,'PAG-000093',93,60.00,60.00,'PAGADO','2026-06-26 08:00:00',4,'Pago completado antes de consulta.','system','2026-06-26 08:00:00','ACTIVO');
INSERT INTO pago (id_pago,codigo_pago,id_cita,monto_total,monto_pagado,estado_pago,fecha_pago,id_usuario_cobro,observacion,usuario_registro,fecha_registro,estado_registro) VALUES (94,'PAG-000094',94,80.00,80.00,'PAGADO','2026-06-26 08:00:00',5,'Pago completado antes de consulta.','system','2026-06-26 08:00:00','ACTIVO');
INSERT INTO pago (id_pago,codigo_pago,id_cita,monto_total,monto_pagado,estado_pago,fecha_pago,id_usuario_cobro,observacion,usuario_registro,fecha_registro,estado_registro) VALUES (95,'PAG-000095',95,120.00,120.00,'PAGADO','2026-06-26 08:00:00',4,'Pago completado antes de consulta.','system','2026-06-26 08:00:00','ACTIVO');
INSERT INTO pago (id_pago,codigo_pago,id_cita,monto_total,monto_pagado,estado_pago,fecha_pago,id_usuario_cobro,observacion,usuario_registro,fecha_registro,estado_registro) VALUES (96,'PAG-000096',96,100.00,100.00,'PAGADO','2026-06-26 08:00:00',5,'Pago completado antes de consulta.','system','2026-06-26 08:00:00','ACTIVO');
INSERT INTO pago (id_pago,codigo_pago,id_cita,monto_total,monto_pagado,estado_pago,fecha_pago,id_usuario_cobro,observacion,usuario_registro,fecha_registro,estado_registro) VALUES (97,'PAG-000097',97,100.00,100.00,'PAGADO','2026-06-26 08:00:00',4,'Pago completado antes de consulta.','system','2026-06-26 08:00:00','ACTIVO');
INSERT INTO pago (id_pago,codigo_pago,id_cita,monto_total,monto_pagado,estado_pago,fecha_pago,id_usuario_cobro,observacion,usuario_registro,fecha_registro,estado_registro) VALUES (98,'PAG-000098',98,110.00,110.00,'PAGADO','2026-06-26 08:00:00',5,'Pago completado antes de consulta.','system','2026-06-26 08:00:00','ACTIVO');
INSERT INTO pago (id_pago,codigo_pago,id_cita,monto_total,monto_pagado,estado_pago,fecha_pago,id_usuario_cobro,observacion,usuario_registro,fecha_registro,estado_registro) VALUES (99,'PAG-000099',99,60.00,60.00,'PAGADO','2026-06-26 08:00:00',4,'Pago completado antes de consulta.','system','2026-06-26 08:00:00','ACTIVO');
INSERT INTO pago (id_pago,codigo_pago,id_cita,monto_total,monto_pagado,estado_pago,fecha_pago,id_usuario_cobro,observacion,usuario_registro,fecha_registro,estado_registro) VALUES (100,'PAG-000100',100,100.00,100.00,'PAGADO','2026-06-27 08:00:00',4,'Pago completado antes de consulta.','system','2026-06-27 08:00:00','ACTIVO');
INSERT INTO pago (id_pago,codigo_pago,id_cita,monto_total,monto_pagado,estado_pago,fecha_pago,id_usuario_cobro,observacion,usuario_registro,fecha_registro,estado_registro) VALUES (101,'PAG-000101',101,100.00,100.00,'PAGADO','2026-06-27 08:00:00',5,'Pago completado antes de consulta.','system','2026-06-27 08:00:00','ACTIVO');
INSERT INTO pago (id_pago,codigo_pago,id_cita,monto_total,monto_pagado,estado_pago,fecha_pago,id_usuario_cobro,observacion,usuario_registro,fecha_registro,estado_registro) VALUES (102,'PAG-000102',102,110.00,110.00,'PAGADO','2026-06-27 08:00:00',4,'Pago completado antes de consulta.','system','2026-06-27 08:00:00','ACTIVO');
INSERT INTO pago (id_pago,codigo_pago,id_cita,monto_total,monto_pagado,estado_pago,fecha_pago,id_usuario_cobro,observacion,usuario_registro,fecha_registro,estado_registro) VALUES (103,'PAG-000103',103,60.00,60.00,'PAGADO','2026-06-27 08:00:00',5,'Pago completado antes de consulta.','system','2026-06-27 08:00:00','ACTIVO');
INSERT INTO pago (id_pago,codigo_pago,id_cita,monto_total,monto_pagado,estado_pago,fecha_pago,id_usuario_cobro,observacion,usuario_registro,fecha_registro,estado_registro) VALUES (104,'PAG-000104',104,140.00,140.00,'PAGADO','2026-06-29 08:00:00',4,'Pago completado antes de consulta.','system','2026-06-29 08:00:00','ACTIVO');
INSERT INTO pago (id_pago,codigo_pago,id_cita,monto_total,monto_pagado,estado_pago,fecha_pago,id_usuario_cobro,observacion,usuario_registro,fecha_registro,estado_registro) VALUES (105,'PAG-000105',105,80.00,80.00,'PAGADO','2026-06-29 08:00:00',5,'Pago completado antes de consulta.','system','2026-06-29 08:00:00','ACTIVO');
INSERT INTO pago (id_pago,codigo_pago,id_cita,monto_total,monto_pagado,estado_pago,fecha_pago,id_usuario_cobro,observacion,usuario_registro,fecha_registro,estado_registro) VALUES (106,'PAG-000106',106,110.00,110.00,'PAGADO','2026-06-29 08:00:00',4,'Pago completado antes de consulta.','system','2026-06-29 08:00:00','ACTIVO');
INSERT INTO pago (id_pago,codigo_pago,id_cita,monto_total,monto_pagado,estado_pago,fecha_pago,id_usuario_cobro,observacion,usuario_registro,fecha_registro,estado_registro) VALUES (107,'PAG-000107',107,60.00,60.00,'PAGADO','2026-06-29 08:00:00',5,'Pago completado antes de consulta.','system','2026-06-29 08:00:00','ACTIVO');
INSERT INTO pago (id_pago,codigo_pago,id_cita,monto_total,monto_pagado,estado_pago,fecha_pago,id_usuario_cobro,observacion,usuario_registro,fecha_registro,estado_registro) VALUES (108,'PAG-000108',108,80.00,80.00,'PAGADO','2026-06-29 08:00:00',4,'Pago completado antes de consulta.','system','2026-06-29 08:00:00','ACTIVO');
INSERT INTO pago (id_pago,codigo_pago,id_cita,monto_total,monto_pagado,estado_pago,fecha_pago,id_usuario_cobro,observacion,usuario_registro,fecha_registro,estado_registro) VALUES (109,'PAG-000109',109,120.00,120.00,'PAGADO','2026-06-29 08:00:00',5,'Pago completado antes de consulta.','system','2026-06-29 08:00:00','ACTIVO');
INSERT INTO pago (id_pago,codigo_pago,id_cita,monto_total,monto_pagado,estado_pago,fecha_pago,id_usuario_cobro,observacion,usuario_registro,fecha_registro,estado_registro) VALUES (110,'PAG-000110',110,100.00,100.00,'PAGADO','2026-06-29 08:00:00',4,'Pago completado antes de consulta.','system','2026-06-29 08:00:00','ACTIVO');
INSERT INTO pago (id_pago,codigo_pago,id_cita,monto_total,monto_pagado,estado_pago,fecha_pago,id_usuario_cobro,observacion,usuario_registro,fecha_registro,estado_registro) VALUES (111,'PAG-000111',111,60.00,60.00,'PAGADO','2026-06-30 08:00:00',4,'Pago completado antes de consulta.','system','2026-06-30 08:00:00','ACTIVO');
INSERT INTO pago (id_pago,codigo_pago,id_cita,monto_total,monto_pagado,estado_pago,fecha_pago,id_usuario_cobro,observacion,usuario_registro,fecha_registro,estado_registro) VALUES (112,'PAG-000112',112,80.00,80.00,'PAGADO','2026-06-30 08:00:00',5,'Pago completado antes de consulta.','system','2026-06-30 08:00:00','ACTIVO');
INSERT INTO pago (id_pago,codigo_pago,id_cita,monto_total,monto_pagado,estado_pago,fecha_pago,id_usuario_cobro,observacion,usuario_registro,fecha_registro,estado_registro) VALUES (113,'PAG-000113',113,120.00,120.00,'PAGADO','2026-06-30 08:00:00',4,'Pago completado antes de consulta.','system','2026-06-30 08:00:00','ACTIVO');
INSERT INTO pago (id_pago,codigo_pago,id_cita,monto_total,monto_pagado,estado_pago,fecha_pago,id_usuario_cobro,observacion,usuario_registro,fecha_registro,estado_registro) VALUES (114,'PAG-000114',114,100.00,100.00,'PAGADO','2026-06-30 08:00:00',5,'Pago completado antes de consulta.','system','2026-06-30 08:00:00','ACTIVO');
INSERT INTO pago (id_pago,codigo_pago,id_cita,monto_total,monto_pagado,estado_pago,fecha_pago,id_usuario_cobro,observacion,usuario_registro,fecha_registro,estado_registro) VALUES (115,'PAG-000115',115,100.00,100.00,'PAGADO','2026-06-30 08:00:00',4,'Pago completado antes de consulta.','system','2026-06-30 08:00:00','ACTIVO');
INSERT INTO pago (id_pago,codigo_pago,id_cita,monto_total,monto_pagado,estado_pago,fecha_pago,id_usuario_cobro,observacion,usuario_registro,fecha_registro,estado_registro) VALUES (116,'PAG-000116',116,110.00,110.00,'PAGADO','2026-06-30 08:00:00',5,'Pago completado antes de consulta.','system','2026-06-30 08:00:00','ACTIVO');
INSERT INTO pago (id_pago,codigo_pago,id_cita,monto_total,monto_pagado,estado_pago,fecha_pago,id_usuario_cobro,observacion,usuario_registro,fecha_registro,estado_registro) VALUES (117,'PAG-000117',117,60.00,60.00,'PAGADO','2026-06-30 08:00:00',4,'Pago completado antes de consulta.','system','2026-06-30 08:00:00','ACTIVO');
INSERT INTO pago (id_pago,codigo_pago,id_cita,monto_total,monto_pagado,estado_pago,fecha_pago,id_usuario_cobro,observacion,usuario_registro,fecha_registro,estado_registro) VALUES (118,'PAG-000118',118,100.00,100.00,'PAGADO','2026-07-01 08:00:00',4,'Pago completado antes de consulta.','system','2026-07-01 08:00:00','ACTIVO');
INSERT INTO pago (id_pago,codigo_pago,id_cita,monto_total,monto_pagado,estado_pago,fecha_pago,id_usuario_cobro,observacion,usuario_registro,fecha_registro,estado_registro) VALUES (119,'PAG-000119',119,100.00,100.00,'PAGADO','2026-07-01 08:00:00',5,'Pago completado antes de consulta.','system','2026-07-01 08:00:00','ACTIVO');
INSERT INTO pago (id_pago,codigo_pago,id_cita,monto_total,monto_pagado,estado_pago,fecha_pago,id_usuario_cobro,observacion,usuario_registro,fecha_registro,estado_registro) VALUES (120,'PAG-000120',120,110.00,110.00,'PAGADO','2026-07-01 08:00:00',4,'Pago completado antes de consulta.','system','2026-07-01 08:00:00','ACTIVO');
INSERT INTO pago (id_pago,codigo_pago,id_cita,monto_total,monto_pagado,estado_pago,fecha_pago,id_usuario_cobro,observacion,usuario_registro,fecha_registro,estado_registro) VALUES (121,'PAG-000121',121,60.00,60.00,'PAGADO','2026-07-01 08:00:00',5,'Pago completado antes de consulta.','system','2026-07-01 08:00:00','ACTIVO');
INSERT INTO pago (id_pago,codigo_pago,id_cita,monto_total,monto_pagado,estado_pago,fecha_pago,id_usuario_cobro,observacion,usuario_registro,fecha_registro,estado_registro) VALUES (122,'PAG-000122',122,120.00,120.00,'PAGADO','2026-07-01 08:00:00',4,'Pago completado antes de consulta.','system','2026-07-01 08:00:00','ACTIVO');
INSERT INTO pago (id_pago,codigo_pago,id_cita,monto_total,monto_pagado,estado_pago,fecha_pago,id_usuario_cobro,observacion,usuario_registro,fecha_registro,estado_registro) VALUES (123,'PAG-000123',123,130.00,130.00,'PAGADO','2026-07-01 08:00:00',5,'Pago completado antes de consulta.','system','2026-07-01 08:00:00','ACTIVO');
INSERT INTO pago (id_pago,codigo_pago,id_cita,monto_total,monto_pagado,estado_pago,fecha_pago,id_usuario_cobro,observacion,usuario_registro,fecha_registro,estado_registro) VALUES (124,'PAG-000124',124,140.00,140.00,'PAGADO','2026-07-01 08:00:00',4,'Pago completado antes de consulta.','system','2026-07-01 08:00:00','ACTIVO');
INSERT INTO pago (id_pago,codigo_pago,id_cita,monto_total,monto_pagado,estado_pago,fecha_pago,id_usuario_cobro,observacion,usuario_registro,fecha_registro,estado_registro) VALUES (125,'PAG-000125',125,60.00,60.00,'PAGADO','2026-07-02 08:00:00',4,'Pago completado antes de consulta.','system','2026-07-02 08:00:00','ACTIVO');
INSERT INTO pago (id_pago,codigo_pago,id_cita,monto_total,monto_pagado,estado_pago,fecha_pago,id_usuario_cobro,observacion,usuario_registro,fecha_registro,estado_registro) VALUES (126,'PAG-000126',126,120.00,120.00,'PAGADO','2026-07-02 08:00:00',5,'Pago completado antes de consulta.','system','2026-07-02 08:00:00','ACTIVO');
INSERT INTO pago (id_pago,codigo_pago,id_cita,monto_total,monto_pagado,estado_pago,fecha_pago,id_usuario_cobro,observacion,usuario_registro,fecha_registro,estado_registro) VALUES (127,'PAG-000127',127,130.00,130.00,'PAGADO','2026-07-02 08:00:00',4,'Pago completado antes de consulta.','system','2026-07-02 08:00:00','ACTIVO');
INSERT INTO pago (id_pago,codigo_pago,id_cita,monto_total,monto_pagado,estado_pago,fecha_pago,id_usuario_cobro,observacion,usuario_registro,fecha_registro,estado_registro) VALUES (128,'PAG-000128',128,140.00,140.00,'PAGADO','2026-07-02 08:00:00',5,'Pago completado antes de consulta.','system','2026-07-02 08:00:00','ACTIVO');
INSERT INTO pago (id_pago,codigo_pago,id_cita,monto_total,monto_pagado,estado_pago,fecha_pago,id_usuario_cobro,observacion,usuario_registro,fecha_registro,estado_registro) VALUES (129,'PAG-000129',129,80.00,80.00,'PAGADO','2026-07-02 08:00:00',4,'Pago completado antes de consulta.','system','2026-07-02 08:00:00','ACTIVO');
INSERT INTO pago (id_pago,codigo_pago,id_cita,monto_total,monto_pagado,estado_pago,fecha_pago,id_usuario_cobro,observacion,usuario_registro,fecha_registro,estado_registro) VALUES (130,'PAG-000130',130,110.00,110.00,'PAGADO','2026-07-02 08:00:00',5,'Pago completado antes de consulta.','system','2026-07-02 08:00:00','ACTIVO');
INSERT INTO pago (id_pago,codigo_pago,id_cita,monto_total,monto_pagado,estado_pago,fecha_pago,id_usuario_cobro,observacion,usuario_registro,fecha_registro,estado_registro) VALUES (131,'PAG-000131',131,60.00,60.00,'PAGADO','2026-07-02 08:00:00',4,'Pago completado antes de consulta.','system','2026-07-02 08:00:00','ACTIVO');
INSERT INTO pago (id_pago,codigo_pago,id_cita,monto_total,monto_pagado,estado_pago,fecha_pago,id_usuario_cobro,observacion,usuario_registro,fecha_registro,estado_registro) VALUES (132,'PAG-000132',132,140.00,140.00,'PAGADO','2026-07-03 08:00:00',4,'Pago completado antes de consulta.','system','2026-07-03 08:00:00','ACTIVO');
INSERT INTO pago (id_pago,codigo_pago,id_cita,monto_total,monto_pagado,estado_pago,fecha_pago,id_usuario_cobro,observacion,usuario_registro,fecha_registro,estado_registro) VALUES (133,'PAG-000133',133,80.00,80.00,'PAGADO','2026-07-03 08:00:00',5,'Pago completado antes de consulta.','system','2026-07-03 08:00:00','ACTIVO');
INSERT INTO pago (id_pago,codigo_pago,id_cita,monto_total,monto_pagado,estado_pago,fecha_pago,id_usuario_cobro,observacion,usuario_registro,fecha_registro,estado_registro) VALUES (134,'PAG-000134',134,110.00,110.00,'PAGADO','2026-07-03 08:00:00',4,'Pago completado antes de consulta.','system','2026-07-03 08:00:00','ACTIVO');
INSERT INTO pago (id_pago,codigo_pago,id_cita,monto_total,monto_pagado,estado_pago,fecha_pago,id_usuario_cobro,observacion,usuario_registro,fecha_registro,estado_registro) VALUES (135,'PAG-000135',135,60.00,60.00,'PAGADO','2026-07-03 08:00:00',5,'Pago completado antes de consulta.','system','2026-07-03 08:00:00','ACTIVO');
INSERT INTO pago (id_pago,codigo_pago,id_cita,monto_total,monto_pagado,estado_pago,fecha_pago,id_usuario_cobro,observacion,usuario_registro,fecha_registro,estado_registro) VALUES (136,'PAG-000136',136,80.00,80.00,'PAGADO','2026-07-03 08:00:00',4,'Pago completado antes de consulta.','system','2026-07-03 08:00:00','ACTIVO');
INSERT INTO pago (id_pago,codigo_pago,id_cita,monto_total,monto_pagado,estado_pago,fecha_pago,id_usuario_cobro,observacion,usuario_registro,fecha_registro,estado_registro) VALUES (137,'PAG-000137',137,120.00,120.00,'PAGADO','2026-07-03 08:00:00',5,'Pago completado antes de consulta.','system','2026-07-03 08:00:00','ACTIVO');
INSERT INTO pago (id_pago,codigo_pago,id_cita,monto_total,monto_pagado,estado_pago,fecha_pago,id_usuario_cobro,observacion,usuario_registro,fecha_registro,estado_registro) VALUES (138,'PAG-000138',138,100.00,100.00,'PAGADO','2026-07-03 08:00:00',4,'Pago completado antes de consulta.','system','2026-07-03 08:00:00','ACTIVO');
INSERT INTO pago (id_pago,codigo_pago,id_cita,monto_total,monto_pagado,estado_pago,fecha_pago,id_usuario_cobro,observacion,usuario_registro,fecha_registro,estado_registro) VALUES (139,'PAG-000139',139,60.00,60.00,'PAGADO','2026-07-04 08:00:00',4,'Pago completado antes de consulta.','system','2026-07-04 08:00:00','ACTIVO');
INSERT INTO pago (id_pago,codigo_pago,id_cita,monto_total,monto_pagado,estado_pago,fecha_pago,id_usuario_cobro,observacion,usuario_registro,fecha_registro,estado_registro) VALUES (140,'PAG-000140',140,80.00,80.00,'PAGADO','2026-07-04 08:00:00',5,'Pago completado antes de consulta.','system','2026-07-04 08:00:00','ACTIVO');
INSERT INTO pago (id_pago,codigo_pago,id_cita,monto_total,monto_pagado,estado_pago,fecha_pago,id_usuario_cobro,observacion,usuario_registro,fecha_registro,estado_registro) VALUES (141,'PAG-000141',141,120.00,120.00,'PAGADO','2026-07-04 08:00:00',4,'Pago completado antes de consulta.','system','2026-07-04 08:00:00','ACTIVO');
INSERT INTO pago (id_pago,codigo_pago,id_cita,monto_total,monto_pagado,estado_pago,fecha_pago,id_usuario_cobro,observacion,usuario_registro,fecha_registro,estado_registro) VALUES (142,'PAG-000142',142,100.00,100.00,'PAGADO','2026-07-04 08:00:00',5,'Pago completado antes de consulta.','system','2026-07-04 08:00:00','ACTIVO');
INSERT INTO pago (id_pago,codigo_pago,id_cita,monto_total,monto_pagado,estado_pago,fecha_pago,id_usuario_cobro,observacion,usuario_registro,fecha_registro,estado_registro) VALUES (143,'PAG-000143',143,60.00,60.00,'PAGADO','2026-07-06 08:00:00',4,'Pago completado antes de consulta.','system','2026-07-06 08:00:00','ACTIVO');
INSERT INTO pago (id_pago,codigo_pago,id_cita,monto_total,monto_pagado,estado_pago,fecha_pago,id_usuario_cobro,observacion,usuario_registro,fecha_registro,estado_registro) VALUES (144,'PAG-000144',144,120.00,120.00,'PAGADO','2026-07-06 08:00:00',5,'Pago completado antes de consulta.','system','2026-07-06 08:00:00','ACTIVO');
INSERT INTO pago (id_pago,codigo_pago,id_cita,monto_total,monto_pagado,estado_pago,fecha_pago,id_usuario_cobro,observacion,usuario_registro,fecha_registro,estado_registro) VALUES (145,'PAG-000145',145,130.00,130.00,'PAGADO','2026-07-06 08:00:00',4,'Pago completado antes de consulta.','system','2026-07-06 08:00:00','ACTIVO');
INSERT INTO pago (id_pago,codigo_pago,id_cita,monto_total,monto_pagado,estado_pago,fecha_pago,id_usuario_cobro,observacion,usuario_registro,fecha_registro,estado_registro) VALUES (146,'PAG-000146',146,140.00,140.00,'PAGADO','2026-07-06 08:00:00',5,'Pago completado antes de consulta.','system','2026-07-06 08:00:00','ACTIVO');
INSERT INTO pago (id_pago,codigo_pago,id_cita,monto_total,monto_pagado,estado_pago,fecha_pago,id_usuario_cobro,observacion,usuario_registro,fecha_registro,estado_registro) VALUES (147,'PAG-000147',147,80.00,80.00,'PAGADO','2026-07-06 08:00:00',4,'Pago completado antes de consulta.','system','2026-07-06 08:00:00','ACTIVO');
INSERT INTO pago (id_pago,codigo_pago,id_cita,monto_total,monto_pagado,estado_pago,fecha_pago,id_usuario_cobro,observacion,usuario_registro,fecha_registro,estado_registro) VALUES (148,'PAG-000148',148,110.00,110.00,'PAGADO','2026-07-06 08:00:00',5,'Pago completado antes de consulta.','system','2026-07-06 08:00:00','ACTIVO');
INSERT INTO pago (id_pago,codigo_pago,id_cita,monto_total,monto_pagado,estado_pago,fecha_pago,id_usuario_cobro,observacion,usuario_registro,fecha_registro,estado_registro) VALUES (149,'PAG-000149',149,60.00,60.00,'PAGADO','2026-07-06 08:00:00',4,'Pago completado antes de consulta.','system','2026-07-06 08:00:00','ACTIVO');
INSERT INTO pago (id_pago,codigo_pago,id_cita,monto_total,monto_pagado,estado_pago,fecha_pago,id_usuario_cobro,observacion,usuario_registro,fecha_registro,estado_registro) VALUES (150,'PAG-000150',150,140.00,140.00,'PAGADO','2026-07-07 08:00:00',4,'Pago completado antes de consulta.','system','2026-07-07 08:00:00','ACTIVO');
INSERT INTO pago (id_pago,codigo_pago,id_cita,monto_total,monto_pagado,estado_pago,fecha_pago,id_usuario_cobro,observacion,usuario_registro,fecha_registro,estado_registro) VALUES (151,'PAG-000151',151,80.00,80.00,'PAGADO','2026-07-07 08:00:00',5,'Pago completado antes de consulta.','system','2026-07-07 08:00:00','ACTIVO');
INSERT INTO pago (id_pago,codigo_pago,id_cita,monto_total,monto_pagado,estado_pago,fecha_pago,id_usuario_cobro,observacion,usuario_registro,fecha_registro,estado_registro) VALUES (152,'PAG-000152',152,110.00,110.00,'PAGADO','2026-07-07 08:00:00',4,'Pago completado antes de consulta.','system','2026-07-07 08:00:00','ACTIVO');
INSERT INTO pago (id_pago,codigo_pago,id_cita,monto_total,monto_pagado,estado_pago,fecha_pago,id_usuario_cobro,observacion,usuario_registro,fecha_registro,estado_registro) VALUES (153,'PAG-000153',153,60.00,60.00,'PAGADO','2026-07-07 08:00:00',5,'Pago completado antes de consulta.','system','2026-07-07 08:00:00','ACTIVO');
INSERT INTO pago (id_pago,codigo_pago,id_cita,monto_total,monto_pagado,estado_pago,fecha_pago,id_usuario_cobro,observacion,usuario_registro,fecha_registro,estado_registro) VALUES (154,'PAG-000154',154,80.00,80.00,'PAGADO','2026-07-07 08:00:00',4,'Pago completado antes de consulta.','system','2026-07-07 08:00:00','ACTIVO');
INSERT INTO pago (id_pago,codigo_pago,id_cita,monto_total,monto_pagado,estado_pago,fecha_pago,id_usuario_cobro,observacion,usuario_registro,fecha_registro,estado_registro) VALUES (155,'PAG-000155',155,120.00,120.00,'PAGADO','2026-07-07 08:00:00',5,'Pago completado antes de consulta.','system','2026-07-07 08:00:00','ACTIVO');
INSERT INTO pago (id_pago,codigo_pago,id_cita,monto_total,monto_pagado,estado_pago,fecha_pago,id_usuario_cobro,observacion,usuario_registro,fecha_registro,estado_registro) VALUES (156,'PAG-000156',156,100.00,100.00,'PAGADO','2026-07-07 08:00:00',4,'Pago completado antes de consulta.','system','2026-07-07 08:00:00','ACTIVO');
INSERT INTO pago (id_pago,codigo_pago,id_cita,monto_total,monto_pagado,estado_pago,fecha_pago,id_usuario_cobro,observacion,usuario_registro,fecha_registro,estado_registro) VALUES (157,'PAG-000157',157,60.00,60.00,'PAGADO','2026-07-08 08:00:00',4,'Pago completado antes de consulta.','system','2026-07-08 08:00:00','ACTIVO');
INSERT INTO pago (id_pago,codigo_pago,id_cita,monto_total,monto_pagado,estado_pago,fecha_pago,id_usuario_cobro,observacion,usuario_registro,fecha_registro,estado_registro) VALUES (158,'PAG-000158',158,80.00,80.00,'PAGADO','2026-07-08 08:00:00',5,'Pago completado antes de consulta.','system','2026-07-08 08:00:00','ACTIVO');
INSERT INTO pago (id_pago,codigo_pago,id_cita,monto_total,monto_pagado,estado_pago,fecha_pago,id_usuario_cobro,observacion,usuario_registro,fecha_registro,estado_registro) VALUES (159,'PAG-000159',159,120.00,120.00,'PAGADO','2026-07-08 08:00:00',4,'Pago completado antes de consulta.','system','2026-07-08 08:00:00','ACTIVO');
INSERT INTO pago (id_pago,codigo_pago,id_cita,monto_total,monto_pagado,estado_pago,fecha_pago,id_usuario_cobro,observacion,usuario_registro,fecha_registro,estado_registro) VALUES (160,'PAG-000160',160,100.00,100.00,'PAGADO','2026-07-08 08:00:00',5,'Pago completado antes de consulta.','system','2026-07-08 08:00:00','ACTIVO');
INSERT INTO pago (id_pago,codigo_pago,id_cita,monto_total,monto_pagado,estado_pago,fecha_pago,id_usuario_cobro,observacion,usuario_registro,fecha_registro,estado_registro) VALUES (161,'PAG-000161',161,100.00,100.00,'PAGADO','2026-07-08 08:00:00',4,'Pago completado antes de consulta.','system','2026-07-08 08:00:00','ACTIVO');
INSERT INTO pago (id_pago,codigo_pago,id_cita,monto_total,monto_pagado,estado_pago,fecha_pago,id_usuario_cobro,observacion,usuario_registro,fecha_registro,estado_registro) VALUES (162,'PAG-000162',162,110.00,110.00,'PAGADO','2026-07-08 08:00:00',5,'Pago completado antes de consulta.','system','2026-07-08 08:00:00','ACTIVO');
INSERT INTO pago (id_pago,codigo_pago,id_cita,monto_total,monto_pagado,estado_pago,fecha_pago,id_usuario_cobro,observacion,usuario_registro,fecha_registro,estado_registro) VALUES (163,'PAG-000163',163,60.00,60.00,'PAGADO','2026-07-08 08:00:00',4,'Pago completado antes de consulta.','system','2026-07-08 08:00:00','ACTIVO');
INSERT INTO pago (id_pago,codigo_pago,id_cita,monto_total,monto_pagado,estado_pago,fecha_pago,id_usuario_cobro,observacion,usuario_registro,fecha_registro,estado_registro) VALUES (164,'PAG-000164',164,100.00,100.00,'PAGADO','2026-07-09 08:00:00',4,'Pago completado antes de consulta.','system','2026-07-09 08:00:00','ACTIVO');
INSERT INTO pago (id_pago,codigo_pago,id_cita,monto_total,monto_pagado,estado_pago,fecha_pago,id_usuario_cobro,observacion,usuario_registro,fecha_registro,estado_registro) VALUES (165,'PAG-000165',165,100.00,100.00,'PAGADO','2026-07-09 08:00:00',5,'Pago completado antes de consulta.','system','2026-07-09 08:00:00','ACTIVO');
INSERT INTO pago (id_pago,codigo_pago,id_cita,monto_total,monto_pagado,estado_pago,fecha_pago,id_usuario_cobro,observacion,usuario_registro,fecha_registro,estado_registro) VALUES (166,'PAG-000166',166,110.00,110.00,'PAGADO','2026-07-09 08:00:00',4,'Pago completado antes de consulta.','system','2026-07-09 08:00:00','ACTIVO');
INSERT INTO pago (id_pago,codigo_pago,id_cita,monto_total,monto_pagado,estado_pago,fecha_pago,id_usuario_cobro,observacion,usuario_registro,fecha_registro,estado_registro) VALUES (167,'PAG-000167',167,60.00,60.00,'PAGADO','2026-07-09 08:00:00',5,'Pago completado antes de consulta.','system','2026-07-09 08:00:00','ACTIVO');
INSERT INTO pago (id_pago,codigo_pago,id_cita,monto_total,monto_pagado,estado_pago,fecha_pago,id_usuario_cobro,observacion,usuario_registro,fecha_registro,estado_registro) VALUES (168,'PAG-000168',168,120.00,120.00,'PAGADO','2026-07-09 08:00:00',4,'Pago completado antes de consulta.','system','2026-07-09 08:00:00','ACTIVO');
INSERT INTO pago (id_pago,codigo_pago,id_cita,monto_total,monto_pagado,estado_pago,fecha_pago,id_usuario_cobro,observacion,usuario_registro,fecha_registro,estado_registro) VALUES (169,'PAG-000169',169,130.00,130.00,'PAGADO','2026-07-09 08:00:00',5,'Pago completado antes de consulta.','system','2026-07-09 08:00:00','ACTIVO');
INSERT INTO pago (id_pago,codigo_pago,id_cita,monto_total,monto_pagado,estado_pago,fecha_pago,id_usuario_cobro,observacion,usuario_registro,fecha_registro,estado_registro) VALUES (170,'PAG-000170',170,140.00,140.00,'PAGADO','2026-07-09 08:00:00',4,'Pago completado antes de consulta.','system','2026-07-09 08:00:00','ACTIVO');
INSERT INTO pago (id_pago,codigo_pago,id_cita,monto_total,monto_pagado,estado_pago,fecha_pago,id_usuario_cobro,observacion,usuario_registro,fecha_registro,estado_registro) VALUES (171,'PAG-000171',171,60.00,60.00,'PAGADO','2026-07-10 08:00:00',4,'Pago completado antes de consulta.','system','2026-07-10 08:00:00','ACTIVO');
INSERT INTO pago (id_pago,codigo_pago,id_cita,monto_total,monto_pagado,estado_pago,fecha_pago,id_usuario_cobro,observacion,usuario_registro,fecha_registro,estado_registro) VALUES (172,'PAG-000172',172,120.00,120.00,'PAGADO','2026-07-10 08:00:00',5,'Pago completado antes de consulta.','system','2026-07-10 08:00:00','ACTIVO');
INSERT INTO pago (id_pago,codigo_pago,id_cita,monto_total,monto_pagado,estado_pago,fecha_pago,id_usuario_cobro,observacion,usuario_registro,fecha_registro,estado_registro) VALUES (173,'PAG-000173',173,130.00,130.00,'PAGADO','2026-07-10 08:00:00',4,'Pago completado antes de consulta.','system','2026-07-10 08:00:00','ACTIVO');
INSERT INTO pago (id_pago,codigo_pago,id_cita,monto_total,monto_pagado,estado_pago,fecha_pago,id_usuario_cobro,observacion,usuario_registro,fecha_registro,estado_registro) VALUES (174,'PAG-000174',174,140.00,140.00,'PAGADO','2026-07-10 08:00:00',5,'Pago completado antes de consulta.','system','2026-07-10 08:00:00','ACTIVO');
INSERT INTO pago (id_pago,codigo_pago,id_cita,monto_total,monto_pagado,estado_pago,fecha_pago,id_usuario_cobro,observacion,usuario_registro,fecha_registro,estado_registro) VALUES (175,'PAG-000175',175,80.00,80.00,'PAGADO','2026-07-10 08:00:00',4,'Pago completado antes de consulta.','system','2026-07-10 08:00:00','ACTIVO');
INSERT INTO pago (id_pago,codigo_pago,id_cita,monto_total,monto_pagado,estado_pago,fecha_pago,id_usuario_cobro,observacion,usuario_registro,fecha_registro,estado_registro) VALUES (176,'PAG-000176',176,110.00,110.00,'PAGADO','2026-07-10 08:00:00',5,'Pago completado antes de consulta.','system','2026-07-10 08:00:00','ACTIVO');
INSERT INTO pago (id_pago,codigo_pago,id_cita,monto_total,monto_pagado,estado_pago,fecha_pago,id_usuario_cobro,observacion,usuario_registro,fecha_registro,estado_registro) VALUES (177,'PAG-000177',177,60.00,60.00,'PAGADO','2026-07-10 08:00:00',4,'Pago completado antes de consulta.','system','2026-07-10 08:00:00','ACTIVO');
INSERT INTO pago (id_pago,codigo_pago,id_cita,monto_total,monto_pagado,estado_pago,fecha_pago,id_usuario_cobro,observacion,usuario_registro,fecha_registro,estado_registro) VALUES (178,'PAG-000178',178,60.00,0.00,'PENDIENTE',NULL,NULL,'Pago generado por cita programada.','system','2026-07-10 09:00:00','ACTIVO');
INSERT INTO pago (id_pago,codigo_pago,id_cita,monto_total,monto_pagado,estado_pago,fecha_pago,id_usuario_cobro,observacion,usuario_registro,fecha_registro,estado_registro) VALUES (179,'PAG-000179',179,120.00,60.00,'PARCIAL','2026-07-10 10:00:00',4,'Pago generado por cita programada.','system','2026-07-10 09:00:00','ACTIVO');
INSERT INTO pago (id_pago,codigo_pago,id_cita,monto_total,monto_pagado,estado_pago,fecha_pago,id_usuario_cobro,observacion,usuario_registro,fecha_registro,estado_registro) VALUES (180,'PAG-000180',180,100.00,100.00,'PAGADO','2026-07-10 11:00:00',5,'Pago generado por cita programada.','system','2026-07-10 09:00:00','ACTIVO');
INSERT INTO pago (id_pago,codigo_pago,id_cita,monto_total,monto_pagado,estado_pago,fecha_pago,id_usuario_cobro,observacion,usuario_registro,fecha_registro,estado_registro) VALUES (181,'PAG-000181',181,80.00,80.00,'PAGADO','2026-07-10 11:00:00',5,'Pago generado por cita programada.','system','2026-07-10 09:00:00','ACTIVO');
INSERT INTO pago (id_pago,codigo_pago,id_cita,monto_total,monto_pagado,estado_pago,fecha_pago,id_usuario_cobro,observacion,usuario_registro,fecha_registro,estado_registro) VALUES (182,'PAG-000182',182,60.00,0.00,'PENDIENTE',NULL,NULL,'Pago generado por cita programada.','system','2026-07-10 09:00:00','ACTIVO');
INSERT INTO pago (id_pago,codigo_pago,id_cita,monto_total,monto_pagado,estado_pago,fecha_pago,id_usuario_cobro,observacion,usuario_registro,fecha_registro,estado_registro) VALUES (183,'PAG-000183',183,120.00,0.00,'PENDIENTE',NULL,NULL,'Pago generado por cita programada.','system','2026-07-10 09:00:00','ACTIVO');
INSERT INTO pago (id_pago,codigo_pago,id_cita,monto_total,monto_pagado,estado_pago,fecha_pago,id_usuario_cobro,observacion,usuario_registro,fecha_registro,estado_registro) VALUES (184,'PAG-000184',184,100.00,50.00,'PARCIAL','2026-07-10 10:00:00',4,'Pago generado por cita programada.','system','2026-07-10 09:00:00','ACTIVO');
INSERT INTO pago (id_pago,codigo_pago,id_cita,monto_total,monto_pagado,estado_pago,fecha_pago,id_usuario_cobro,observacion,usuario_registro,fecha_registro,estado_registro) VALUES (185,'PAG-000185',185,60.00,60.00,'PAGADO','2026-07-10 11:00:00',5,'Pago generado por cita programada.','system','2026-07-10 09:00:00','ACTIVO');
INSERT INTO pago (id_pago,codigo_pago,id_cita,monto_total,monto_pagado,estado_pago,fecha_pago,id_usuario_cobro,observacion,usuario_registro,fecha_registro,estado_registro) VALUES (186,'PAG-000186',186,130.00,0.00,'PENDIENTE',NULL,NULL,'Pago generado por cita programada.','system','2026-07-10 09:00:00','ACTIVO');
INSERT INTO pago (id_pago,codigo_pago,id_cita,monto_total,monto_pagado,estado_pago,fecha_pago,id_usuario_cobro,observacion,usuario_registro,fecha_registro,estado_registro) VALUES (187,'PAG-000187',187,100.00,0.00,'PENDIENTE',NULL,NULL,'Pago generado por cita programada.','system','2026-07-10 09:00:00','ACTIVO');
INSERT INTO pago (id_pago,codigo_pago,id_cita,monto_total,monto_pagado,estado_pago,fecha_pago,id_usuario_cobro,observacion,usuario_registro,fecha_registro,estado_registro) VALUES (188,'PAG-000188',188,110.00,0.00,'PENDIENTE',NULL,NULL,'Pago generado por cita programada.','system','2026-07-10 09:00:00','ACTIVO');
INSERT INTO pago (id_pago,codigo_pago,id_cita,monto_total,monto_pagado,estado_pago,fecha_pago,id_usuario_cobro,observacion,usuario_registro,fecha_registro,estado_registro) VALUES (189,'PAG-000189',189,120.00,60.00,'PARCIAL','2026-07-10 10:00:00',4,'Pago generado por cita programada.','system','2026-07-10 09:00:00','ACTIVO');
INSERT INTO pago (id_pago,codigo_pago,id_cita,monto_total,monto_pagado,estado_pago,fecha_pago,id_usuario_cobro,observacion,usuario_registro,fecha_registro,estado_registro) VALUES (190,'PAG-000190',190,140.00,140.00,'PAGADO','2026-07-10 11:00:00',5,'Pago generado por cita programada.','system','2026-07-10 09:00:00','ACTIVO');
INSERT INTO pago (id_pago,codigo_pago,id_cita,monto_total,monto_pagado,estado_pago,fecha_pago,id_usuario_cobro,observacion,usuario_registro,fecha_registro,estado_registro) VALUES (191,'PAG-000191',191,110.00,0.00,'PENDIENTE',NULL,NULL,'Pago generado por cita programada.','system','2026-07-10 09:00:00','ACTIVO');
INSERT INTO pago (id_pago,codigo_pago,id_cita,monto_total,monto_pagado,estado_pago,fecha_pago,id_usuario_cobro,observacion,usuario_registro,fecha_registro,estado_registro) VALUES (192,'PAG-000192',192,80.00,0.00,'PENDIENTE',NULL,NULL,'Pago generado por cita programada.','system','2026-07-10 09:00:00','ACTIVO');
INSERT INTO pago (id_pago,codigo_pago,id_cita,monto_total,monto_pagado,estado_pago,fecha_pago,id_usuario_cobro,observacion,usuario_registro,fecha_registro,estado_registro) VALUES (193,'PAG-000193',193,130.00,0.00,'PENDIENTE',NULL,NULL,'Pago generado por cita programada.','system','2026-07-10 09:00:00','ACTIVO');
INSERT INTO pago (id_pago,codigo_pago,id_cita,monto_total,monto_pagado,estado_pago,fecha_pago,id_usuario_cobro,observacion,usuario_registro,fecha_registro,estado_registro) VALUES (194,'PAG-000194',194,80.00,40.00,'PARCIAL','2026-07-10 10:00:00',4,'Pago generado por cita programada.','system','2026-07-10 09:00:00','ACTIVO');
INSERT INTO pago (id_pago,codigo_pago,id_cita,monto_total,monto_pagado,estado_pago,fecha_pago,id_usuario_cobro,observacion,usuario_registro,fecha_registro,estado_registro) VALUES (195,'PAG-000195',195,60.00,60.00,'PAGADO','2026-07-10 11:00:00',5,'Pago generado por cita programada.','system','2026-07-10 09:00:00','ACTIVO');
INSERT INTO pago (id_pago,codigo_pago,id_cita,monto_total,monto_pagado,estado_pago,fecha_pago,id_usuario_cobro,observacion,usuario_registro,fecha_registro,estado_registro) VALUES (196,'PAG-000196',196,120.00,0.00,'PENDIENTE',NULL,NULL,'Pago generado por cita programada.','system','2026-07-10 09:00:00','ACTIVO');
INSERT INTO pago (id_pago,codigo_pago,id_cita,monto_total,monto_pagado,estado_pago,fecha_pago,id_usuario_cobro,observacion,usuario_registro,fecha_registro,estado_registro) VALUES (197,'PAG-000197',197,100.00,0.00,'PENDIENTE',NULL,NULL,'Pago generado por cita programada.','system','2026-07-10 09:00:00','ACTIVO');
INSERT INTO pago (id_pago,codigo_pago,id_cita,monto_total,monto_pagado,estado_pago,fecha_pago,id_usuario_cobro,observacion,usuario_registro,fecha_registro,estado_registro) VALUES (198,'PAG-000198',198,60.00,30.00,'PARCIAL','2026-07-10 10:00:00',4,'Pago generado por cita programada.','system','2026-07-10 09:00:00','ACTIVO');
INSERT INTO pago (id_pago,codigo_pago,id_cita,monto_total,monto_pagado,estado_pago,fecha_pago,id_usuario_cobro,observacion,usuario_registro,fecha_registro,estado_registro) VALUES (199,'PAG-000199',199,80.00,40.00,'PARCIAL','2026-07-10 10:00:00',4,'Pago generado por cita programada.','system','2026-07-10 09:00:00','ACTIVO');
INSERT INTO pago (id_pago,codigo_pago,id_cita,monto_total,monto_pagado,estado_pago,fecha_pago,id_usuario_cobro,observacion,usuario_registro,fecha_registro,estado_registro) VALUES (200,'PAG-000200',200,100.00,100.00,'PAGADO','2026-07-10 11:00:00',5,'Pago generado por cita programada.','system','2026-07-10 09:00:00','ACTIVO');
INSERT INTO pago (id_pago,codigo_pago,id_cita,monto_total,monto_pagado,estado_pago,fecha_pago,id_usuario_cobro,observacion,usuario_registro,fecha_registro,estado_registro) VALUES (201,'PAG-000201',201,110.00,0.00,'PENDIENTE',NULL,NULL,'Pago generado por cita programada.','system','2026-07-10 09:00:00','ACTIVO');
INSERT INTO pago (id_pago,codigo_pago,id_cita,monto_total,monto_pagado,estado_pago,fecha_pago,id_usuario_cobro,observacion,usuario_registro,fecha_registro,estado_registro) VALUES (202,'PAG-000202',202,120.00,0.00,'PENDIENTE',NULL,NULL,'Pago generado por cita programada.','system','2026-07-10 09:00:00','ACTIVO');
INSERT INTO pago (id_pago,codigo_pago,id_cita,monto_total,monto_pagado,estado_pago,fecha_pago,id_usuario_cobro,observacion,usuario_registro,fecha_registro,estado_registro) VALUES (203,'PAG-000203',203,140.00,70.00,'PARCIAL','2026-07-10 10:00:00',4,'Pago generado por cita programada.','system','2026-07-10 09:00:00','ACTIVO');
INSERT INTO pago (id_pago,codigo_pago,id_cita,monto_total,monto_pagado,estado_pago,fecha_pago,id_usuario_cobro,observacion,usuario_registro,fecha_registro,estado_registro) VALUES (204,'PAG-000204',204,110.00,110.00,'PAGADO','2026-07-10 11:00:00',5,'Pago generado por cita programada.','system','2026-07-10 09:00:00','ACTIVO');
INSERT INTO pago (id_pago,codigo_pago,id_cita,monto_total,monto_pagado,estado_pago,fecha_pago,id_usuario_cobro,observacion,usuario_registro,fecha_registro,estado_registro) VALUES (205,'PAG-000205',205,60.00,60.00,'PAGADO','2026-07-10 11:00:00',5,'Pago generado por cita programada.','system','2026-07-10 09:00:00','ACTIVO');
INSERT INTO pago (id_pago,codigo_pago,id_cita,monto_total,monto_pagado,estado_pago,fecha_pago,id_usuario_cobro,observacion,usuario_registro,fecha_registro,estado_registro) VALUES (206,'PAG-000206',206,130.00,0.00,'PENDIENTE',NULL,NULL,'Pago generado por cita programada.','system','2026-07-10 09:00:00','ACTIVO');
INSERT INTO pago (id_pago,codigo_pago,id_cita,monto_total,monto_pagado,estado_pago,fecha_pago,id_usuario_cobro,observacion,usuario_registro,fecha_registro,estado_registro) VALUES (207,'PAG-000207',207,80.00,0.00,'PENDIENTE',NULL,NULL,'Pago generado por cita programada.','system','2026-07-10 09:00:00','ACTIVO');
INSERT INTO pago (id_pago,codigo_pago,id_cita,monto_total,monto_pagado,estado_pago,fecha_pago,id_usuario_cobro,observacion,usuario_registro,fecha_registro,estado_registro) VALUES (208,'PAG-000208',208,60.00,30.00,'PARCIAL','2026-07-10 10:00:00',4,'Pago generado por cita programada.','system','2026-07-10 09:00:00','ACTIVO');
INSERT INTO pago (id_pago,codigo_pago,id_cita,monto_total,monto_pagado,estado_pago,fecha_pago,id_usuario_cobro,observacion,usuario_registro,fecha_registro,estado_registro) VALUES (209,'PAG-000209',209,120.00,120.00,'PAGADO','2026-07-10 11:00:00',5,'Pago generado por cita programada.','system','2026-07-10 09:00:00','ACTIVO');
INSERT INTO pago (id_pago,codigo_pago,id_cita,monto_total,monto_pagado,estado_pago,fecha_pago,id_usuario_cobro,observacion,usuario_registro,fecha_registro,estado_registro) VALUES (210,'PAG-000210',210,100.00,0.00,'PENDIENTE',NULL,NULL,'Pago generado por cita programada.','system','2026-07-10 09:00:00','ACTIVO');
INSERT INTO pago (id_pago,codigo_pago,id_cita,monto_total,monto_pagado,estado_pago,fecha_pago,id_usuario_cobro,observacion,usuario_registro,fecha_registro,estado_registro) VALUES (211,'PAG-000211',211,110.00,0.00,'PENDIENTE',NULL,NULL,'Pago generado por cita programada.','system','2026-07-10 09:00:00','ACTIVO');
INSERT INTO pago (id_pago,codigo_pago,id_cita,monto_total,monto_pagado,estado_pago,fecha_pago,id_usuario_cobro,observacion,usuario_registro,fecha_registro,estado_registro) VALUES (212,'PAG-000212',212,80.00,0.00,'PENDIENTE',NULL,NULL,'Pago generado por cita programada.','system','2026-07-10 09:00:00','ACTIVO');
INSERT INTO pago (id_pago,codigo_pago,id_cita,monto_total,monto_pagado,estado_pago,fecha_pago,id_usuario_cobro,observacion,usuario_registro,fecha_registro,estado_registro) VALUES (213,'PAG-000213',213,100.00,50.00,'PARCIAL','2026-07-10 10:00:00',4,'Pago generado por cita programada.','system','2026-07-10 09:00:00','ACTIVO');
INSERT INTO pago (id_pago,codigo_pago,id_cita,monto_total,monto_pagado,estado_pago,fecha_pago,id_usuario_cobro,observacion,usuario_registro,fecha_registro,estado_registro) VALUES (214,'PAG-000214',214,140.00,70.00,'PARCIAL','2026-07-10 10:00:00',4,'Pago generado por cita programada.','system','2026-07-10 09:00:00','ACTIVO');
INSERT INTO pago (id_pago,codigo_pago,id_cita,monto_total,monto_pagado,estado_pago,fecha_pago,id_usuario_cobro,observacion,usuario_registro,fecha_registro,estado_registro) VALUES (215,'PAG-000215',215,110.00,110.00,'PAGADO','2026-07-10 11:00:00',5,'Pago generado por cita programada.','system','2026-07-10 09:00:00','ACTIVO');
INSERT INTO pago (id_pago,codigo_pago,id_cita,monto_total,monto_pagado,estado_pago,fecha_pago,id_usuario_cobro,observacion,usuario_registro,fecha_registro,estado_registro) VALUES (216,'PAG-000216',216,80.00,0.00,'PENDIENTE',NULL,NULL,'Pago generado por cita programada.','system','2026-07-10 09:00:00','ACTIVO');
INSERT INTO pago (id_pago,codigo_pago,id_cita,monto_total,monto_pagado,estado_pago,fecha_pago,id_usuario_cobro,observacion,usuario_registro,fecha_registro,estado_registro) VALUES (217,'PAG-000217',217,100.00,0.00,'PENDIENTE',NULL,NULL,'Pago generado por cita programada.','system','2026-07-10 09:00:00','ACTIVO');
INSERT INTO pago (id_pago,codigo_pago,id_cita,monto_total,monto_pagado,estado_pago,fecha_pago,id_usuario_cobro,observacion,usuario_registro,fecha_registro,estado_registro) VALUES (218,'PAG-000218',218,110.00,55.00,'PARCIAL','2026-07-10 10:00:00',4,'Pago generado por cita programada.','system','2026-07-10 09:00:00','ACTIVO');
INSERT INTO pago (id_pago,codigo_pago,id_cita,monto_total,monto_pagado,estado_pago,fecha_pago,id_usuario_cobro,observacion,usuario_registro,fecha_registro,estado_registro) VALUES (219,'PAG-000219',219,120.00,120.00,'PAGADO','2026-07-10 11:00:00',5,'Pago generado por cita programada.','system','2026-07-10 09:00:00','ACTIVO');
INSERT INTO pago (id_pago,codigo_pago,id_cita,monto_total,monto_pagado,estado_pago,fecha_pago,id_usuario_cobro,observacion,usuario_registro,fecha_registro,estado_registro) VALUES (220,'PAG-000220',220,120.00,120.00,'PAGADO','2026-07-10 11:00:00',5,'Pago generado por cita programada.','system','2026-07-10 09:00:00','ACTIVO');
INSERT INTO pago (id_pago,codigo_pago,id_cita,monto_total,monto_pagado,estado_pago,fecha_pago,id_usuario_cobro,observacion,usuario_registro,fecha_registro,estado_registro) VALUES (221,'PAG-000221',221,100.00,0.00,'PENDIENTE',NULL,NULL,'Pago generado por cita programada.','system','2026-07-10 09:00:00','ACTIVO');
INSERT INTO pago (id_pago,codigo_pago,id_cita,monto_total,monto_pagado,estado_pago,fecha_pago,id_usuario_cobro,observacion,usuario_registro,fecha_registro,estado_registro) VALUES (222,'PAG-000222',222,60.00,0.00,'PENDIENTE',NULL,NULL,'Pago generado por cita programada.','system','2026-07-10 09:00:00','ACTIVO');
INSERT INTO pago (id_pago,codigo_pago,id_cita,monto_total,monto_pagado,estado_pago,fecha_pago,id_usuario_cobro,observacion,usuario_registro,fecha_registro,estado_registro) VALUES (223,'PAG-000223',223,130.00,65.00,'PARCIAL','2026-07-10 10:00:00',4,'Pago generado por cita programada.','system','2026-07-10 09:00:00','ACTIVO');
INSERT INTO pago (id_pago,codigo_pago,id_cita,monto_total,monto_pagado,estado_pago,fecha_pago,id_usuario_cobro,observacion,usuario_registro,fecha_registro,estado_registro) VALUES (224,'PAG-000224',224,80.00,80.00,'PAGADO','2026-07-10 11:00:00',5,'Pago generado por cita programada.','system','2026-07-10 09:00:00','ACTIVO');
INSERT INTO pago (id_pago,codigo_pago,id_cita,monto_total,monto_pagado,estado_pago,fecha_pago,id_usuario_cobro,observacion,usuario_registro,fecha_registro,estado_registro) VALUES (225,'PAG-000225',225,60.00,0.00,'PENDIENTE',NULL,NULL,'Pago generado por cita programada.','system','2026-07-10 09:00:00','ACTIVO');
INSERT INTO pago (id_pago,codigo_pago,id_cita,monto_total,monto_pagado,estado_pago,fecha_pago,id_usuario_cobro,observacion,usuario_registro,fecha_registro,estado_registro) VALUES (226,'PAG-000226',226,120.00,0.00,'PENDIENTE',NULL,NULL,'Pago generado por cita programada.','system','2026-07-10 09:00:00','ACTIVO');
INSERT INTO pago (id_pago,codigo_pago,id_cita,monto_total,monto_pagado,estado_pago,fecha_pago,id_usuario_cobro,observacion,usuario_registro,fecha_registro,estado_registro) VALUES (227,'PAG-000227',227,140.00,0.00,'PENDIENTE',NULL,NULL,'Pago generado por cita programada.','system','2026-07-10 09:00:00','ACTIVO');
INSERT INTO pago (id_pago,codigo_pago,id_cita,monto_total,monto_pagado,estado_pago,fecha_pago,id_usuario_cobro,observacion,usuario_registro,fecha_registro,estado_registro) VALUES (228,'PAG-000228',228,110.00,55.00,'PARCIAL','2026-07-10 10:00:00',4,'Pago generado por cita programada.','system','2026-07-10 09:00:00','ACTIVO');
INSERT INTO pago (id_pago,codigo_pago,id_cita,monto_total,monto_pagado,estado_pago,fecha_pago,id_usuario_cobro,observacion,usuario_registro,fecha_registro,estado_registro) VALUES (229,'PAG-000229',229,80.00,80.00,'PAGADO','2026-07-10 11:00:00',5,'Pago generado por cita programada.','system','2026-07-10 09:00:00','ACTIVO');
INSERT INTO pago (id_pago,codigo_pago,id_cita,monto_total,monto_pagado,estado_pago,fecha_pago,id_usuario_cobro,observacion,usuario_registro,fecha_registro,estado_registro) VALUES (230,'PAG-000230',230,100.00,0.00,'PENDIENTE',NULL,NULL,'Pago generado por cita programada.','system','2026-07-10 09:00:00','ACTIVO');
INSERT INTO pago (id_pago,codigo_pago,id_cita,monto_total,monto_pagado,estado_pago,fecha_pago,id_usuario_cobro,observacion,usuario_registro,fecha_registro,estado_registro) VALUES (231,'PAG-000231',231,110.00,0.00,'PENDIENTE',NULL,NULL,'Pago generado por cita programada.','system','2026-07-10 09:00:00','ACTIVO');
INSERT INTO pago (id_pago,codigo_pago,id_cita,monto_total,monto_pagado,estado_pago,fecha_pago,id_usuario_cobro,observacion,usuario_registro,fecha_registro,estado_registro) VALUES (232,'PAG-000232',232,60.00,0.00,'PENDIENTE',NULL,NULL,'Pago generado por cita programada.','system','2026-07-10 09:00:00','ACTIVO');
INSERT INTO pago (id_pago,codigo_pago,id_cita,monto_total,monto_pagado,estado_pago,fecha_pago,id_usuario_cobro,observacion,usuario_registro,fecha_registro,estado_registro) VALUES (233,'PAG-000233',233,120.00,60.00,'PARCIAL','2026-07-10 10:00:00',4,'Pago generado por cita programada.','system','2026-07-10 09:00:00','ACTIVO');
INSERT INTO pago (id_pago,codigo_pago,id_cita,monto_total,monto_pagado,estado_pago,fecha_pago,id_usuario_cobro,observacion,usuario_registro,fecha_registro,estado_registro) VALUES (234,'PAG-000234',234,100.00,100.00,'PAGADO','2026-07-10 11:00:00',5,'Pago generado por cita programada.','system','2026-07-10 09:00:00','ACTIVO');
INSERT INTO pago (id_pago,codigo_pago,id_cita,monto_total,monto_pagado,estado_pago,fecha_pago,id_usuario_cobro,observacion,usuario_registro,fecha_registro,estado_registro) VALUES (235,'PAG-000235',235,60.00,0.00,'PENDIENTE',NULL,NULL,'Pago generado por cita programada.','system','2026-07-10 09:00:00','ACTIVO');
INSERT INTO pago (id_pago,codigo_pago,id_cita,monto_total,monto_pagado,estado_pago,fecha_pago,id_usuario_cobro,observacion,usuario_registro,fecha_registro,estado_registro) VALUES (236,'PAG-000236',236,130.00,0.00,'PENDIENTE',NULL,NULL,'Pago generado por cita programada.','system','2026-07-10 09:00:00','ACTIVO');
INSERT INTO pago (id_pago,codigo_pago,id_cita,monto_total,monto_pagado,estado_pago,fecha_pago,id_usuario_cobro,observacion,usuario_registro,fecha_registro,estado_registro) VALUES (237,'PAG-000237',237,80.00,40.00,'PARCIAL','2026-07-10 10:00:00',4,'Pago generado por cita programada.','system','2026-07-10 09:00:00','ACTIVO');
INSERT INTO pago (id_pago,codigo_pago,id_cita,monto_total,monto_pagado,estado_pago,fecha_pago,id_usuario_cobro,observacion,usuario_registro,fecha_registro,estado_registro) VALUES (238,'PAG-000238',238,110.00,55.00,'PARCIAL','2026-07-10 10:00:00',4,'Pago generado por cita programada.','system','2026-07-10 09:00:00','ACTIVO');
INSERT INTO pago (id_pago,codigo_pago,id_cita,monto_total,monto_pagado,estado_pago,fecha_pago,id_usuario_cobro,observacion,usuario_registro,fecha_registro,estado_registro) VALUES (239,'PAG-000239',239,120.00,120.00,'PAGADO','2026-07-10 11:00:00',5,'Pago generado por cita programada.','system','2026-07-10 09:00:00','ACTIVO');
INSERT INTO pago (id_pago,codigo_pago,id_cita,monto_total,monto_pagado,estado_pago,fecha_pago,id_usuario_cobro,observacion,usuario_registro,fecha_registro,estado_registro) VALUES (240,'PAG-000240',240,140.00,0.00,'PENDIENTE',NULL,NULL,'Pago generado por cita programada.','system','2026-07-10 09:00:00','ACTIVO');
INSERT INTO pago (id_pago,codigo_pago,id_cita,monto_total,monto_pagado,estado_pago,fecha_pago,id_usuario_cobro,observacion,usuario_registro,fecha_registro,estado_registro) VALUES (241,'PAG-000241',241,110.00,0.00,'PENDIENTE',NULL,NULL,'Pago generado por cita programada.','system','2026-07-10 09:00:00','ACTIVO');
INSERT INTO pago (id_pago,codigo_pago,id_cita,monto_total,monto_pagado,estado_pago,fecha_pago,id_usuario_cobro,observacion,usuario_registro,fecha_registro,estado_registro) VALUES (242,'PAG-000242',242,80.00,40.00,'PARCIAL','2026-07-10 10:00:00',4,'Pago generado por cita programada.','system','2026-07-10 09:00:00','ACTIVO');
INSERT INTO pago (id_pago,codigo_pago,id_cita,monto_total,monto_pagado,estado_pago,fecha_pago,id_usuario_cobro,observacion,usuario_registro,fecha_registro,estado_registro) VALUES (243,'PAG-000243',243,100.00,100.00,'PAGADO','2026-07-10 11:00:00',5,'Pago generado por cita programada.','system','2026-07-10 09:00:00','ACTIVO');
INSERT INTO pago (id_pago,codigo_pago,id_cita,monto_total,monto_pagado,estado_pago,fecha_pago,id_usuario_cobro,observacion,usuario_registro,fecha_registro,estado_registro) VALUES (244,'PAG-000244',244,80.00,80.00,'PAGADO','2026-07-10 11:00:00',5,'Pago generado por cita programada.','system','2026-07-10 09:00:00','ACTIVO');
INSERT INTO pago (id_pago,codigo_pago,id_cita,monto_total,monto_pagado,estado_pago,fecha_pago,id_usuario_cobro,observacion,usuario_registro,fecha_registro,estado_registro) VALUES (245,'PAG-000245',245,60.00,0.00,'PENDIENTE',NULL,NULL,'Pago generado por cita programada.','system','2026-07-10 09:00:00','ACTIVO');
INSERT INTO pago (id_pago,codigo_pago,id_cita,monto_total,monto_pagado,estado_pago,fecha_pago,id_usuario_cobro,observacion,usuario_registro,fecha_registro,estado_registro) VALUES (246,'PAG-000246',246,120.00,0.00,'PENDIENTE',NULL,NULL,'Pago generado por cita programada.','system','2026-07-10 09:00:00','ACTIVO');
INSERT INTO pago (id_pago,codigo_pago,id_cita,monto_total,monto_pagado,estado_pago,fecha_pago,id_usuario_cobro,observacion,usuario_registro,fecha_registro,estado_registro) VALUES (247,'PAG-000247',247,130.00,0.00,'PENDIENTE',NULL,NULL,'Pago generado por cita programada.','system','2026-07-10 09:00:00','ACTIVO');
INSERT INTO pago (id_pago,codigo_pago,id_cita,monto_total,monto_pagado,estado_pago,fecha_pago,id_usuario_cobro,observacion,usuario_registro,fecha_registro,estado_registro) VALUES (248,'PAG-000248',248,80.00,40.00,'PARCIAL','2026-07-10 10:00:00',4,'Pago generado por cita programada.','system','2026-07-10 09:00:00','ACTIVO');
INSERT INTO pago (id_pago,codigo_pago,id_cita,monto_total,monto_pagado,estado_pago,fecha_pago,id_usuario_cobro,observacion,usuario_registro,fecha_registro,estado_registro) VALUES (249,'PAG-000249',249,60.00,60.00,'PAGADO','2026-07-10 11:00:00',5,'Pago generado por cita programada.','system','2026-07-10 09:00:00','ACTIVO');
INSERT INTO pago (id_pago,codigo_pago,id_cita,monto_total,monto_pagado,estado_pago,fecha_pago,id_usuario_cobro,observacion,usuario_registro,fecha_registro,estado_registro) VALUES (250,'PAG-000250',250,120.00,0.00,'PENDIENTE',NULL,NULL,'Pago generado por cita programada.','system','2026-07-10 09:00:00','ACTIVO');
INSERT INTO pago (id_pago,codigo_pago,id_cita,monto_total,monto_pagado,estado_pago,fecha_pago,id_usuario_cobro,observacion,usuario_registro,fecha_registro,estado_registro) VALUES (251,'PAG-000251',251,100.00,0.00,'PENDIENTE',NULL,NULL,'Pago generado por cita programada.','system','2026-07-10 09:00:00','ACTIVO');
INSERT INTO pago (id_pago,codigo_pago,id_cita,monto_total,monto_pagado,estado_pago,fecha_pago,id_usuario_cobro,observacion,usuario_registro,fecha_registro,estado_registro) VALUES (252,'PAG-000252',252,60.00,30.00,'PARCIAL','2026-07-10 10:00:00',4,'Pago generado por cita programada.','system','2026-07-10 09:00:00','ACTIVO');
INSERT INTO pago (id_pago,codigo_pago,id_cita,monto_total,monto_pagado,estado_pago,fecha_pago,id_usuario_cobro,observacion,usuario_registro,fecha_registro,estado_registro) VALUES (253,'PAG-000253',253,80.00,40.00,'PARCIAL','2026-07-10 10:00:00',4,'Pago generado por cita programada.','system','2026-07-10 09:00:00','ACTIVO');
INSERT INTO pago (id_pago,codigo_pago,id_cita,monto_total,monto_pagado,estado_pago,fecha_pago,id_usuario_cobro,observacion,usuario_registro,fecha_registro,estado_registro) VALUES (254,'PAG-000254',254,100.00,100.00,'PAGADO','2026-07-10 11:00:00',5,'Pago generado por cita programada.','system','2026-07-10 09:00:00','ACTIVO');
INSERT INTO pago (id_pago,codigo_pago,id_cita,monto_total,monto_pagado,estado_pago,fecha_pago,id_usuario_cobro,observacion,usuario_registro,fecha_registro,estado_registro) VALUES (255,'PAG-000255',255,110.00,0.00,'PENDIENTE',NULL,NULL,'Pago generado por cita programada.','system','2026-07-10 09:00:00','ACTIVO');
INSERT INTO pago (id_pago,codigo_pago,id_cita,monto_total,monto_pagado,estado_pago,fecha_pago,id_usuario_cobro,observacion,usuario_registro,fecha_registro,estado_registro) VALUES (256,'PAG-000256',256,120.00,0.00,'PENDIENTE',NULL,NULL,'Pago generado por cita programada.','system','2026-07-10 09:00:00','ACTIVO');
INSERT INTO pago (id_pago,codigo_pago,id_cita,monto_total,monto_pagado,estado_pago,fecha_pago,id_usuario_cobro,observacion,usuario_registro,fecha_registro,estado_registro) VALUES (257,'PAG-000257',257,140.00,70.00,'PARCIAL','2026-07-10 10:00:00',4,'Pago generado por cita programada.','system','2026-07-10 09:00:00','ACTIVO');
INSERT INTO pago (id_pago,codigo_pago,id_cita,monto_total,monto_pagado,estado_pago,fecha_pago,id_usuario_cobro,observacion,usuario_registro,fecha_registro,estado_registro) VALUES (258,'PAG-000258',258,110.00,110.00,'PAGADO','2026-07-10 11:00:00',5,'Pago generado por cita programada.','system','2026-07-10 09:00:00','ACTIVO');
INSERT INTO pago (id_pago,codigo_pago,id_cita,monto_total,monto_pagado,estado_pago,fecha_pago,id_usuario_cobro,observacion,usuario_registro,fecha_registro,estado_registro) VALUES (259,'PAG-000259',259,60.00,60.00,'PAGADO','2026-07-10 11:00:00',5,'Pago generado por cita programada.','system','2026-07-10 09:00:00','ACTIVO');
INSERT INTO pago (id_pago,codigo_pago,id_cita,monto_total,monto_pagado,estado_pago,fecha_pago,id_usuario_cobro,observacion,usuario_registro,fecha_registro,estado_registro) VALUES (260,'PAG-000260',260,130.00,0.00,'PENDIENTE',NULL,NULL,'Pago generado por cita programada.','system','2026-07-10 09:00:00','ACTIVO');
INSERT INTO pago (id_pago,codigo_pago,id_cita,monto_total,monto_pagado,estado_pago,fecha_pago,id_usuario_cobro,observacion,usuario_registro,fecha_registro,estado_registro) VALUES (261,'PAG-000261',261,80.00,0.00,'PENDIENTE',NULL,NULL,'Pago generado por cita programada.','system','2026-07-10 09:00:00','ACTIVO');
INSERT INTO pago (id_pago,codigo_pago,id_cita,monto_total,monto_pagado,estado_pago,fecha_pago,id_usuario_cobro,observacion,usuario_registro,fecha_registro,estado_registro) VALUES (262,'PAG-000262',262,60.00,30.00,'PARCIAL','2026-07-10 10:00:00',4,'Pago generado por cita programada.','system','2026-07-10 09:00:00','ACTIVO');
INSERT INTO pago (id_pago,codigo_pago,id_cita,monto_total,monto_pagado,estado_pago,fecha_pago,id_usuario_cobro,observacion,usuario_registro,fecha_registro,estado_registro) VALUES (263,'PAG-000263',263,120.00,120.00,'PAGADO','2026-07-10 11:00:00',5,'Pago generado por cita programada.','system','2026-07-10 09:00:00','ACTIVO');
INSERT INTO pago (id_pago,codigo_pago,id_cita,monto_total,monto_pagado,estado_pago,fecha_pago,id_usuario_cobro,observacion,usuario_registro,fecha_registro,estado_registro) VALUES (264,'PAG-000264',264,100.00,0.00,'PENDIENTE',NULL,NULL,'Pago generado por cita programada.','system','2026-07-10 09:00:00','ACTIVO');
INSERT INTO pago (id_pago,codigo_pago,id_cita,monto_total,monto_pagado,estado_pago,fecha_pago,id_usuario_cobro,observacion,usuario_registro,fecha_registro,estado_registro) VALUES (265,'PAG-000265',265,110.00,0.00,'PENDIENTE',NULL,NULL,'Pago generado por cita programada.','system','2026-07-10 09:00:00','ACTIVO');
INSERT INTO pago (id_pago,codigo_pago,id_cita,monto_total,monto_pagado,estado_pago,fecha_pago,id_usuario_cobro,observacion,usuario_registro,fecha_registro,estado_registro) VALUES (266,'PAG-000266',266,80.00,0.00,'PENDIENTE',NULL,NULL,'Pago generado por cita programada.','system','2026-07-10 09:00:00','ACTIVO');
INSERT INTO pago (id_pago,codigo_pago,id_cita,monto_total,monto_pagado,estado_pago,fecha_pago,id_usuario_cobro,observacion,usuario_registro,fecha_registro,estado_registro) VALUES (267,'PAG-000267',267,100.00,50.00,'PARCIAL','2026-07-10 10:00:00',4,'Pago generado por cita programada.','system','2026-07-10 09:00:00','ACTIVO');
INSERT INTO pago (id_pago,codigo_pago,id_cita,monto_total,monto_pagado,estado_pago,fecha_pago,id_usuario_cobro,observacion,usuario_registro,fecha_registro,estado_registro) VALUES (268,'PAG-000268',268,110.00,110.00,'PAGADO','2026-07-10 11:00:00',5,'Pago generado por cita programada.','system','2026-07-10 09:00:00','ACTIVO');
INSERT INTO pago (id_pago,codigo_pago,id_cita,monto_total,monto_pagado,estado_pago,fecha_pago,id_usuario_cobro,observacion,usuario_registro,fecha_registro,estado_registro) VALUES (269,'PAG-000269',269,120.00,0.00,'PENDIENTE',NULL,NULL,'Pago generado por cita programada.','system','2026-07-10 09:00:00','ACTIVO');
INSERT INTO pago (id_pago,codigo_pago,id_cita,monto_total,monto_pagado,estado_pago,fecha_pago,id_usuario_cobro,observacion,usuario_registro,fecha_registro,estado_registro) VALUES (270,'PAG-000270',270,140.00,0.00,'PENDIENTE',NULL,NULL,'Pago generado por cita programada.','system','2026-07-10 09:00:00','ACTIVO');
INSERT INTO pago (id_pago,codigo_pago,id_cita,monto_total,monto_pagado,estado_pago,fecha_pago,id_usuario_cobro,observacion,usuario_registro,fecha_registro,estado_registro) VALUES (271,'PAG-000271',271,100.00,0.00,'PENDIENTE',NULL,NULL,'Pago generado por cita programada.','system','2026-07-10 09:00:00','ACTIVO');
INSERT INTO pago (id_pago,codigo_pago,id_cita,monto_total,monto_pagado,estado_pago,fecha_pago,id_usuario_cobro,observacion,usuario_registro,fecha_registro,estado_registro) VALUES (272,'PAG-000272',272,60.00,30.00,'PARCIAL','2026-07-10 10:00:00',4,'Pago generado por cita programada.','system','2026-07-10 09:00:00','ACTIVO');
INSERT INTO pago (id_pago,codigo_pago,id_cita,monto_total,monto_pagado,estado_pago,fecha_pago,id_usuario_cobro,observacion,usuario_registro,fecha_registro,estado_registro) VALUES (273,'PAG-000273',273,130.00,130.00,'PAGADO','2026-07-10 11:00:00',5,'Pago generado por cita programada.','system','2026-07-10 09:00:00','ACTIVO');
INSERT INTO pago (id_pago,codigo_pago,id_cita,monto_total,monto_pagado,estado_pago,fecha_pago,id_usuario_cobro,observacion,usuario_registro,fecha_registro,estado_registro) VALUES (274,'PAG-000274',274,80.00,0.00,'PENDIENTE',NULL,NULL,'Pago generado por cita programada.','system','2026-07-10 09:00:00','ACTIVO');
INSERT INTO pago (id_pago,codigo_pago,id_cita,monto_total,monto_pagado,estado_pago,fecha_pago,id_usuario_cobro,observacion,usuario_registro,fecha_registro,estado_registro) VALUES (275,'PAG-000275',275,60.00,0.00,'PENDIENTE',NULL,NULL,'Pago generado por cita programada.','system','2026-07-10 09:00:00','ACTIVO');
INSERT INTO pago (id_pago,codigo_pago,id_cita,monto_total,monto_pagado,estado_pago,fecha_pago,id_usuario_cobro,observacion,usuario_registro,fecha_registro,estado_registro) VALUES (276,'PAG-000276',276,120.00,60.00,'PARCIAL','2026-07-10 10:00:00',4,'Pago generado por cita programada.','system','2026-07-10 09:00:00','ACTIVO');
INSERT INTO pago (id_pago,codigo_pago,id_cita,monto_total,monto_pagado,estado_pago,fecha_pago,id_usuario_cobro,observacion,usuario_registro,fecha_registro,estado_registro) VALUES (277,'PAG-000277',277,140.00,70.00,'PARCIAL','2026-07-10 10:00:00',4,'Pago generado por cita programada.','system','2026-07-10 09:00:00','ACTIVO');
INSERT INTO pago (id_pago,codigo_pago,id_cita,monto_total,monto_pagado,estado_pago,fecha_pago,id_usuario_cobro,observacion,usuario_registro,fecha_registro,estado_registro) VALUES (278,'PAG-000278',278,110.00,110.00,'PAGADO','2026-07-10 11:00:00',5,'Pago generado por cita programada.','system','2026-07-10 09:00:00','ACTIVO');
INSERT INTO pago (id_pago,codigo_pago,id_cita,monto_total,monto_pagado,estado_pago,fecha_pago,id_usuario_cobro,observacion,usuario_registro,fecha_registro,estado_registro) VALUES (279,'PAG-000279',279,80.00,0.00,'PENDIENTE',NULL,NULL,'Pago generado por cita programada.','system','2026-07-10 09:00:00','ACTIVO');
INSERT INTO pago (id_pago,codigo_pago,id_cita,monto_total,monto_pagado,estado_pago,fecha_pago,id_usuario_cobro,observacion,usuario_registro,fecha_registro,estado_registro) VALUES (280,'PAG-000280',280,120.00,0.00,'PENDIENTE',NULL,NULL,'Pago generado por cita programada.','system','2026-07-10 09:00:00','ACTIVO');
INSERT INTO pago (id_pago,codigo_pago,id_cita,monto_total,monto_pagado,estado_pago,fecha_pago,id_usuario_cobro,observacion,usuario_registro,fecha_registro,estado_registro) VALUES (281,'PAG-000281',281,140.00,0.00,'PENDIENTE',NULL,NULL,'Pago generado por cita programada.','system','2026-07-10 09:00:00','ACTIVO');
INSERT INTO pago (id_pago,codigo_pago,id_cita,monto_total,monto_pagado,estado_pago,fecha_pago,id_usuario_cobro,observacion,usuario_registro,fecha_registro,estado_registro) VALUES (282,'PAG-000282',282,110.00,55.00,'PARCIAL','2026-07-10 10:00:00',4,'Pago generado por cita programada.','system','2026-07-10 09:00:00','ACTIVO');
INSERT INTO pago (id_pago,codigo_pago,id_cita,monto_total,monto_pagado,estado_pago,fecha_pago,id_usuario_cobro,observacion,usuario_registro,fecha_registro,estado_registro) VALUES (283,'PAG-000283',283,80.00,80.00,'PAGADO','2026-07-10 11:00:00',5,'Pago generado por cita programada.','system','2026-07-10 09:00:00','ACTIVO');
INSERT INTO pago (id_pago,codigo_pago,id_cita,monto_total,monto_pagado,estado_pago,fecha_pago,id_usuario_cobro,observacion,usuario_registro,fecha_registro,estado_registro) VALUES (284,'PAG-000284',284,100.00,0.00,'PENDIENTE',NULL,NULL,'Pago generado por cita programada.','system','2026-07-10 09:00:00','ACTIVO');
INSERT INTO pago (id_pago,codigo_pago,id_cita,monto_total,monto_pagado,estado_pago,fecha_pago,id_usuario_cobro,observacion,usuario_registro,fecha_registro,estado_registro) VALUES (285,'PAG-000285',285,110.00,0.00,'PENDIENTE',NULL,NULL,'Pago generado por cita programada.','system','2026-07-10 09:00:00','ACTIVO');
INSERT INTO pago (id_pago,codigo_pago,id_cita,monto_total,monto_pagado,estado_pago,fecha_pago,id_usuario_cobro,observacion,usuario_registro,fecha_registro,estado_registro) VALUES (286,'PAG-000286',286,60.00,0.00,'PENDIENTE',NULL,NULL,'Pago generado por cita programada.','system','2026-07-10 09:00:00','ACTIVO');
INSERT INTO pago (id_pago,codigo_pago,id_cita,monto_total,monto_pagado,estado_pago,fecha_pago,id_usuario_cobro,observacion,usuario_registro,fecha_registro,estado_registro) VALUES (287,'PAG-000287',287,120.00,60.00,'PARCIAL','2026-07-10 10:00:00',4,'Pago generado por cita programada.','system','2026-07-10 09:00:00','ACTIVO');
INSERT INTO pago (id_pago,codigo_pago,id_cita,monto_total,monto_pagado,estado_pago,fecha_pago,id_usuario_cobro,observacion,usuario_registro,fecha_registro,estado_registro) VALUES (288,'PAG-000288',288,100.00,100.00,'PAGADO','2026-07-10 11:00:00',5,'Pago generado por cita programada.','system','2026-07-10 09:00:00','ACTIVO');
INSERT INTO pago (id_pago,codigo_pago,id_cita,monto_total,monto_pagado,estado_pago,fecha_pago,id_usuario_cobro,observacion,usuario_registro,fecha_registro,estado_registro) VALUES (289,'PAG-000289',289,60.00,0.00,'PENDIENTE',NULL,NULL,'Pago generado por cita programada.','system','2026-07-10 09:00:00','ACTIVO');
INSERT INTO pago (id_pago,codigo_pago,id_cita,monto_total,monto_pagado,estado_pago,fecha_pago,id_usuario_cobro,observacion,usuario_registro,fecha_registro,estado_registro) VALUES (290,'PAG-000290',290,130.00,0.00,'PENDIENTE',NULL,NULL,'Pago generado por cita programada.','system','2026-07-10 09:00:00','ACTIVO');
INSERT INTO pago (id_pago,codigo_pago,id_cita,monto_total,monto_pagado,estado_pago,fecha_pago,id_usuario_cobro,observacion,usuario_registro,fecha_registro,estado_registro) VALUES (291,'PAG-000291',291,80.00,40.00,'PARCIAL','2026-07-10 10:00:00',4,'Pago generado por cita programada.','system','2026-07-10 09:00:00','ACTIVO');
INSERT INTO pago (id_pago,codigo_pago,id_cita,monto_total,monto_pagado,estado_pago,fecha_pago,id_usuario_cobro,observacion,usuario_registro,fecha_registro,estado_registro) VALUES (292,'PAG-000292',292,110.00,55.00,'PARCIAL','2026-07-10 10:00:00',4,'Pago generado por cita programada.','system','2026-07-10 09:00:00','ACTIVO');
INSERT INTO pago (id_pago,codigo_pago,id_cita,monto_total,monto_pagado,estado_pago,fecha_pago,id_usuario_cobro,observacion,usuario_registro,fecha_registro,estado_registro) VALUES (293,'PAG-000293',293,120.00,120.00,'PAGADO','2026-07-10 11:00:00',5,'Pago generado por cita programada.','system','2026-07-10 09:00:00','ACTIVO');
INSERT INTO pago (id_pago,codigo_pago,id_cita,monto_total,monto_pagado,estado_pago,fecha_pago,id_usuario_cobro,observacion,usuario_registro,fecha_registro,estado_registro) VALUES (294,'PAG-000294',294,140.00,0.00,'PENDIENTE',NULL,NULL,'Pago generado por cita programada.','system','2026-07-10 09:00:00','ACTIVO');
INSERT INTO pago (id_pago,codigo_pago,id_cita,monto_total,monto_pagado,estado_pago,fecha_pago,id_usuario_cobro,observacion,usuario_registro,fecha_registro,estado_registro) VALUES (295,'PAG-000295',295,110.00,0.00,'PENDIENTE',NULL,NULL,'Pago generado por cita programada.','system','2026-07-10 09:00:00','ACTIVO');
INSERT INTO pago (id_pago,codigo_pago,id_cita,monto_total,monto_pagado,estado_pago,fecha_pago,id_usuario_cobro,observacion,usuario_registro,fecha_registro,estado_registro) VALUES (296,'PAG-000296',296,80.00,40.00,'PARCIAL','2026-07-10 10:00:00',4,'Pago generado por cita programada.','system','2026-07-10 09:00:00','ACTIVO');
INSERT INTO pago (id_pago,codigo_pago,id_cita,monto_total,monto_pagado,estado_pago,fecha_pago,id_usuario_cobro,observacion,usuario_registro,fecha_registro,estado_registro) VALUES (297,'PAG-000297',297,100.00,100.00,'PAGADO','2026-07-10 11:00:00',5,'Pago generado por cita programada.','system','2026-07-10 09:00:00','ACTIVO');
INSERT INTO pago (id_pago,codigo_pago,id_cita,monto_total,monto_pagado,estado_pago,fecha_pago,id_usuario_cobro,observacion,usuario_registro,fecha_registro,estado_registro) VALUES (298,'PAG-000298',298,80.00,80.00,'PAGADO','2026-07-10 11:00:00',5,'Pago generado por cita programada.','system','2026-07-10 09:00:00','ACTIVO');
INSERT INTO pago (id_pago,codigo_pago,id_cita,monto_total,monto_pagado,estado_pago,fecha_pago,id_usuario_cobro,observacion,usuario_registro,fecha_registro,estado_registro) VALUES (299,'PAG-000299',299,60.00,0.00,'PENDIENTE',NULL,NULL,'Pago generado por cita programada.','system','2026-07-10 09:00:00','ACTIVO');
INSERT INTO pago (id_pago,codigo_pago,id_cita,monto_total,monto_pagado,estado_pago,fecha_pago,id_usuario_cobro,observacion,usuario_registro,fecha_registro,estado_registro) VALUES (300,'PAG-000300',300,120.00,0.00,'PENDIENTE',NULL,NULL,'Pago generado por cita programada.','system','2026-07-10 09:00:00','ACTIVO');
INSERT INTO pago (id_pago,codigo_pago,id_cita,monto_total,monto_pagado,estado_pago,fecha_pago,id_usuario_cobro,observacion,usuario_registro,fecha_registro,estado_registro) VALUES (301,'PAG-000301',301,100.00,50.00,'PARCIAL','2026-07-10 10:00:00',4,'Pago generado por cita programada.','system','2026-07-10 09:00:00','ACTIVO');
INSERT INTO pago (id_pago,codigo_pago,id_cita,monto_total,monto_pagado,estado_pago,fecha_pago,id_usuario_cobro,observacion,usuario_registro,fecha_registro,estado_registro) VALUES (302,'PAG-000302',302,60.00,60.00,'PAGADO','2026-07-10 11:00:00',5,'Pago generado por cita programada.','system','2026-07-10 09:00:00','ACTIVO');
INSERT INTO pago (id_pago,codigo_pago,id_cita,monto_total,monto_pagado,estado_pago,fecha_pago,id_usuario_cobro,observacion,usuario_registro,fecha_registro,estado_registro) VALUES (303,'PAG-000303',303,130.00,0.00,'PENDIENTE',NULL,NULL,'Pago generado por cita programada.','system','2026-07-10 09:00:00','ACTIVO');
INSERT INTO pago (id_pago,codigo_pago,id_cita,monto_total,monto_pagado,estado_pago,fecha_pago,id_usuario_cobro,observacion,usuario_registro,fecha_registro,estado_registro) VALUES (304,'PAG-000304',304,100.00,0.00,'PENDIENTE',NULL,NULL,'Pago generado por cita programada.','system','2026-07-10 09:00:00','ACTIVO');
INSERT INTO pago (id_pago,codigo_pago,id_cita,monto_total,monto_pagado,estado_pago,fecha_pago,id_usuario_cobro,observacion,usuario_registro,fecha_registro,estado_registro) VALUES (305,'PAG-000305',305,110.00,0.00,'PENDIENTE',NULL,NULL,'Pago generado por cita programada.','system','2026-07-10 09:00:00','ACTIVO');
INSERT INTO pago (id_pago,codigo_pago,id_cita,monto_total,monto_pagado,estado_pago,fecha_pago,id_usuario_cobro,observacion,usuario_registro,fecha_registro,estado_registro) VALUES (306,'PAG-000306',306,120.00,60.00,'PARCIAL','2026-07-10 10:00:00',4,'Pago generado por cita programada.','system','2026-07-10 09:00:00','ACTIVO');
INSERT INTO pago (id_pago,codigo_pago,id_cita,monto_total,monto_pagado,estado_pago,fecha_pago,id_usuario_cobro,observacion,usuario_registro,fecha_registro,estado_registro) VALUES (307,'PAG-000307',307,140.00,140.00,'PAGADO','2026-07-10 11:00:00',5,'Pago generado por cita programada.','system','2026-07-10 09:00:00','ACTIVO');
INSERT INTO pago (id_pago,codigo_pago,id_cita,monto_total,monto_pagado,estado_pago,fecha_pago,id_usuario_cobro,observacion,usuario_registro,fecha_registro,estado_registro) VALUES (308,'PAG-000308',308,110.00,0.00,'PENDIENTE',NULL,NULL,'Pago generado por cita programada.','system','2026-07-10 09:00:00','ACTIVO');
INSERT INTO pago (id_pago,codigo_pago,id_cita,monto_total,monto_pagado,estado_pago,fecha_pago,id_usuario_cobro,observacion,usuario_registro,fecha_registro,estado_registro) VALUES (309,'PAG-000309',309,80.00,0.00,'PENDIENTE',NULL,NULL,'Pago generado por cita programada.','system','2026-07-10 09:00:00','ACTIVO');
INSERT INTO pago (id_pago,codigo_pago,id_cita,monto_total,monto_pagado,estado_pago,fecha_pago,id_usuario_cobro,observacion,usuario_registro,fecha_registro,estado_registro) VALUES (310,'PAG-000310',310,130.00,0.00,'PENDIENTE',NULL,NULL,'Pago generado por cita programada.','system','2026-07-10 09:00:00','ACTIVO');
INSERT INTO pago (id_pago,codigo_pago,id_cita,monto_total,monto_pagado,estado_pago,fecha_pago,id_usuario_cobro,observacion,usuario_registro,fecha_registro,estado_registro) VALUES (311,'PAG-000311',311,80.00,40.00,'PARCIAL','2026-07-10 10:00:00',4,'Pago generado por cita programada.','system','2026-07-10 09:00:00','ACTIVO');
INSERT INTO pago (id_pago,codigo_pago,id_cita,monto_total,monto_pagado,estado_pago,fecha_pago,id_usuario_cobro,observacion,usuario_registro,fecha_registro,estado_registro) VALUES (312,'PAG-000312',312,60.00,60.00,'PAGADO','2026-07-10 11:00:00',5,'Pago generado por cita programada.','system','2026-07-10 09:00:00','ACTIVO');
INSERT INTO pago (id_pago,codigo_pago,id_cita,monto_total,monto_pagado,estado_pago,fecha_pago,id_usuario_cobro,observacion,usuario_registro,fecha_registro,estado_registro) VALUES (313,'PAG-000313',313,60.00,60.00,'PAGADO','2026-07-10 11:00:00',5,'Pago generado por cita programada.','system','2026-07-10 09:00:00','ACTIVO');
INSERT INTO pago (id_pago,codigo_pago,id_cita,monto_total,monto_pagado,estado_pago,fecha_pago,id_usuario_cobro,observacion,usuario_registro,fecha_registro,estado_registro) VALUES (314,'PAG-000314',314,130.00,0.00,'PENDIENTE',NULL,NULL,'Pago generado por cita programada.','system','2026-07-10 09:00:00','ACTIVO');
INSERT INTO pago (id_pago,codigo_pago,id_cita,monto_total,monto_pagado,estado_pago,fecha_pago,id_usuario_cobro,observacion,usuario_registro,fecha_registro,estado_registro) VALUES (315,'PAG-000315',315,80.00,0.00,'PENDIENTE',NULL,NULL,'Pago generado por cita programada.','system','2026-07-10 09:00:00','ACTIVO');
INSERT INTO pago (id_pago,codigo_pago,id_cita,monto_total,monto_pagado,estado_pago,fecha_pago,id_usuario_cobro,observacion,usuario_registro,fecha_registro,estado_registro) VALUES (316,'PAG-000316',316,60.00,30.00,'PARCIAL','2026-07-10 10:00:00',4,'Pago generado por cita programada.','system','2026-07-10 09:00:00','ACTIVO');
INSERT INTO pago (id_pago,codigo_pago,id_cita,monto_total,monto_pagado,estado_pago,fecha_pago,id_usuario_cobro,observacion,usuario_registro,fecha_registro,estado_registro) VALUES (317,'PAG-000317',317,120.00,120.00,'PAGADO','2026-07-10 11:00:00',5,'Pago generado por cita programada.','system','2026-07-10 09:00:00','ACTIVO');
INSERT INTO pago (id_pago,codigo_pago,id_cita,monto_total,monto_pagado,estado_pago,fecha_pago,id_usuario_cobro,observacion,usuario_registro,fecha_registro,estado_registro) VALUES (318,'PAG-000318',318,100.00,0.00,'PENDIENTE',NULL,NULL,'Pago generado por cita programada.','system','2026-07-10 09:00:00','ACTIVO');
INSERT INTO pago (id_pago,codigo_pago,id_cita,monto_total,monto_pagado,estado_pago,fecha_pago,id_usuario_cobro,observacion,usuario_registro,fecha_registro,estado_registro) VALUES (319,'PAG-000319',319,110.00,0.00,'PENDIENTE',NULL,NULL,'Pago generado por cita programada.','system','2026-07-10 09:00:00','ACTIVO');
INSERT INTO pago (id_pago,codigo_pago,id_cita,monto_total,monto_pagado,estado_pago,fecha_pago,id_usuario_cobro,observacion,usuario_registro,fecha_registro,estado_registro) VALUES (320,'PAG-000320',320,80.00,0.00,'PENDIENTE',NULL,NULL,'Pago generado por cita programada.','system','2026-07-10 09:00:00','ACTIVO');
INSERT INTO pago (id_pago,codigo_pago,id_cita,monto_total,monto_pagado,estado_pago,fecha_pago,id_usuario_cobro,observacion,usuario_registro,fecha_registro,estado_registro) VALUES (321,'PAG-000321',321,100.00,50.00,'PARCIAL','2026-07-10 10:00:00',4,'Pago generado por cita programada.','system','2026-07-10 09:00:00','ACTIVO');
INSERT INTO pago (id_pago,codigo_pago,id_cita,monto_total,monto_pagado,estado_pago,fecha_pago,id_usuario_cobro,observacion,usuario_registro,fecha_registro,estado_registro) VALUES (322,'PAG-000322',322,110.00,110.00,'PAGADO','2026-07-10 11:00:00',5,'Pago generado por cita programada.','system','2026-07-10 09:00:00','ACTIVO');
INSERT INTO pago (id_pago,codigo_pago,id_cita,monto_total,monto_pagado,estado_pago,fecha_pago,id_usuario_cobro,observacion,usuario_registro,fecha_registro,estado_registro) VALUES (323,'PAG-000323',323,120.00,0.00,'PENDIENTE',NULL,NULL,'Pago generado por cita programada.','system','2026-07-10 09:00:00','ACTIVO');
INSERT INTO pago (id_pago,codigo_pago,id_cita,monto_total,monto_pagado,estado_pago,fecha_pago,id_usuario_cobro,observacion,usuario_registro,fecha_registro,estado_registro) VALUES (324,'PAG-000324',324,140.00,0.00,'PENDIENTE',NULL,NULL,'Pago generado por cita programada.','system','2026-07-10 09:00:00','ACTIVO');

-- Detalles de pago
INSERT INTO pago_detalle (id_pago_detalle,id_pago,metodo_pago,monto,numero_operacion,id_usuario_cajero,fecha_operacion,observacion,estado_registro) VALUES (1,1,'EFECTIVO',60.00,NULL,4,'2026-06-10 08:00:00','Pago de consulta atendida.','ACTIVO');
INSERT INTO pago_detalle (id_pago_detalle,id_pago,metodo_pago,monto,numero_operacion,id_usuario_cajero,fecha_operacion,observacion,estado_registro) VALUES (2,2,'YAPE',80.00,'OP-20260610-00002',5,'2026-06-10 08:00:00','Pago de consulta atendida.','ACTIVO');
INSERT INTO pago_detalle (id_pago_detalle,id_pago,metodo_pago,monto,numero_operacion,id_usuario_cajero,fecha_operacion,observacion,estado_registro) VALUES (3,3,'PLIN',120.00,'OP-20260610-00003',4,'2026-06-10 08:00:00','Pago de consulta atendida.','ACTIVO');
INSERT INTO pago_detalle (id_pago_detalle,id_pago,metodo_pago,monto,numero_operacion,id_usuario_cajero,fecha_operacion,observacion,estado_registro) VALUES (4,4,'YAPE',100.00,'OP-20260610-00004',5,'2026-06-10 08:00:00','Pago de consulta atendida.','ACTIVO');
INSERT INTO pago_detalle (id_pago_detalle,id_pago,metodo_pago,monto,numero_operacion,id_usuario_cajero,fecha_operacion,observacion,estado_registro) VALUES (5,5,'TARJETA',100.00,'OP-20260610-00005',4,'2026-06-10 08:00:00','Pago de consulta atendida.','ACTIVO');
INSERT INTO pago_detalle (id_pago_detalle,id_pago,metodo_pago,monto,numero_operacion,id_usuario_cajero,fecha_operacion,observacion,estado_registro) VALUES (6,6,'TARJETA',110.00,'OP-20260610-00006',5,'2026-06-10 08:00:00','Pago de consulta atendida.','ACTIVO');
INSERT INTO pago_detalle (id_pago_detalle,id_pago,metodo_pago,monto,numero_operacion,id_usuario_cajero,fecha_operacion,observacion,estado_registro) VALUES (7,7,'YAPE',60.00,'OP-20260610-00007',4,'2026-06-10 08:00:00','Pago de consulta atendida.','ACTIVO');
INSERT INTO pago_detalle (id_pago_detalle,id_pago,metodo_pago,monto,numero_operacion,id_usuario_cajero,fecha_operacion,observacion,estado_registro) VALUES (8,8,'TARJETA',100.00,'OP-20260611-00008',4,'2026-06-11 08:00:00','Pago de consulta atendida.','ACTIVO');
INSERT INTO pago_detalle (id_pago_detalle,id_pago,metodo_pago,monto,numero_operacion,id_usuario_cajero,fecha_operacion,observacion,estado_registro) VALUES (9,9,'YAPE',100.00,'OP-20260611-00009',5,'2026-06-11 08:00:00','Pago de consulta atendida.','ACTIVO');
INSERT INTO pago_detalle (id_pago_detalle,id_pago,metodo_pago,monto,numero_operacion,id_usuario_cajero,fecha_operacion,observacion,estado_registro) VALUES (10,10,'EFECTIVO',110.00,NULL,4,'2026-06-11 08:00:00','Pago de consulta atendida.','ACTIVO');
INSERT INTO pago_detalle (id_pago_detalle,id_pago,metodo_pago,monto,numero_operacion,id_usuario_cajero,fecha_operacion,observacion,estado_registro) VALUES (11,11,'YAPE',60.00,'OP-20260611-00011',5,'2026-06-11 08:00:00','Pago de consulta atendida.','ACTIVO');
INSERT INTO pago_detalle (id_pago_detalle,id_pago,metodo_pago,monto,numero_operacion,id_usuario_cajero,fecha_operacion,observacion,estado_registro) VALUES (12,12,'EFECTIVO',120.00,NULL,4,'2026-06-11 08:00:00','Pago de consulta atendida.','ACTIVO');
INSERT INTO pago_detalle (id_pago_detalle,id_pago,metodo_pago,monto,numero_operacion,id_usuario_cajero,fecha_operacion,observacion,estado_registro) VALUES (13,13,'YAPE',130.00,'OP-20260611-00013',5,'2026-06-11 08:00:00','Pago de consulta atendida.','ACTIVO');
INSERT INTO pago_detalle (id_pago_detalle,id_pago,metodo_pago,monto,numero_operacion,id_usuario_cajero,fecha_operacion,observacion,estado_registro) VALUES (14,14,'TARJETA',140.00,'OP-20260611-00014',4,'2026-06-11 08:00:00','Pago de consulta atendida.','ACTIVO');
INSERT INTO pago_detalle (id_pago_detalle,id_pago,metodo_pago,monto,numero_operacion,id_usuario_cajero,fecha_operacion,observacion,estado_registro) VALUES (15,15,'EFECTIVO',60.00,NULL,4,'2026-06-12 08:00:00','Pago de consulta atendida.','ACTIVO');
INSERT INTO pago_detalle (id_pago_detalle,id_pago,metodo_pago,monto,numero_operacion,id_usuario_cajero,fecha_operacion,observacion,estado_registro) VALUES (16,16,'EFECTIVO',120.00,NULL,5,'2026-06-12 08:00:00','Pago de consulta atendida.','ACTIVO');
INSERT INTO pago_detalle (id_pago_detalle,id_pago,metodo_pago,monto,numero_operacion,id_usuario_cajero,fecha_operacion,observacion,estado_registro) VALUES (17,17,'TARJETA',130.00,'OP-20260612-00017',4,'2026-06-12 08:00:00','Pago de consulta atendida.','ACTIVO');
INSERT INTO pago_detalle (id_pago_detalle,id_pago,metodo_pago,monto,numero_operacion,id_usuario_cajero,fecha_operacion,observacion,estado_registro) VALUES (18,18,'EFECTIVO',140.00,NULL,5,'2026-06-12 08:00:00','Pago de consulta atendida.','ACTIVO');
INSERT INTO pago_detalle (id_pago_detalle,id_pago,metodo_pago,monto,numero_operacion,id_usuario_cajero,fecha_operacion,observacion,estado_registro) VALUES (19,19,'PLIN',80.00,'OP-20260612-00019',4,'2026-06-12 08:00:00','Pago de consulta atendida.','ACTIVO');
INSERT INTO pago_detalle (id_pago_detalle,id_pago,metodo_pago,monto,numero_operacion,id_usuario_cajero,fecha_operacion,observacion,estado_registro) VALUES (20,20,'EFECTIVO',110.00,NULL,5,'2026-06-12 08:00:00','Pago de consulta atendida.','ACTIVO');
INSERT INTO pago_detalle (id_pago_detalle,id_pago,metodo_pago,monto,numero_operacion,id_usuario_cajero,fecha_operacion,observacion,estado_registro) VALUES (21,21,'YAPE',60.00,'OP-20260612-00021',4,'2026-06-12 08:00:00','Pago de consulta atendida.','ACTIVO');
INSERT INTO pago_detalle (id_pago_detalle,id_pago,metodo_pago,monto,numero_operacion,id_usuario_cajero,fecha_operacion,observacion,estado_registro) VALUES (22,22,'YAPE',140.00,'OP-20260613-00022',4,'2026-06-13 08:00:00','Pago de consulta atendida.','ACTIVO');
INSERT INTO pago_detalle (id_pago_detalle,id_pago,metodo_pago,monto,numero_operacion,id_usuario_cajero,fecha_operacion,observacion,estado_registro) VALUES (23,23,'EFECTIVO',80.00,NULL,5,'2026-06-13 08:00:00','Pago de consulta atendida.','ACTIVO');
INSERT INTO pago_detalle (id_pago_detalle,id_pago,metodo_pago,monto,numero_operacion,id_usuario_cajero,fecha_operacion,observacion,estado_registro) VALUES (24,24,'PLIN',110.00,'OP-20260613-00024',4,'2026-06-13 08:00:00','Pago de consulta atendida.','ACTIVO');
INSERT INTO pago_detalle (id_pago_detalle,id_pago,metodo_pago,monto,numero_operacion,id_usuario_cajero,fecha_operacion,observacion,estado_registro) VALUES (25,25,'TARJETA',60.00,'OP-20260613-00025',5,'2026-06-13 08:00:00','Pago de consulta atendida.','ACTIVO');
INSERT INTO pago_detalle (id_pago_detalle,id_pago,metodo_pago,monto,numero_operacion,id_usuario_cajero,fecha_operacion,observacion,estado_registro) VALUES (26,26,'PLIN',100.00,'OP-20260615-00026',4,'2026-06-15 08:00:00','Pago de consulta atendida.','ACTIVO');
INSERT INTO pago_detalle (id_pago_detalle,id_pago,metodo_pago,monto,numero_operacion,id_usuario_cajero,fecha_operacion,observacion,estado_registro) VALUES (27,27,'PLIN',100.00,'OP-20260615-00027',5,'2026-06-15 08:00:00','Pago de consulta atendida.','ACTIVO');
INSERT INTO pago_detalle (id_pago_detalle,id_pago,metodo_pago,monto,numero_operacion,id_usuario_cajero,fecha_operacion,observacion,estado_registro) VALUES (28,28,'PLIN',110.00,'OP-20260615-00028',4,'2026-06-15 08:00:00','Pago de consulta atendida.','ACTIVO');
INSERT INTO pago_detalle (id_pago_detalle,id_pago,metodo_pago,monto,numero_operacion,id_usuario_cajero,fecha_operacion,observacion,estado_registro) VALUES (29,29,'YAPE',60.00,'OP-20260615-00029',5,'2026-06-15 08:00:00','Pago de consulta atendida.','ACTIVO');
INSERT INTO pago_detalle (id_pago_detalle,id_pago,metodo_pago,monto,numero_operacion,id_usuario_cajero,fecha_operacion,observacion,estado_registro) VALUES (30,30,'TARJETA',120.00,'OP-20260615-00030',4,'2026-06-15 08:00:00','Pago de consulta atendida.','ACTIVO');
INSERT INTO pago_detalle (id_pago_detalle,id_pago,metodo_pago,monto,numero_operacion,id_usuario_cajero,fecha_operacion,observacion,estado_registro) VALUES (31,31,'PLIN',130.00,'OP-20260615-00031',5,'2026-06-15 08:00:00','Pago de consulta atendida.','ACTIVO');
INSERT INTO pago_detalle (id_pago_detalle,id_pago,metodo_pago,monto,numero_operacion,id_usuario_cajero,fecha_operacion,observacion,estado_registro) VALUES (32,32,'YAPE',140.00,'OP-20260615-00032',4,'2026-06-15 08:00:00','Pago de consulta atendida.','ACTIVO');
INSERT INTO pago_detalle (id_pago_detalle,id_pago,metodo_pago,monto,numero_operacion,id_usuario_cajero,fecha_operacion,observacion,estado_registro) VALUES (33,33,'PLIN',60.00,'OP-20260616-00033',4,'2026-06-16 08:00:00','Pago de consulta atendida.','ACTIVO');
INSERT INTO pago_detalle (id_pago_detalle,id_pago,metodo_pago,monto,numero_operacion,id_usuario_cajero,fecha_operacion,observacion,estado_registro) VALUES (34,34,'YAPE',120.00,'OP-20260616-00034',5,'2026-06-16 08:00:00','Pago de consulta atendida.','ACTIVO');
INSERT INTO pago_detalle (id_pago_detalle,id_pago,metodo_pago,monto,numero_operacion,id_usuario_cajero,fecha_operacion,observacion,estado_registro) VALUES (35,35,'TARJETA',130.00,'OP-20260616-00035',4,'2026-06-16 08:00:00','Pago de consulta atendida.','ACTIVO');
INSERT INTO pago_detalle (id_pago_detalle,id_pago,metodo_pago,monto,numero_operacion,id_usuario_cajero,fecha_operacion,observacion,estado_registro) VALUES (36,36,'YAPE',140.00,'OP-20260616-00036',5,'2026-06-16 08:00:00','Pago de consulta atendida.','ACTIVO');
INSERT INTO pago_detalle (id_pago_detalle,id_pago,metodo_pago,monto,numero_operacion,id_usuario_cajero,fecha_operacion,observacion,estado_registro) VALUES (37,37,'PLIN',80.00,'OP-20260616-00037',4,'2026-06-16 08:00:00','Pago de consulta atendida.','ACTIVO');
INSERT INTO pago_detalle (id_pago_detalle,id_pago,metodo_pago,monto,numero_operacion,id_usuario_cajero,fecha_operacion,observacion,estado_registro) VALUES (38,38,'PLIN',110.00,'OP-20260616-00038',5,'2026-06-16 08:00:00','Pago de consulta atendida.','ACTIVO');
INSERT INTO pago_detalle (id_pago_detalle,id_pago,metodo_pago,monto,numero_operacion,id_usuario_cajero,fecha_operacion,observacion,estado_registro) VALUES (39,39,'YAPE',60.00,'OP-20260616-00039',4,'2026-06-16 08:00:00','Pago de consulta atendida.','ACTIVO');
INSERT INTO pago_detalle (id_pago_detalle,id_pago,metodo_pago,monto,numero_operacion,id_usuario_cajero,fecha_operacion,observacion,estado_registro) VALUES (40,40,'TARJETA',140.00,'OP-20260617-00040',4,'2026-06-17 08:00:00','Pago de consulta atendida.','ACTIVO');
INSERT INTO pago_detalle (id_pago_detalle,id_pago,metodo_pago,monto,numero_operacion,id_usuario_cajero,fecha_operacion,observacion,estado_registro) VALUES (41,41,'EFECTIVO',80.00,NULL,5,'2026-06-17 08:00:00','Pago de consulta atendida.','ACTIVO');
INSERT INTO pago_detalle (id_pago_detalle,id_pago,metodo_pago,monto,numero_operacion,id_usuario_cajero,fecha_operacion,observacion,estado_registro) VALUES (42,42,'EFECTIVO',110.00,NULL,4,'2026-06-17 08:00:00','Pago de consulta atendida.','ACTIVO');
INSERT INTO pago_detalle (id_pago_detalle,id_pago,metodo_pago,monto,numero_operacion,id_usuario_cajero,fecha_operacion,observacion,estado_registro) VALUES (43,43,'TARJETA',60.00,'OP-20260617-00043',5,'2026-06-17 08:00:00','Pago de consulta atendida.','ACTIVO');
INSERT INTO pago_detalle (id_pago_detalle,id_pago,metodo_pago,monto,numero_operacion,id_usuario_cajero,fecha_operacion,observacion,estado_registro) VALUES (44,44,'EFECTIVO',80.00,NULL,4,'2026-06-17 08:00:00','Pago de consulta atendida.','ACTIVO');
INSERT INTO pago_detalle (id_pago_detalle,id_pago,metodo_pago,monto,numero_operacion,id_usuario_cajero,fecha_operacion,observacion,estado_registro) VALUES (45,45,'EFECTIVO',120.00,NULL,5,'2026-06-17 08:00:00','Pago de consulta atendida.','ACTIVO');
INSERT INTO pago_detalle (id_pago_detalle,id_pago,metodo_pago,monto,numero_operacion,id_usuario_cajero,fecha_operacion,observacion,estado_registro) VALUES (46,46,'EFECTIVO',100.00,NULL,4,'2026-06-17 08:00:00','Pago de consulta atendida.','ACTIVO');
INSERT INTO pago_detalle (id_pago_detalle,id_pago,metodo_pago,monto,numero_operacion,id_usuario_cajero,fecha_operacion,observacion,estado_registro) VALUES (47,47,'YAPE',60.00,'OP-20260618-00047',4,'2026-06-18 08:00:00','Pago de consulta atendida.','ACTIVO');
INSERT INTO pago_detalle (id_pago_detalle,id_pago,metodo_pago,monto,numero_operacion,id_usuario_cajero,fecha_operacion,observacion,estado_registro) VALUES (48,48,'TARJETA',80.00,'OP-20260618-00048',5,'2026-06-18 08:00:00','Pago de consulta atendida.','ACTIVO');
INSERT INTO pago_detalle (id_pago_detalle,id_pago,metodo_pago,monto,numero_operacion,id_usuario_cajero,fecha_operacion,observacion,estado_registro) VALUES (49,49,'PLIN',120.00,'OP-20260618-00049',4,'2026-06-18 08:00:00','Pago de consulta atendida.','ACTIVO');
INSERT INTO pago_detalle (id_pago_detalle,id_pago,metodo_pago,monto,numero_operacion,id_usuario_cajero,fecha_operacion,observacion,estado_registro) VALUES (50,50,'PLIN',100.00,'OP-20260618-00050',5,'2026-06-18 08:00:00','Pago de consulta atendida.','ACTIVO');
INSERT INTO pago_detalle (id_pago_detalle,id_pago,metodo_pago,monto,numero_operacion,id_usuario_cajero,fecha_operacion,observacion,estado_registro) VALUES (51,51,'YAPE',100.00,'OP-20260618-00051',4,'2026-06-18 08:00:00','Pago de consulta atendida.','ACTIVO');
INSERT INTO pago_detalle (id_pago_detalle,id_pago,metodo_pago,monto,numero_operacion,id_usuario_cajero,fecha_operacion,observacion,estado_registro) VALUES (52,52,'EFECTIVO',110.00,NULL,5,'2026-06-18 08:00:00','Pago de consulta atendida.','ACTIVO');
INSERT INTO pago_detalle (id_pago_detalle,id_pago,metodo_pago,monto,numero_operacion,id_usuario_cajero,fecha_operacion,observacion,estado_registro) VALUES (53,53,'PLIN',60.00,'OP-20260618-00053',4,'2026-06-18 08:00:00','Pago de consulta atendida.','ACTIVO');
INSERT INTO pago_detalle (id_pago_detalle,id_pago,metodo_pago,monto,numero_operacion,id_usuario_cajero,fecha_operacion,observacion,estado_registro) VALUES (54,54,'TARJETA',100.00,'OP-20260619-00054',4,'2026-06-19 08:00:00','Pago de consulta atendida.','ACTIVO');
INSERT INTO pago_detalle (id_pago_detalle,id_pago,metodo_pago,monto,numero_operacion,id_usuario_cajero,fecha_operacion,observacion,estado_registro) VALUES (55,55,'PLIN',100.00,'OP-20260619-00055',5,'2026-06-19 08:00:00','Pago de consulta atendida.','ACTIVO');
INSERT INTO pago_detalle (id_pago_detalle,id_pago,metodo_pago,monto,numero_operacion,id_usuario_cajero,fecha_operacion,observacion,estado_registro) VALUES (56,56,'TARJETA',110.00,'OP-20260619-00056',4,'2026-06-19 08:00:00','Pago de consulta atendida.','ACTIVO');
INSERT INTO pago_detalle (id_pago_detalle,id_pago,metodo_pago,monto,numero_operacion,id_usuario_cajero,fecha_operacion,observacion,estado_registro) VALUES (57,57,'YAPE',60.00,'OP-20260619-00057',5,'2026-06-19 08:00:00','Pago de consulta atendida.','ACTIVO');
INSERT INTO pago_detalle (id_pago_detalle,id_pago,metodo_pago,monto,numero_operacion,id_usuario_cajero,fecha_operacion,observacion,estado_registro) VALUES (58,58,'YAPE',120.00,'OP-20260619-00058',4,'2026-06-19 08:00:00','Pago de consulta atendida.','ACTIVO');
INSERT INTO pago_detalle (id_pago_detalle,id_pago,metodo_pago,monto,numero_operacion,id_usuario_cajero,fecha_operacion,observacion,estado_registro) VALUES (59,59,'TARJETA',130.00,'OP-20260619-00059',5,'2026-06-19 08:00:00','Pago de consulta atendida.','ACTIVO');
INSERT INTO pago_detalle (id_pago_detalle,id_pago,metodo_pago,monto,numero_operacion,id_usuario_cajero,fecha_operacion,observacion,estado_registro) VALUES (60,60,'TARJETA',140.00,'OP-20260619-00060',4,'2026-06-19 08:00:00','Pago de consulta atendida.','ACTIVO');
INSERT INTO pago_detalle (id_pago_detalle,id_pago,metodo_pago,monto,numero_operacion,id_usuario_cajero,fecha_operacion,observacion,estado_registro) VALUES (61,61,'EFECTIVO',60.00,NULL,4,'2026-06-20 08:00:00','Pago de consulta atendida.','ACTIVO');
INSERT INTO pago_detalle (id_pago_detalle,id_pago,metodo_pago,monto,numero_operacion,id_usuario_cajero,fecha_operacion,observacion,estado_registro) VALUES (62,62,'YAPE',120.00,'OP-20260620-00062',5,'2026-06-20 08:00:00','Pago de consulta atendida.','ACTIVO');
INSERT INTO pago_detalle (id_pago_detalle,id_pago,metodo_pago,monto,numero_operacion,id_usuario_cajero,fecha_operacion,observacion,estado_registro) VALUES (63,63,'PLIN',130.00,'OP-20260620-00063',4,'2026-06-20 08:00:00','Pago de consulta atendida.','ACTIVO');
INSERT INTO pago_detalle (id_pago_detalle,id_pago,metodo_pago,monto,numero_operacion,id_usuario_cajero,fecha_operacion,observacion,estado_registro) VALUES (64,64,'TARJETA',140.00,'OP-20260620-00064',5,'2026-06-20 08:00:00','Pago de consulta atendida.','ACTIVO');
INSERT INTO pago_detalle (id_pago_detalle,id_pago,metodo_pago,monto,numero_operacion,id_usuario_cajero,fecha_operacion,observacion,estado_registro) VALUES (65,65,'EFECTIVO',60.00,NULL,4,'2026-06-22 08:00:00','Pago de consulta atendida.','ACTIVO');
INSERT INTO pago_detalle (id_pago_detalle,id_pago,metodo_pago,monto,numero_operacion,id_usuario_cajero,fecha_operacion,observacion,estado_registro) VALUES (66,66,'EFECTIVO',80.00,NULL,5,'2026-06-22 08:00:00','Pago de consulta atendida.','ACTIVO');
INSERT INTO pago_detalle (id_pago_detalle,id_pago,metodo_pago,monto,numero_operacion,id_usuario_cajero,fecha_operacion,observacion,estado_registro) VALUES (67,67,'TARJETA',120.00,'OP-20260622-00067',4,'2026-06-22 08:00:00','Pago de consulta atendida.','ACTIVO');
INSERT INTO pago_detalle (id_pago_detalle,id_pago,metodo_pago,monto,numero_operacion,id_usuario_cajero,fecha_operacion,observacion,estado_registro) VALUES (68,68,'TARJETA',100.00,'OP-20260622-00068',5,'2026-06-22 08:00:00','Pago de consulta atendida.','ACTIVO');
INSERT INTO pago_detalle (id_pago_detalle,id_pago,metodo_pago,monto,numero_operacion,id_usuario_cajero,fecha_operacion,observacion,estado_registro) VALUES (69,69,'TARJETA',100.00,'OP-20260622-00069',4,'2026-06-22 08:00:00','Pago de consulta atendida.','ACTIVO');
INSERT INTO pago_detalle (id_pago_detalle,id_pago,metodo_pago,monto,numero_operacion,id_usuario_cajero,fecha_operacion,observacion,estado_registro) VALUES (70,70,'EFECTIVO',110.00,NULL,5,'2026-06-22 08:00:00','Pago de consulta atendida.','ACTIVO');
INSERT INTO pago_detalle (id_pago_detalle,id_pago,metodo_pago,monto,numero_operacion,id_usuario_cajero,fecha_operacion,observacion,estado_registro) VALUES (71,71,'EFECTIVO',60.00,NULL,4,'2026-06-22 08:00:00','Pago de consulta atendida.','ACTIVO');
INSERT INTO pago_detalle (id_pago_detalle,id_pago,metodo_pago,monto,numero_operacion,id_usuario_cajero,fecha_operacion,observacion,estado_registro) VALUES (72,72,'PLIN',100.00,'OP-20260623-00072',4,'2026-06-23 08:00:00','Pago de consulta atendida.','ACTIVO');
INSERT INTO pago_detalle (id_pago_detalle,id_pago,metodo_pago,monto,numero_operacion,id_usuario_cajero,fecha_operacion,observacion,estado_registro) VALUES (73,73,'TARJETA',100.00,'OP-20260623-00073',5,'2026-06-23 08:00:00','Pago de consulta atendida.','ACTIVO');
INSERT INTO pago_detalle (id_pago_detalle,id_pago,metodo_pago,monto,numero_operacion,id_usuario_cajero,fecha_operacion,observacion,estado_registro) VALUES (74,74,'YAPE',110.00,'OP-20260623-00074',4,'2026-06-23 08:00:00','Pago de consulta atendida.','ACTIVO');
INSERT INTO pago_detalle (id_pago_detalle,id_pago,metodo_pago,monto,numero_operacion,id_usuario_cajero,fecha_operacion,observacion,estado_registro) VALUES (75,75,'YAPE',60.00,'OP-20260623-00075',5,'2026-06-23 08:00:00','Pago de consulta atendida.','ACTIVO');
INSERT INTO pago_detalle (id_pago_detalle,id_pago,metodo_pago,monto,numero_operacion,id_usuario_cajero,fecha_operacion,observacion,estado_registro) VALUES (76,76,'YAPE',120.00,'OP-20260623-00076',4,'2026-06-23 08:00:00','Pago de consulta atendida.','ACTIVO');
INSERT INTO pago_detalle (id_pago_detalle,id_pago,metodo_pago,monto,numero_operacion,id_usuario_cajero,fecha_operacion,observacion,estado_registro) VALUES (77,77,'PLIN',130.00,'OP-20260623-00077',5,'2026-06-23 08:00:00','Pago de consulta atendida.','ACTIVO');
INSERT INTO pago_detalle (id_pago_detalle,id_pago,metodo_pago,monto,numero_operacion,id_usuario_cajero,fecha_operacion,observacion,estado_registro) VALUES (78,78,'YAPE',140.00,'OP-20260623-00078',4,'2026-06-23 08:00:00','Pago de consulta atendida.','ACTIVO');
INSERT INTO pago_detalle (id_pago_detalle,id_pago,metodo_pago,monto,numero_operacion,id_usuario_cajero,fecha_operacion,observacion,estado_registro) VALUES (79,79,'TARJETA',60.00,'OP-20260624-00079',4,'2026-06-24 08:00:00','Pago de consulta atendida.','ACTIVO');
INSERT INTO pago_detalle (id_pago_detalle,id_pago,metodo_pago,monto,numero_operacion,id_usuario_cajero,fecha_operacion,observacion,estado_registro) VALUES (80,80,'TARJETA',120.00,'OP-20260624-00080',5,'2026-06-24 08:00:00','Pago de consulta atendida.','ACTIVO');
INSERT INTO pago_detalle (id_pago_detalle,id_pago,metodo_pago,monto,numero_operacion,id_usuario_cajero,fecha_operacion,observacion,estado_registro) VALUES (81,81,'YAPE',130.00,'OP-20260624-00081',4,'2026-06-24 08:00:00','Pago de consulta atendida.','ACTIVO');
INSERT INTO pago_detalle (id_pago_detalle,id_pago,metodo_pago,monto,numero_operacion,id_usuario_cajero,fecha_operacion,observacion,estado_registro) VALUES (82,82,'TARJETA',140.00,'OP-20260624-00082',5,'2026-06-24 08:00:00','Pago de consulta atendida.','ACTIVO');
INSERT INTO pago_detalle (id_pago_detalle,id_pago,metodo_pago,monto,numero_operacion,id_usuario_cajero,fecha_operacion,observacion,estado_registro) VALUES (83,83,'YAPE',80.00,'OP-20260624-00083',4,'2026-06-24 08:00:00','Pago de consulta atendida.','ACTIVO');
INSERT INTO pago_detalle (id_pago_detalle,id_pago,metodo_pago,monto,numero_operacion,id_usuario_cajero,fecha_operacion,observacion,estado_registro) VALUES (84,84,'YAPE',110.00,'OP-20260624-00084',5,'2026-06-24 08:00:00','Pago de consulta atendida.','ACTIVO');
INSERT INTO pago_detalle (id_pago_detalle,id_pago,metodo_pago,monto,numero_operacion,id_usuario_cajero,fecha_operacion,observacion,estado_registro) VALUES (85,85,'EFECTIVO',60.00,NULL,4,'2026-06-24 08:00:00','Pago de consulta atendida.','ACTIVO');
INSERT INTO pago_detalle (id_pago_detalle,id_pago,metodo_pago,monto,numero_operacion,id_usuario_cajero,fecha_operacion,observacion,estado_registro) VALUES (86,86,'TARJETA',140.00,'OP-20260625-00086',4,'2026-06-25 08:00:00','Pago de consulta atendida.','ACTIVO');
INSERT INTO pago_detalle (id_pago_detalle,id_pago,metodo_pago,monto,numero_operacion,id_usuario_cajero,fecha_operacion,observacion,estado_registro) VALUES (87,87,'EFECTIVO',80.00,NULL,5,'2026-06-25 08:00:00','Pago de consulta atendida.','ACTIVO');
INSERT INTO pago_detalle (id_pago_detalle,id_pago,metodo_pago,monto,numero_operacion,id_usuario_cajero,fecha_operacion,observacion,estado_registro) VALUES (88,88,'YAPE',110.00,'OP-20260625-00088',4,'2026-06-25 08:00:00','Pago de consulta atendida.','ACTIVO');
INSERT INTO pago_detalle (id_pago_detalle,id_pago,metodo_pago,monto,numero_operacion,id_usuario_cajero,fecha_operacion,observacion,estado_registro) VALUES (89,89,'TARJETA',60.00,'OP-20260625-00089',5,'2026-06-25 08:00:00','Pago de consulta atendida.','ACTIVO');
INSERT INTO pago_detalle (id_pago_detalle,id_pago,metodo_pago,monto,numero_operacion,id_usuario_cajero,fecha_operacion,observacion,estado_registro) VALUES (90,90,'TARJETA',80.00,'OP-20260625-00090',4,'2026-06-25 08:00:00','Pago de consulta atendida.','ACTIVO');
INSERT INTO pago_detalle (id_pago_detalle,id_pago,metodo_pago,monto,numero_operacion,id_usuario_cajero,fecha_operacion,observacion,estado_registro) VALUES (91,91,'EFECTIVO',120.00,NULL,5,'2026-06-25 08:00:00','Pago de consulta atendida.','ACTIVO');
INSERT INTO pago_detalle (id_pago_detalle,id_pago,metodo_pago,monto,numero_operacion,id_usuario_cajero,fecha_operacion,observacion,estado_registro) VALUES (92,92,'EFECTIVO',100.00,NULL,4,'2026-06-25 08:00:00','Pago de consulta atendida.','ACTIVO');
INSERT INTO pago_detalle (id_pago_detalle,id_pago,metodo_pago,monto,numero_operacion,id_usuario_cajero,fecha_operacion,observacion,estado_registro) VALUES (93,93,'TARJETA',60.00,'OP-20260626-00093',4,'2026-06-26 08:00:00','Pago de consulta atendida.','ACTIVO');
INSERT INTO pago_detalle (id_pago_detalle,id_pago,metodo_pago,monto,numero_operacion,id_usuario_cajero,fecha_operacion,observacion,estado_registro) VALUES (94,94,'EFECTIVO',80.00,NULL,5,'2026-06-26 08:00:00','Pago de consulta atendida.','ACTIVO');
INSERT INTO pago_detalle (id_pago_detalle,id_pago,metodo_pago,monto,numero_operacion,id_usuario_cajero,fecha_operacion,observacion,estado_registro) VALUES (95,95,'TARJETA',120.00,'OP-20260626-00095',4,'2026-06-26 08:00:00','Pago de consulta atendida.','ACTIVO');
INSERT INTO pago_detalle (id_pago_detalle,id_pago,metodo_pago,monto,numero_operacion,id_usuario_cajero,fecha_operacion,observacion,estado_registro) VALUES (96,96,'PLIN',100.00,'OP-20260626-00096',5,'2026-06-26 08:00:00','Pago de consulta atendida.','ACTIVO');
INSERT INTO pago_detalle (id_pago_detalle,id_pago,metodo_pago,monto,numero_operacion,id_usuario_cajero,fecha_operacion,observacion,estado_registro) VALUES (97,97,'PLIN',100.00,'OP-20260626-00097',4,'2026-06-26 08:00:00','Pago de consulta atendida.','ACTIVO');
INSERT INTO pago_detalle (id_pago_detalle,id_pago,metodo_pago,monto,numero_operacion,id_usuario_cajero,fecha_operacion,observacion,estado_registro) VALUES (98,98,'TARJETA',110.00,'OP-20260626-00098',5,'2026-06-26 08:00:00','Pago de consulta atendida.','ACTIVO');
INSERT INTO pago_detalle (id_pago_detalle,id_pago,metodo_pago,monto,numero_operacion,id_usuario_cajero,fecha_operacion,observacion,estado_registro) VALUES (99,99,'TARJETA',60.00,'OP-20260626-00099',4,'2026-06-26 08:00:00','Pago de consulta atendida.','ACTIVO');
INSERT INTO pago_detalle (id_pago_detalle,id_pago,metodo_pago,monto,numero_operacion,id_usuario_cajero,fecha_operacion,observacion,estado_registro) VALUES (100,100,'TARJETA',100.00,'OP-20260627-00100',4,'2026-06-27 08:00:00','Pago de consulta atendida.','ACTIVO');
INSERT INTO pago_detalle (id_pago_detalle,id_pago,metodo_pago,monto,numero_operacion,id_usuario_cajero,fecha_operacion,observacion,estado_registro) VALUES (101,101,'EFECTIVO',100.00,NULL,5,'2026-06-27 08:00:00','Pago de consulta atendida.','ACTIVO');
INSERT INTO pago_detalle (id_pago_detalle,id_pago,metodo_pago,monto,numero_operacion,id_usuario_cajero,fecha_operacion,observacion,estado_registro) VALUES (102,102,'EFECTIVO',110.00,NULL,4,'2026-06-27 08:00:00','Pago de consulta atendida.','ACTIVO');
INSERT INTO pago_detalle (id_pago_detalle,id_pago,metodo_pago,monto,numero_operacion,id_usuario_cajero,fecha_operacion,observacion,estado_registro) VALUES (103,103,'EFECTIVO',60.00,NULL,5,'2026-06-27 08:00:00','Pago de consulta atendida.','ACTIVO');
INSERT INTO pago_detalle (id_pago_detalle,id_pago,metodo_pago,monto,numero_operacion,id_usuario_cajero,fecha_operacion,observacion,estado_registro) VALUES (104,104,'TARJETA',140.00,'OP-20260629-00104',4,'2026-06-29 08:00:00','Pago de consulta atendida.','ACTIVO');
INSERT INTO pago_detalle (id_pago_detalle,id_pago,metodo_pago,monto,numero_operacion,id_usuario_cajero,fecha_operacion,observacion,estado_registro) VALUES (105,105,'YAPE',80.00,'OP-20260629-00105',5,'2026-06-29 08:00:00','Pago de consulta atendida.','ACTIVO');
INSERT INTO pago_detalle (id_pago_detalle,id_pago,metodo_pago,monto,numero_operacion,id_usuario_cajero,fecha_operacion,observacion,estado_registro) VALUES (106,106,'PLIN',110.00,'OP-20260629-00106',4,'2026-06-29 08:00:00','Pago de consulta atendida.','ACTIVO');
INSERT INTO pago_detalle (id_pago_detalle,id_pago,metodo_pago,monto,numero_operacion,id_usuario_cajero,fecha_operacion,observacion,estado_registro) VALUES (107,107,'PLIN',60.00,'OP-20260629-00107',5,'2026-06-29 08:00:00','Pago de consulta atendida.','ACTIVO');
INSERT INTO pago_detalle (id_pago_detalle,id_pago,metodo_pago,monto,numero_operacion,id_usuario_cajero,fecha_operacion,observacion,estado_registro) VALUES (108,108,'TARJETA',80.00,'OP-20260629-00108',4,'2026-06-29 08:00:00','Pago de consulta atendida.','ACTIVO');
INSERT INTO pago_detalle (id_pago_detalle,id_pago,metodo_pago,monto,numero_operacion,id_usuario_cajero,fecha_operacion,observacion,estado_registro) VALUES (109,109,'YAPE',120.00,'OP-20260629-00109',5,'2026-06-29 08:00:00','Pago de consulta atendida.','ACTIVO');
INSERT INTO pago_detalle (id_pago_detalle,id_pago,metodo_pago,monto,numero_operacion,id_usuario_cajero,fecha_operacion,observacion,estado_registro) VALUES (110,110,'PLIN',100.00,'OP-20260629-00110',4,'2026-06-29 08:00:00','Pago de consulta atendida.','ACTIVO');
INSERT INTO pago_detalle (id_pago_detalle,id_pago,metodo_pago,monto,numero_operacion,id_usuario_cajero,fecha_operacion,observacion,estado_registro) VALUES (111,111,'PLIN',60.00,'OP-20260630-00111',4,'2026-06-30 08:00:00','Pago de consulta atendida.','ACTIVO');
INSERT INTO pago_detalle (id_pago_detalle,id_pago,metodo_pago,monto,numero_operacion,id_usuario_cajero,fecha_operacion,observacion,estado_registro) VALUES (112,112,'TARJETA',80.00,'OP-20260630-00112',5,'2026-06-30 08:00:00','Pago de consulta atendida.','ACTIVO');
INSERT INTO pago_detalle (id_pago_detalle,id_pago,metodo_pago,monto,numero_operacion,id_usuario_cajero,fecha_operacion,observacion,estado_registro) VALUES (113,113,'PLIN',120.00,'OP-20260630-00113',4,'2026-06-30 08:00:00','Pago de consulta atendida.','ACTIVO');
INSERT INTO pago_detalle (id_pago_detalle,id_pago,metodo_pago,monto,numero_operacion,id_usuario_cajero,fecha_operacion,observacion,estado_registro) VALUES (114,114,'TARJETA',100.00,'OP-20260630-00114',5,'2026-06-30 08:00:00','Pago de consulta atendida.','ACTIVO');
INSERT INTO pago_detalle (id_pago_detalle,id_pago,metodo_pago,monto,numero_operacion,id_usuario_cajero,fecha_operacion,observacion,estado_registro) VALUES (115,115,'TARJETA',100.00,'OP-20260630-00115',4,'2026-06-30 08:00:00','Pago de consulta atendida.','ACTIVO');
INSERT INTO pago_detalle (id_pago_detalle,id_pago,metodo_pago,monto,numero_operacion,id_usuario_cajero,fecha_operacion,observacion,estado_registro) VALUES (116,116,'PLIN',110.00,'OP-20260630-00116',5,'2026-06-30 08:00:00','Pago de consulta atendida.','ACTIVO');
INSERT INTO pago_detalle (id_pago_detalle,id_pago,metodo_pago,monto,numero_operacion,id_usuario_cajero,fecha_operacion,observacion,estado_registro) VALUES (117,117,'YAPE',60.00,'OP-20260630-00117',4,'2026-06-30 08:00:00','Pago de consulta atendida.','ACTIVO');
INSERT INTO pago_detalle (id_pago_detalle,id_pago,metodo_pago,monto,numero_operacion,id_usuario_cajero,fecha_operacion,observacion,estado_registro) VALUES (118,118,'YAPE',100.00,'OP-20260701-00118',4,'2026-07-01 08:00:00','Pago de consulta atendida.','ACTIVO');
INSERT INTO pago_detalle (id_pago_detalle,id_pago,metodo_pago,monto,numero_operacion,id_usuario_cajero,fecha_operacion,observacion,estado_registro) VALUES (119,119,'EFECTIVO',100.00,NULL,5,'2026-07-01 08:00:00','Pago de consulta atendida.','ACTIVO');
INSERT INTO pago_detalle (id_pago_detalle,id_pago,metodo_pago,monto,numero_operacion,id_usuario_cajero,fecha_operacion,observacion,estado_registro) VALUES (120,120,'PLIN',110.00,'OP-20260701-00120',4,'2026-07-01 08:00:00','Pago de consulta atendida.','ACTIVO');
INSERT INTO pago_detalle (id_pago_detalle,id_pago,metodo_pago,monto,numero_operacion,id_usuario_cajero,fecha_operacion,observacion,estado_registro) VALUES (121,121,'YAPE',60.00,'OP-20260701-00121',5,'2026-07-01 08:00:00','Pago de consulta atendida.','ACTIVO');
INSERT INTO pago_detalle (id_pago_detalle,id_pago,metodo_pago,monto,numero_operacion,id_usuario_cajero,fecha_operacion,observacion,estado_registro) VALUES (122,122,'PLIN',120.00,'OP-20260701-00122',4,'2026-07-01 08:00:00','Pago de consulta atendida.','ACTIVO');
INSERT INTO pago_detalle (id_pago_detalle,id_pago,metodo_pago,monto,numero_operacion,id_usuario_cajero,fecha_operacion,observacion,estado_registro) VALUES (123,123,'EFECTIVO',130.00,NULL,5,'2026-07-01 08:00:00','Pago de consulta atendida.','ACTIVO');
INSERT INTO pago_detalle (id_pago_detalle,id_pago,metodo_pago,monto,numero_operacion,id_usuario_cajero,fecha_operacion,observacion,estado_registro) VALUES (124,124,'PLIN',140.00,'OP-20260701-00124',4,'2026-07-01 08:00:00','Pago de consulta atendida.','ACTIVO');
INSERT INTO pago_detalle (id_pago_detalle,id_pago,metodo_pago,monto,numero_operacion,id_usuario_cajero,fecha_operacion,observacion,estado_registro) VALUES (125,125,'PLIN',60.00,'OP-20260702-00125',4,'2026-07-02 08:00:00','Pago de consulta atendida.','ACTIVO');
INSERT INTO pago_detalle (id_pago_detalle,id_pago,metodo_pago,monto,numero_operacion,id_usuario_cajero,fecha_operacion,observacion,estado_registro) VALUES (126,126,'EFECTIVO',120.00,NULL,5,'2026-07-02 08:00:00','Pago de consulta atendida.','ACTIVO');
INSERT INTO pago_detalle (id_pago_detalle,id_pago,metodo_pago,monto,numero_operacion,id_usuario_cajero,fecha_operacion,observacion,estado_registro) VALUES (127,127,'YAPE',130.00,'OP-20260702-00127',4,'2026-07-02 08:00:00','Pago de consulta atendida.','ACTIVO');
INSERT INTO pago_detalle (id_pago_detalle,id_pago,metodo_pago,monto,numero_operacion,id_usuario_cajero,fecha_operacion,observacion,estado_registro) VALUES (128,128,'TARJETA',140.00,'OP-20260702-00128',5,'2026-07-02 08:00:00','Pago de consulta atendida.','ACTIVO');
INSERT INTO pago_detalle (id_pago_detalle,id_pago,metodo_pago,monto,numero_operacion,id_usuario_cajero,fecha_operacion,observacion,estado_registro) VALUES (129,129,'EFECTIVO',80.00,NULL,4,'2026-07-02 08:00:00','Pago de consulta atendida.','ACTIVO');
INSERT INTO pago_detalle (id_pago_detalle,id_pago,metodo_pago,monto,numero_operacion,id_usuario_cajero,fecha_operacion,observacion,estado_registro) VALUES (130,130,'TARJETA',110.00,'OP-20260702-00130',5,'2026-07-02 08:00:00','Pago de consulta atendida.','ACTIVO');
INSERT INTO pago_detalle (id_pago_detalle,id_pago,metodo_pago,monto,numero_operacion,id_usuario_cajero,fecha_operacion,observacion,estado_registro) VALUES (131,131,'YAPE',60.00,'OP-20260702-00131',4,'2026-07-02 08:00:00','Pago de consulta atendida.','ACTIVO');
INSERT INTO pago_detalle (id_pago_detalle,id_pago,metodo_pago,monto,numero_operacion,id_usuario_cajero,fecha_operacion,observacion,estado_registro) VALUES (132,132,'TARJETA',140.00,'OP-20260703-00132',4,'2026-07-03 08:00:00','Pago de consulta atendida.','ACTIVO');
INSERT INTO pago_detalle (id_pago_detalle,id_pago,metodo_pago,monto,numero_operacion,id_usuario_cajero,fecha_operacion,observacion,estado_registro) VALUES (133,133,'TARJETA',80.00,'OP-20260703-00133',5,'2026-07-03 08:00:00','Pago de consulta atendida.','ACTIVO');
INSERT INTO pago_detalle (id_pago_detalle,id_pago,metodo_pago,monto,numero_operacion,id_usuario_cajero,fecha_operacion,observacion,estado_registro) VALUES (134,134,'PLIN',110.00,'OP-20260703-00134',4,'2026-07-03 08:00:00','Pago de consulta atendida.','ACTIVO');
INSERT INTO pago_detalle (id_pago_detalle,id_pago,metodo_pago,monto,numero_operacion,id_usuario_cajero,fecha_operacion,observacion,estado_registro) VALUES (135,135,'PLIN',60.00,'OP-20260703-00135',5,'2026-07-03 08:00:00','Pago de consulta atendida.','ACTIVO');
INSERT INTO pago_detalle (id_pago_detalle,id_pago,metodo_pago,monto,numero_operacion,id_usuario_cajero,fecha_operacion,observacion,estado_registro) VALUES (136,136,'EFECTIVO',80.00,NULL,4,'2026-07-03 08:00:00','Pago de consulta atendida.','ACTIVO');
INSERT INTO pago_detalle (id_pago_detalle,id_pago,metodo_pago,monto,numero_operacion,id_usuario_cajero,fecha_operacion,observacion,estado_registro) VALUES (137,137,'TARJETA',120.00,'OP-20260703-00137',5,'2026-07-03 08:00:00','Pago de consulta atendida.','ACTIVO');
INSERT INTO pago_detalle (id_pago_detalle,id_pago,metodo_pago,monto,numero_operacion,id_usuario_cajero,fecha_operacion,observacion,estado_registro) VALUES (138,138,'TARJETA',100.00,'OP-20260703-00138',4,'2026-07-03 08:00:00','Pago de consulta atendida.','ACTIVO');
INSERT INTO pago_detalle (id_pago_detalle,id_pago,metodo_pago,monto,numero_operacion,id_usuario_cajero,fecha_operacion,observacion,estado_registro) VALUES (139,139,'EFECTIVO',60.00,NULL,4,'2026-07-04 08:00:00','Pago de consulta atendida.','ACTIVO');
INSERT INTO pago_detalle (id_pago_detalle,id_pago,metodo_pago,monto,numero_operacion,id_usuario_cajero,fecha_operacion,observacion,estado_registro) VALUES (140,140,'EFECTIVO',80.00,NULL,5,'2026-07-04 08:00:00','Pago de consulta atendida.','ACTIVO');
INSERT INTO pago_detalle (id_pago_detalle,id_pago,metodo_pago,monto,numero_operacion,id_usuario_cajero,fecha_operacion,observacion,estado_registro) VALUES (141,141,'PLIN',120.00,'OP-20260704-00141',4,'2026-07-04 08:00:00','Pago de consulta atendida.','ACTIVO');
INSERT INTO pago_detalle (id_pago_detalle,id_pago,metodo_pago,monto,numero_operacion,id_usuario_cajero,fecha_operacion,observacion,estado_registro) VALUES (142,142,'PLIN',100.00,'OP-20260704-00142',5,'2026-07-04 08:00:00','Pago de consulta atendida.','ACTIVO');
INSERT INTO pago_detalle (id_pago_detalle,id_pago,metodo_pago,monto,numero_operacion,id_usuario_cajero,fecha_operacion,observacion,estado_registro) VALUES (143,143,'TARJETA',60.00,'OP-20260706-00143',4,'2026-07-06 08:00:00','Pago de consulta atendida.','ACTIVO');
INSERT INTO pago_detalle (id_pago_detalle,id_pago,metodo_pago,monto,numero_operacion,id_usuario_cajero,fecha_operacion,observacion,estado_registro) VALUES (144,144,'TARJETA',120.00,'OP-20260706-00144',5,'2026-07-06 08:00:00','Pago de consulta atendida.','ACTIVO');
INSERT INTO pago_detalle (id_pago_detalle,id_pago,metodo_pago,monto,numero_operacion,id_usuario_cajero,fecha_operacion,observacion,estado_registro) VALUES (145,145,'TARJETA',130.00,'OP-20260706-00145',4,'2026-07-06 08:00:00','Pago de consulta atendida.','ACTIVO');
INSERT INTO pago_detalle (id_pago_detalle,id_pago,metodo_pago,monto,numero_operacion,id_usuario_cajero,fecha_operacion,observacion,estado_registro) VALUES (146,146,'TARJETA',140.00,'OP-20260706-00146',5,'2026-07-06 08:00:00','Pago de consulta atendida.','ACTIVO');
INSERT INTO pago_detalle (id_pago_detalle,id_pago,metodo_pago,monto,numero_operacion,id_usuario_cajero,fecha_operacion,observacion,estado_registro) VALUES (147,147,'YAPE',80.00,'OP-20260706-00147',4,'2026-07-06 08:00:00','Pago de consulta atendida.','ACTIVO');
INSERT INTO pago_detalle (id_pago_detalle,id_pago,metodo_pago,monto,numero_operacion,id_usuario_cajero,fecha_operacion,observacion,estado_registro) VALUES (148,148,'TARJETA',110.00,'OP-20260706-00148',5,'2026-07-06 08:00:00','Pago de consulta atendida.','ACTIVO');
INSERT INTO pago_detalle (id_pago_detalle,id_pago,metodo_pago,monto,numero_operacion,id_usuario_cajero,fecha_operacion,observacion,estado_registro) VALUES (149,149,'PLIN',60.00,'OP-20260706-00149',4,'2026-07-06 08:00:00','Pago de consulta atendida.','ACTIVO');
INSERT INTO pago_detalle (id_pago_detalle,id_pago,metodo_pago,monto,numero_operacion,id_usuario_cajero,fecha_operacion,observacion,estado_registro) VALUES (150,150,'TARJETA',140.00,'OP-20260707-00150',4,'2026-07-07 08:00:00','Pago de consulta atendida.','ACTIVO');
INSERT INTO pago_detalle (id_pago_detalle,id_pago,metodo_pago,monto,numero_operacion,id_usuario_cajero,fecha_operacion,observacion,estado_registro) VALUES (151,151,'YAPE',80.00,'OP-20260707-00151',5,'2026-07-07 08:00:00','Pago de consulta atendida.','ACTIVO');
INSERT INTO pago_detalle (id_pago_detalle,id_pago,metodo_pago,monto,numero_operacion,id_usuario_cajero,fecha_operacion,observacion,estado_registro) VALUES (152,152,'TARJETA',110.00,'OP-20260707-00152',4,'2026-07-07 08:00:00','Pago de consulta atendida.','ACTIVO');
INSERT INTO pago_detalle (id_pago_detalle,id_pago,metodo_pago,monto,numero_operacion,id_usuario_cajero,fecha_operacion,observacion,estado_registro) VALUES (153,153,'EFECTIVO',60.00,NULL,5,'2026-07-07 08:00:00','Pago de consulta atendida.','ACTIVO');
INSERT INTO pago_detalle (id_pago_detalle,id_pago,metodo_pago,monto,numero_operacion,id_usuario_cajero,fecha_operacion,observacion,estado_registro) VALUES (154,154,'PLIN',80.00,'OP-20260707-00154',4,'2026-07-07 08:00:00','Pago de consulta atendida.','ACTIVO');
INSERT INTO pago_detalle (id_pago_detalle,id_pago,metodo_pago,monto,numero_operacion,id_usuario_cajero,fecha_operacion,observacion,estado_registro) VALUES (155,155,'TARJETA',120.00,'OP-20260707-00155',5,'2026-07-07 08:00:00','Pago de consulta atendida.','ACTIVO');
INSERT INTO pago_detalle (id_pago_detalle,id_pago,metodo_pago,monto,numero_operacion,id_usuario_cajero,fecha_operacion,observacion,estado_registro) VALUES (156,156,'TARJETA',100.00,'OP-20260707-00156',4,'2026-07-07 08:00:00','Pago de consulta atendida.','ACTIVO');
INSERT INTO pago_detalle (id_pago_detalle,id_pago,metodo_pago,monto,numero_operacion,id_usuario_cajero,fecha_operacion,observacion,estado_registro) VALUES (157,157,'YAPE',60.00,'OP-20260708-00157',4,'2026-07-08 08:00:00','Pago de consulta atendida.','ACTIVO');
INSERT INTO pago_detalle (id_pago_detalle,id_pago,metodo_pago,monto,numero_operacion,id_usuario_cajero,fecha_operacion,observacion,estado_registro) VALUES (158,158,'YAPE',80.00,'OP-20260708-00158',5,'2026-07-08 08:00:00','Pago de consulta atendida.','ACTIVO');
INSERT INTO pago_detalle (id_pago_detalle,id_pago,metodo_pago,monto,numero_operacion,id_usuario_cajero,fecha_operacion,observacion,estado_registro) VALUES (159,159,'TARJETA',120.00,'OP-20260708-00159',4,'2026-07-08 08:00:00','Pago de consulta atendida.','ACTIVO');
INSERT INTO pago_detalle (id_pago_detalle,id_pago,metodo_pago,monto,numero_operacion,id_usuario_cajero,fecha_operacion,observacion,estado_registro) VALUES (160,160,'TARJETA',100.00,'OP-20260708-00160',5,'2026-07-08 08:00:00','Pago de consulta atendida.','ACTIVO');
INSERT INTO pago_detalle (id_pago_detalle,id_pago,metodo_pago,monto,numero_operacion,id_usuario_cajero,fecha_operacion,observacion,estado_registro) VALUES (161,161,'YAPE',100.00,'OP-20260708-00161',4,'2026-07-08 08:00:00','Pago de consulta atendida.','ACTIVO');
INSERT INTO pago_detalle (id_pago_detalle,id_pago,metodo_pago,monto,numero_operacion,id_usuario_cajero,fecha_operacion,observacion,estado_registro) VALUES (162,162,'PLIN',110.00,'OP-20260708-00162',5,'2026-07-08 08:00:00','Pago de consulta atendida.','ACTIVO');
INSERT INTO pago_detalle (id_pago_detalle,id_pago,metodo_pago,monto,numero_operacion,id_usuario_cajero,fecha_operacion,observacion,estado_registro) VALUES (163,163,'PLIN',60.00,'OP-20260708-00163',4,'2026-07-08 08:00:00','Pago de consulta atendida.','ACTIVO');
INSERT INTO pago_detalle (id_pago_detalle,id_pago,metodo_pago,monto,numero_operacion,id_usuario_cajero,fecha_operacion,observacion,estado_registro) VALUES (164,164,'TARJETA',100.00,'OP-20260709-00164',4,'2026-07-09 08:00:00','Pago de consulta atendida.','ACTIVO');
INSERT INTO pago_detalle (id_pago_detalle,id_pago,metodo_pago,monto,numero_operacion,id_usuario_cajero,fecha_operacion,observacion,estado_registro) VALUES (165,165,'TARJETA',100.00,'OP-20260709-00165',5,'2026-07-09 08:00:00','Pago de consulta atendida.','ACTIVO');
INSERT INTO pago_detalle (id_pago_detalle,id_pago,metodo_pago,monto,numero_operacion,id_usuario_cajero,fecha_operacion,observacion,estado_registro) VALUES (166,166,'YAPE',110.00,'OP-20260709-00166',4,'2026-07-09 08:00:00','Pago de consulta atendida.','ACTIVO');
INSERT INTO pago_detalle (id_pago_detalle,id_pago,metodo_pago,monto,numero_operacion,id_usuario_cajero,fecha_operacion,observacion,estado_registro) VALUES (167,167,'PLIN',60.00,'OP-20260709-00167',5,'2026-07-09 08:00:00','Pago de consulta atendida.','ACTIVO');
INSERT INTO pago_detalle (id_pago_detalle,id_pago,metodo_pago,monto,numero_operacion,id_usuario_cajero,fecha_operacion,observacion,estado_registro) VALUES (168,168,'TARJETA',120.00,'OP-20260709-00168',4,'2026-07-09 08:00:00','Pago de consulta atendida.','ACTIVO');
INSERT INTO pago_detalle (id_pago_detalle,id_pago,metodo_pago,monto,numero_operacion,id_usuario_cajero,fecha_operacion,observacion,estado_registro) VALUES (169,169,'EFECTIVO',130.00,NULL,5,'2026-07-09 08:00:00','Pago de consulta atendida.','ACTIVO');
INSERT INTO pago_detalle (id_pago_detalle,id_pago,metodo_pago,monto,numero_operacion,id_usuario_cajero,fecha_operacion,observacion,estado_registro) VALUES (170,170,'YAPE',140.00,'OP-20260709-00170',4,'2026-07-09 08:00:00','Pago de consulta atendida.','ACTIVO');
INSERT INTO pago_detalle (id_pago_detalle,id_pago,metodo_pago,monto,numero_operacion,id_usuario_cajero,fecha_operacion,observacion,estado_registro) VALUES (171,171,'TARJETA',60.00,'OP-20260710-00171',4,'2026-07-10 08:00:00','Pago de consulta atendida.','ACTIVO');
INSERT INTO pago_detalle (id_pago_detalle,id_pago,metodo_pago,monto,numero_operacion,id_usuario_cajero,fecha_operacion,observacion,estado_registro) VALUES (172,172,'EFECTIVO',120.00,NULL,5,'2026-07-10 08:00:00','Pago de consulta atendida.','ACTIVO');
INSERT INTO pago_detalle (id_pago_detalle,id_pago,metodo_pago,monto,numero_operacion,id_usuario_cajero,fecha_operacion,observacion,estado_registro) VALUES (173,173,'EFECTIVO',130.00,NULL,4,'2026-07-10 08:00:00','Pago de consulta atendida.','ACTIVO');
INSERT INTO pago_detalle (id_pago_detalle,id_pago,metodo_pago,monto,numero_operacion,id_usuario_cajero,fecha_operacion,observacion,estado_registro) VALUES (174,174,'YAPE',140.00,'OP-20260710-00174',5,'2026-07-10 08:00:00','Pago de consulta atendida.','ACTIVO');
INSERT INTO pago_detalle (id_pago_detalle,id_pago,metodo_pago,monto,numero_operacion,id_usuario_cajero,fecha_operacion,observacion,estado_registro) VALUES (175,175,'YAPE',80.00,'OP-20260710-00175',4,'2026-07-10 08:00:00','Pago de consulta atendida.','ACTIVO');
INSERT INTO pago_detalle (id_pago_detalle,id_pago,metodo_pago,monto,numero_operacion,id_usuario_cajero,fecha_operacion,observacion,estado_registro) VALUES (176,176,'PLIN',110.00,'OP-20260710-00176',5,'2026-07-10 08:00:00','Pago de consulta atendida.','ACTIVO');
INSERT INTO pago_detalle (id_pago_detalle,id_pago,metodo_pago,monto,numero_operacion,id_usuario_cajero,fecha_operacion,observacion,estado_registro) VALUES (177,177,'EFECTIVO',60.00,NULL,4,'2026-07-10 08:00:00','Pago de consulta atendida.','ACTIVO');
INSERT INTO pago_detalle (id_pago_detalle,id_pago,metodo_pago,monto,numero_operacion,id_usuario_cajero,fecha_operacion,observacion,estado_registro) VALUES (178,179,'YAPE',60.00,'OP-FUT-00179',4,'2026-07-10 10:00:00','Adelanto o pago anticipado.','ACTIVO');
INSERT INTO pago_detalle (id_pago_detalle,id_pago,metodo_pago,monto,numero_operacion,id_usuario_cajero,fecha_operacion,observacion,estado_registro) VALUES (179,180,'TARJETA',100.00,'TAR-00180',5,'2026-07-10 11:00:00','Adelanto o pago anticipado.','ACTIVO');
INSERT INTO pago_detalle (id_pago_detalle,id_pago,metodo_pago,monto,numero_operacion,id_usuario_cajero,fecha_operacion,observacion,estado_registro) VALUES (180,181,'TARJETA',80.00,'TAR-00181',5,'2026-07-10 11:00:00','Adelanto o pago anticipado.','ACTIVO');
INSERT INTO pago_detalle (id_pago_detalle,id_pago,metodo_pago,monto,numero_operacion,id_usuario_cajero,fecha_operacion,observacion,estado_registro) VALUES (181,184,'YAPE',50.00,'OP-FUT-00184',4,'2026-07-10 10:00:00','Adelanto o pago anticipado.','ACTIVO');
INSERT INTO pago_detalle (id_pago_detalle,id_pago,metodo_pago,monto,numero_operacion,id_usuario_cajero,fecha_operacion,observacion,estado_registro) VALUES (182,185,'TARJETA',60.00,'TAR-00185',5,'2026-07-10 11:00:00','Adelanto o pago anticipado.','ACTIVO');
INSERT INTO pago_detalle (id_pago_detalle,id_pago,metodo_pago,monto,numero_operacion,id_usuario_cajero,fecha_operacion,observacion,estado_registro) VALUES (183,189,'YAPE',60.00,'OP-FUT-00189',4,'2026-07-10 10:00:00','Adelanto o pago anticipado.','ACTIVO');
INSERT INTO pago_detalle (id_pago_detalle,id_pago,metodo_pago,monto,numero_operacion,id_usuario_cajero,fecha_operacion,observacion,estado_registro) VALUES (184,190,'TARJETA',140.00,'TAR-00190',5,'2026-07-10 11:00:00','Adelanto o pago anticipado.','ACTIVO');
INSERT INTO pago_detalle (id_pago_detalle,id_pago,metodo_pago,monto,numero_operacion,id_usuario_cajero,fecha_operacion,observacion,estado_registro) VALUES (185,194,'YAPE',40.00,'OP-FUT-00194',4,'2026-07-10 10:00:00','Adelanto o pago anticipado.','ACTIVO');
INSERT INTO pago_detalle (id_pago_detalle,id_pago,metodo_pago,monto,numero_operacion,id_usuario_cajero,fecha_operacion,observacion,estado_registro) VALUES (186,195,'TARJETA',60.00,'TAR-00195',5,'2026-07-10 11:00:00','Adelanto o pago anticipado.','ACTIVO');
INSERT INTO pago_detalle (id_pago_detalle,id_pago,metodo_pago,monto,numero_operacion,id_usuario_cajero,fecha_operacion,observacion,estado_registro) VALUES (187,198,'YAPE',30.00,'OP-FUT-00198',4,'2026-07-10 10:00:00','Adelanto o pago anticipado.','ACTIVO');
INSERT INTO pago_detalle (id_pago_detalle,id_pago,metodo_pago,monto,numero_operacion,id_usuario_cajero,fecha_operacion,observacion,estado_registro) VALUES (188,199,'YAPE',40.00,'OP-FUT-00199',4,'2026-07-10 10:00:00','Adelanto o pago anticipado.','ACTIVO');
INSERT INTO pago_detalle (id_pago_detalle,id_pago,metodo_pago,monto,numero_operacion,id_usuario_cajero,fecha_operacion,observacion,estado_registro) VALUES (189,200,'TARJETA',100.00,'TAR-00200',5,'2026-07-10 11:00:00','Adelanto o pago anticipado.','ACTIVO');
INSERT INTO pago_detalle (id_pago_detalle,id_pago,metodo_pago,monto,numero_operacion,id_usuario_cajero,fecha_operacion,observacion,estado_registro) VALUES (190,203,'YAPE',70.00,'OP-FUT-00203',4,'2026-07-10 10:00:00','Adelanto o pago anticipado.','ACTIVO');
INSERT INTO pago_detalle (id_pago_detalle,id_pago,metodo_pago,monto,numero_operacion,id_usuario_cajero,fecha_operacion,observacion,estado_registro) VALUES (191,204,'TARJETA',110.00,'TAR-00204',5,'2026-07-10 11:00:00','Adelanto o pago anticipado.','ACTIVO');
INSERT INTO pago_detalle (id_pago_detalle,id_pago,metodo_pago,monto,numero_operacion,id_usuario_cajero,fecha_operacion,observacion,estado_registro) VALUES (192,205,'TARJETA',60.00,'TAR-00205',5,'2026-07-10 11:00:00','Adelanto o pago anticipado.','ACTIVO');
INSERT INTO pago_detalle (id_pago_detalle,id_pago,metodo_pago,monto,numero_operacion,id_usuario_cajero,fecha_operacion,observacion,estado_registro) VALUES (193,208,'YAPE',30.00,'OP-FUT-00208',4,'2026-07-10 10:00:00','Adelanto o pago anticipado.','ACTIVO');
INSERT INTO pago_detalle (id_pago_detalle,id_pago,metodo_pago,monto,numero_operacion,id_usuario_cajero,fecha_operacion,observacion,estado_registro) VALUES (194,209,'TARJETA',120.00,'TAR-00209',5,'2026-07-10 11:00:00','Adelanto o pago anticipado.','ACTIVO');
INSERT INTO pago_detalle (id_pago_detalle,id_pago,metodo_pago,monto,numero_operacion,id_usuario_cajero,fecha_operacion,observacion,estado_registro) VALUES (195,213,'YAPE',50.00,'OP-FUT-00213',4,'2026-07-10 10:00:00','Adelanto o pago anticipado.','ACTIVO');
INSERT INTO pago_detalle (id_pago_detalle,id_pago,metodo_pago,monto,numero_operacion,id_usuario_cajero,fecha_operacion,observacion,estado_registro) VALUES (196,214,'YAPE',70.00,'OP-FUT-00214',4,'2026-07-10 10:00:00','Adelanto o pago anticipado.','ACTIVO');
INSERT INTO pago_detalle (id_pago_detalle,id_pago,metodo_pago,monto,numero_operacion,id_usuario_cajero,fecha_operacion,observacion,estado_registro) VALUES (197,215,'TARJETA',110.00,'TAR-00215',5,'2026-07-10 11:00:00','Adelanto o pago anticipado.','ACTIVO');
INSERT INTO pago_detalle (id_pago_detalle,id_pago,metodo_pago,monto,numero_operacion,id_usuario_cajero,fecha_operacion,observacion,estado_registro) VALUES (198,218,'YAPE',55.00,'OP-FUT-00218',4,'2026-07-10 10:00:00','Adelanto o pago anticipado.','ACTIVO');
INSERT INTO pago_detalle (id_pago_detalle,id_pago,metodo_pago,monto,numero_operacion,id_usuario_cajero,fecha_operacion,observacion,estado_registro) VALUES (199,219,'TARJETA',120.00,'TAR-00219',5,'2026-07-10 11:00:00','Adelanto o pago anticipado.','ACTIVO');
INSERT INTO pago_detalle (id_pago_detalle,id_pago,metodo_pago,monto,numero_operacion,id_usuario_cajero,fecha_operacion,observacion,estado_registro) VALUES (200,220,'TARJETA',120.00,'TAR-00220',5,'2026-07-10 11:00:00','Adelanto o pago anticipado.','ACTIVO');
INSERT INTO pago_detalle (id_pago_detalle,id_pago,metodo_pago,monto,numero_operacion,id_usuario_cajero,fecha_operacion,observacion,estado_registro) VALUES (201,223,'YAPE',65.00,'OP-FUT-00223',4,'2026-07-10 10:00:00','Adelanto o pago anticipado.','ACTIVO');
INSERT INTO pago_detalle (id_pago_detalle,id_pago,metodo_pago,monto,numero_operacion,id_usuario_cajero,fecha_operacion,observacion,estado_registro) VALUES (202,224,'TARJETA',80.00,'TAR-00224',5,'2026-07-10 11:00:00','Adelanto o pago anticipado.','ACTIVO');
INSERT INTO pago_detalle (id_pago_detalle,id_pago,metodo_pago,monto,numero_operacion,id_usuario_cajero,fecha_operacion,observacion,estado_registro) VALUES (203,228,'YAPE',55.00,'OP-FUT-00228',4,'2026-07-10 10:00:00','Adelanto o pago anticipado.','ACTIVO');
INSERT INTO pago_detalle (id_pago_detalle,id_pago,metodo_pago,monto,numero_operacion,id_usuario_cajero,fecha_operacion,observacion,estado_registro) VALUES (204,229,'TARJETA',80.00,'TAR-00229',5,'2026-07-10 11:00:00','Adelanto o pago anticipado.','ACTIVO');
INSERT INTO pago_detalle (id_pago_detalle,id_pago,metodo_pago,monto,numero_operacion,id_usuario_cajero,fecha_operacion,observacion,estado_registro) VALUES (205,233,'YAPE',60.00,'OP-FUT-00233',4,'2026-07-10 10:00:00','Adelanto o pago anticipado.','ACTIVO');
INSERT INTO pago_detalle (id_pago_detalle,id_pago,metodo_pago,monto,numero_operacion,id_usuario_cajero,fecha_operacion,observacion,estado_registro) VALUES (206,234,'TARJETA',100.00,'TAR-00234',5,'2026-07-10 11:00:00','Adelanto o pago anticipado.','ACTIVO');
INSERT INTO pago_detalle (id_pago_detalle,id_pago,metodo_pago,monto,numero_operacion,id_usuario_cajero,fecha_operacion,observacion,estado_registro) VALUES (207,237,'YAPE',40.00,'OP-FUT-00237',4,'2026-07-10 10:00:00','Adelanto o pago anticipado.','ACTIVO');
INSERT INTO pago_detalle (id_pago_detalle,id_pago,metodo_pago,monto,numero_operacion,id_usuario_cajero,fecha_operacion,observacion,estado_registro) VALUES (208,238,'YAPE',55.00,'OP-FUT-00238',4,'2026-07-10 10:00:00','Adelanto o pago anticipado.','ACTIVO');
INSERT INTO pago_detalle (id_pago_detalle,id_pago,metodo_pago,monto,numero_operacion,id_usuario_cajero,fecha_operacion,observacion,estado_registro) VALUES (209,239,'TARJETA',120.00,'TAR-00239',5,'2026-07-10 11:00:00','Adelanto o pago anticipado.','ACTIVO');
INSERT INTO pago_detalle (id_pago_detalle,id_pago,metodo_pago,monto,numero_operacion,id_usuario_cajero,fecha_operacion,observacion,estado_registro) VALUES (210,242,'YAPE',40.00,'OP-FUT-00242',4,'2026-07-10 10:00:00','Adelanto o pago anticipado.','ACTIVO');
INSERT INTO pago_detalle (id_pago_detalle,id_pago,metodo_pago,monto,numero_operacion,id_usuario_cajero,fecha_operacion,observacion,estado_registro) VALUES (211,243,'TARJETA',100.00,'TAR-00243',5,'2026-07-10 11:00:00','Adelanto o pago anticipado.','ACTIVO');
INSERT INTO pago_detalle (id_pago_detalle,id_pago,metodo_pago,monto,numero_operacion,id_usuario_cajero,fecha_operacion,observacion,estado_registro) VALUES (212,244,'TARJETA',80.00,'TAR-00244',5,'2026-07-10 11:00:00','Adelanto o pago anticipado.','ACTIVO');
INSERT INTO pago_detalle (id_pago_detalle,id_pago,metodo_pago,monto,numero_operacion,id_usuario_cajero,fecha_operacion,observacion,estado_registro) VALUES (213,248,'YAPE',40.00,'OP-FUT-00248',4,'2026-07-10 10:00:00','Adelanto o pago anticipado.','ACTIVO');
INSERT INTO pago_detalle (id_pago_detalle,id_pago,metodo_pago,monto,numero_operacion,id_usuario_cajero,fecha_operacion,observacion,estado_registro) VALUES (214,249,'TARJETA',60.00,'TAR-00249',5,'2026-07-10 11:00:00','Adelanto o pago anticipado.','ACTIVO');
INSERT INTO pago_detalle (id_pago_detalle,id_pago,metodo_pago,monto,numero_operacion,id_usuario_cajero,fecha_operacion,observacion,estado_registro) VALUES (215,252,'YAPE',30.00,'OP-FUT-00252',4,'2026-07-10 10:00:00','Adelanto o pago anticipado.','ACTIVO');
INSERT INTO pago_detalle (id_pago_detalle,id_pago,metodo_pago,monto,numero_operacion,id_usuario_cajero,fecha_operacion,observacion,estado_registro) VALUES (216,253,'YAPE',40.00,'OP-FUT-00253',4,'2026-07-10 10:00:00','Adelanto o pago anticipado.','ACTIVO');
INSERT INTO pago_detalle (id_pago_detalle,id_pago,metodo_pago,monto,numero_operacion,id_usuario_cajero,fecha_operacion,observacion,estado_registro) VALUES (217,254,'TARJETA',100.00,'TAR-00254',5,'2026-07-10 11:00:00','Adelanto o pago anticipado.','ACTIVO');
INSERT INTO pago_detalle (id_pago_detalle,id_pago,metodo_pago,monto,numero_operacion,id_usuario_cajero,fecha_operacion,observacion,estado_registro) VALUES (218,257,'YAPE',70.00,'OP-FUT-00257',4,'2026-07-10 10:00:00','Adelanto o pago anticipado.','ACTIVO');
INSERT INTO pago_detalle (id_pago_detalle,id_pago,metodo_pago,monto,numero_operacion,id_usuario_cajero,fecha_operacion,observacion,estado_registro) VALUES (219,258,'TARJETA',110.00,'TAR-00258',5,'2026-07-10 11:00:00','Adelanto o pago anticipado.','ACTIVO');
INSERT INTO pago_detalle (id_pago_detalle,id_pago,metodo_pago,monto,numero_operacion,id_usuario_cajero,fecha_operacion,observacion,estado_registro) VALUES (220,259,'TARJETA',60.00,'TAR-00259',5,'2026-07-10 11:00:00','Adelanto o pago anticipado.','ACTIVO');
INSERT INTO pago_detalle (id_pago_detalle,id_pago,metodo_pago,monto,numero_operacion,id_usuario_cajero,fecha_operacion,observacion,estado_registro) VALUES (221,262,'YAPE',30.00,'OP-FUT-00262',4,'2026-07-10 10:00:00','Adelanto o pago anticipado.','ACTIVO');
INSERT INTO pago_detalle (id_pago_detalle,id_pago,metodo_pago,monto,numero_operacion,id_usuario_cajero,fecha_operacion,observacion,estado_registro) VALUES (222,263,'TARJETA',120.00,'TAR-00263',5,'2026-07-10 11:00:00','Adelanto o pago anticipado.','ACTIVO');
INSERT INTO pago_detalle (id_pago_detalle,id_pago,metodo_pago,monto,numero_operacion,id_usuario_cajero,fecha_operacion,observacion,estado_registro) VALUES (223,267,'YAPE',50.00,'OP-FUT-00267',4,'2026-07-10 10:00:00','Adelanto o pago anticipado.','ACTIVO');
INSERT INTO pago_detalle (id_pago_detalle,id_pago,metodo_pago,monto,numero_operacion,id_usuario_cajero,fecha_operacion,observacion,estado_registro) VALUES (224,268,'TARJETA',110.00,'TAR-00268',5,'2026-07-10 11:00:00','Adelanto o pago anticipado.','ACTIVO');
INSERT INTO pago_detalle (id_pago_detalle,id_pago,metodo_pago,monto,numero_operacion,id_usuario_cajero,fecha_operacion,observacion,estado_registro) VALUES (225,272,'YAPE',30.00,'OP-FUT-00272',4,'2026-07-10 10:00:00','Adelanto o pago anticipado.','ACTIVO');
INSERT INTO pago_detalle (id_pago_detalle,id_pago,metodo_pago,monto,numero_operacion,id_usuario_cajero,fecha_operacion,observacion,estado_registro) VALUES (226,273,'TARJETA',130.00,'TAR-00273',5,'2026-07-10 11:00:00','Adelanto o pago anticipado.','ACTIVO');
INSERT INTO pago_detalle (id_pago_detalle,id_pago,metodo_pago,monto,numero_operacion,id_usuario_cajero,fecha_operacion,observacion,estado_registro) VALUES (227,276,'YAPE',60.00,'OP-FUT-00276',4,'2026-07-10 10:00:00','Adelanto o pago anticipado.','ACTIVO');
INSERT INTO pago_detalle (id_pago_detalle,id_pago,metodo_pago,monto,numero_operacion,id_usuario_cajero,fecha_operacion,observacion,estado_registro) VALUES (228,277,'YAPE',70.00,'OP-FUT-00277',4,'2026-07-10 10:00:00','Adelanto o pago anticipado.','ACTIVO');
INSERT INTO pago_detalle (id_pago_detalle,id_pago,metodo_pago,monto,numero_operacion,id_usuario_cajero,fecha_operacion,observacion,estado_registro) VALUES (229,278,'TARJETA',110.00,'TAR-00278',5,'2026-07-10 11:00:00','Adelanto o pago anticipado.','ACTIVO');
INSERT INTO pago_detalle (id_pago_detalle,id_pago,metodo_pago,monto,numero_operacion,id_usuario_cajero,fecha_operacion,observacion,estado_registro) VALUES (230,282,'YAPE',55.00,'OP-FUT-00282',4,'2026-07-10 10:00:00','Adelanto o pago anticipado.','ACTIVO');
INSERT INTO pago_detalle (id_pago_detalle,id_pago,metodo_pago,monto,numero_operacion,id_usuario_cajero,fecha_operacion,observacion,estado_registro) VALUES (231,283,'TARJETA',80.00,'TAR-00283',5,'2026-07-10 11:00:00','Adelanto o pago anticipado.','ACTIVO');
INSERT INTO pago_detalle (id_pago_detalle,id_pago,metodo_pago,monto,numero_operacion,id_usuario_cajero,fecha_operacion,observacion,estado_registro) VALUES (232,287,'YAPE',60.00,'OP-FUT-00287',4,'2026-07-10 10:00:00','Adelanto o pago anticipado.','ACTIVO');
INSERT INTO pago_detalle (id_pago_detalle,id_pago,metodo_pago,monto,numero_operacion,id_usuario_cajero,fecha_operacion,observacion,estado_registro) VALUES (233,288,'TARJETA',100.00,'TAR-00288',5,'2026-07-10 11:00:00','Adelanto o pago anticipado.','ACTIVO');
INSERT INTO pago_detalle (id_pago_detalle,id_pago,metodo_pago,monto,numero_operacion,id_usuario_cajero,fecha_operacion,observacion,estado_registro) VALUES (234,291,'YAPE',40.00,'OP-FUT-00291',4,'2026-07-10 10:00:00','Adelanto o pago anticipado.','ACTIVO');
INSERT INTO pago_detalle (id_pago_detalle,id_pago,metodo_pago,monto,numero_operacion,id_usuario_cajero,fecha_operacion,observacion,estado_registro) VALUES (235,292,'YAPE',55.00,'OP-FUT-00292',4,'2026-07-10 10:00:00','Adelanto o pago anticipado.','ACTIVO');
INSERT INTO pago_detalle (id_pago_detalle,id_pago,metodo_pago,monto,numero_operacion,id_usuario_cajero,fecha_operacion,observacion,estado_registro) VALUES (236,293,'TARJETA',120.00,'TAR-00293',5,'2026-07-10 11:00:00','Adelanto o pago anticipado.','ACTIVO');
INSERT INTO pago_detalle (id_pago_detalle,id_pago,metodo_pago,monto,numero_operacion,id_usuario_cajero,fecha_operacion,observacion,estado_registro) VALUES (237,296,'YAPE',40.00,'OP-FUT-00296',4,'2026-07-10 10:00:00','Adelanto o pago anticipado.','ACTIVO');
INSERT INTO pago_detalle (id_pago_detalle,id_pago,metodo_pago,monto,numero_operacion,id_usuario_cajero,fecha_operacion,observacion,estado_registro) VALUES (238,297,'TARJETA',100.00,'TAR-00297',5,'2026-07-10 11:00:00','Adelanto o pago anticipado.','ACTIVO');
INSERT INTO pago_detalle (id_pago_detalle,id_pago,metodo_pago,monto,numero_operacion,id_usuario_cajero,fecha_operacion,observacion,estado_registro) VALUES (239,298,'TARJETA',80.00,'TAR-00298',5,'2026-07-10 11:00:00','Adelanto o pago anticipado.','ACTIVO');
INSERT INTO pago_detalle (id_pago_detalle,id_pago,metodo_pago,monto,numero_operacion,id_usuario_cajero,fecha_operacion,observacion,estado_registro) VALUES (240,301,'YAPE',50.00,'OP-FUT-00301',4,'2026-07-10 10:00:00','Adelanto o pago anticipado.','ACTIVO');
INSERT INTO pago_detalle (id_pago_detalle,id_pago,metodo_pago,monto,numero_operacion,id_usuario_cajero,fecha_operacion,observacion,estado_registro) VALUES (241,302,'TARJETA',60.00,'TAR-00302',5,'2026-07-10 11:00:00','Adelanto o pago anticipado.','ACTIVO');
INSERT INTO pago_detalle (id_pago_detalle,id_pago,metodo_pago,monto,numero_operacion,id_usuario_cajero,fecha_operacion,observacion,estado_registro) VALUES (242,306,'YAPE',60.00,'OP-FUT-00306',4,'2026-07-10 10:00:00','Adelanto o pago anticipado.','ACTIVO');
INSERT INTO pago_detalle (id_pago_detalle,id_pago,metodo_pago,monto,numero_operacion,id_usuario_cajero,fecha_operacion,observacion,estado_registro) VALUES (243,307,'TARJETA',140.00,'TAR-00307',5,'2026-07-10 11:00:00','Adelanto o pago anticipado.','ACTIVO');
INSERT INTO pago_detalle (id_pago_detalle,id_pago,metodo_pago,monto,numero_operacion,id_usuario_cajero,fecha_operacion,observacion,estado_registro) VALUES (244,311,'YAPE',40.00,'OP-FUT-00311',4,'2026-07-10 10:00:00','Adelanto o pago anticipado.','ACTIVO');
INSERT INTO pago_detalle (id_pago_detalle,id_pago,metodo_pago,monto,numero_operacion,id_usuario_cajero,fecha_operacion,observacion,estado_registro) VALUES (245,312,'TARJETA',60.00,'TAR-00312',5,'2026-07-10 11:00:00','Adelanto o pago anticipado.','ACTIVO');
INSERT INTO pago_detalle (id_pago_detalle,id_pago,metodo_pago,monto,numero_operacion,id_usuario_cajero,fecha_operacion,observacion,estado_registro) VALUES (246,313,'TARJETA',60.00,'TAR-00313',5,'2026-07-10 11:00:00','Adelanto o pago anticipado.','ACTIVO');
INSERT INTO pago_detalle (id_pago_detalle,id_pago,metodo_pago,monto,numero_operacion,id_usuario_cajero,fecha_operacion,observacion,estado_registro) VALUES (247,316,'YAPE',30.00,'OP-FUT-00316',4,'2026-07-10 10:00:00','Adelanto o pago anticipado.','ACTIVO');
INSERT INTO pago_detalle (id_pago_detalle,id_pago,metodo_pago,monto,numero_operacion,id_usuario_cajero,fecha_operacion,observacion,estado_registro) VALUES (248,317,'TARJETA',120.00,'TAR-00317',5,'2026-07-10 11:00:00','Adelanto o pago anticipado.','ACTIVO');
INSERT INTO pago_detalle (id_pago_detalle,id_pago,metodo_pago,monto,numero_operacion,id_usuario_cajero,fecha_operacion,observacion,estado_registro) VALUES (249,321,'YAPE',50.00,'OP-FUT-00321',4,'2026-07-10 10:00:00','Adelanto o pago anticipado.','ACTIVO');
INSERT INTO pago_detalle (id_pago_detalle,id_pago,metodo_pago,monto,numero_operacion,id_usuario_cajero,fecha_operacion,observacion,estado_registro) VALUES (250,322,'TARJETA',110.00,'TAR-00322',5,'2026-07-10 11:00:00','Adelanto o pago anticipado.','ACTIVO');

-- Atenciones médicas históricas
INSERT INTO atencion_medica (id_atencion,id_cita,id_medico,id_paciente,codigo_historia,motivo_consulta,sintomas,diagnostico,tratamiento,receta_medica,indicaciones,fecha_atencion,estado_registro) VALUES (1,1,1,1,'70000001','Consulta externa','Signos y síntomas evaluados.','Evaluación médica satisfactoria.','Tratamiento y recomendaciones registradas.','Receta registrada según evaluación: medicación indicada y control según evolución.','Tomar medicamentos según indicación, mantener hidratación y acudir a control si los síntomas persisten.','2026-06-10 08:00:00','ACTIVO');
INSERT INTO atencion_medica (id_atencion,id_cita,id_medico,id_paciente,codigo_historia,motivo_consulta,sintomas,diagnostico,tratamiento,receta_medica,indicaciones,fecha_atencion,estado_registro) VALUES (2,2,2,2,'70000002','Consulta externa','Signos y síntomas evaluados.','Evaluación médica satisfactoria.','Tratamiento y recomendaciones registradas.','Receta registrada según evaluación: medicación indicada y control según evolución.','Tomar medicamentos según indicación, mantener hidratación y acudir a control si los síntomas persisten.','2026-06-10 08:00:00','ACTIVO');
INSERT INTO atencion_medica (id_atencion,id_cita,id_medico,id_paciente,codigo_historia,motivo_consulta,sintomas,diagnostico,tratamiento,receta_medica,indicaciones,fecha_atencion,estado_registro) VALUES (3,3,3,3,'70000003','Consulta externa','Signos y síntomas evaluados.','Evaluación médica satisfactoria.','Tratamiento y recomendaciones registradas.','Receta registrada según evaluación: medicación indicada y control según evolución.','Tomar medicamentos según indicación, mantener hidratación y acudir a control si los síntomas persisten.','2026-06-10 08:00:00','ACTIVO');
INSERT INTO atencion_medica (id_atencion,id_cita,id_medico,id_paciente,codigo_historia,motivo_consulta,sintomas,diagnostico,tratamiento,receta_medica,indicaciones,fecha_atencion,estado_registro) VALUES (4,4,4,4,'70000004','Consulta externa','Signos y síntomas evaluados.','Evaluación médica satisfactoria.','Tratamiento y recomendaciones registradas.','Receta registrada según evaluación: medicación indicada y control según evolución.','Tomar medicamentos según indicación, mantener hidratación y acudir a control si los síntomas persisten.','2026-06-10 08:00:00','ACTIVO');
INSERT INTO atencion_medica (id_atencion,id_cita,id_medico,id_paciente,codigo_historia,motivo_consulta,sintomas,diagnostico,tratamiento,receta_medica,indicaciones,fecha_atencion,estado_registro) VALUES (5,5,5,5,'70000005','Consulta externa','Signos y síntomas evaluados.','Evaluación médica satisfactoria.','Tratamiento y recomendaciones registradas.','Receta registrada según evaluación: medicación indicada y control según evolución.','Tomar medicamentos según indicación, mantener hidratación y acudir a control si los síntomas persisten.','2026-06-10 08:00:00','ACTIVO');
INSERT INTO atencion_medica (id_atencion,id_cita,id_medico,id_paciente,codigo_historia,motivo_consulta,sintomas,diagnostico,tratamiento,receta_medica,indicaciones,fecha_atencion,estado_registro) VALUES (6,6,6,6,'70000006','Consulta externa','Signos y síntomas evaluados.','Evaluación médica satisfactoria.','Tratamiento y recomendaciones registradas.','Receta registrada según evaluación: medicación indicada y control según evolución.','Tomar medicamentos según indicación, mantener hidratación y acudir a control si los síntomas persisten.','2026-06-10 08:00:00','ACTIVO');
INSERT INTO atencion_medica (id_atencion,id_cita,id_medico,id_paciente,codigo_historia,motivo_consulta,sintomas,diagnostico,tratamiento,receta_medica,indicaciones,fecha_atencion,estado_registro) VALUES (7,7,7,7,'70000007','Consulta externa','Signos y síntomas evaluados.','Evaluación médica satisfactoria.','Tratamiento y recomendaciones registradas.','Receta registrada según evaluación: medicación indicada y control según evolución.','Tomar medicamentos según indicación, mantener hidratación y acudir a control si los síntomas persisten.','2026-06-10 08:00:00','ACTIVO');
INSERT INTO atencion_medica (id_atencion,id_cita,id_medico,id_paciente,codigo_historia,motivo_consulta,sintomas,diagnostico,tratamiento,receta_medica,indicaciones,fecha_atencion,estado_registro) VALUES (8,8,4,8,'70000008','Consulta externa','Signos y síntomas evaluados.','Evaluación médica satisfactoria.','Tratamiento y recomendaciones registradas.','Receta registrada según evaluación: medicación indicada y control según evolución.','Tomar medicamentos según indicación, mantener hidratación y acudir a control si los síntomas persisten.','2026-06-11 08:00:00','ACTIVO');
INSERT INTO atencion_medica (id_atencion,id_cita,id_medico,id_paciente,codigo_historia,motivo_consulta,sintomas,diagnostico,tratamiento,receta_medica,indicaciones,fecha_atencion,estado_registro) VALUES (9,9,5,9,'70000009','Consulta externa','Signos y síntomas evaluados.','Evaluación médica satisfactoria.','Tratamiento y recomendaciones registradas.','Receta registrada según evaluación: medicación indicada y control según evolución.','Tomar medicamentos según indicación, mantener hidratación y acudir a control si los síntomas persisten.','2026-06-11 08:00:00','ACTIVO');
INSERT INTO atencion_medica (id_atencion,id_cita,id_medico,id_paciente,codigo_historia,motivo_consulta,sintomas,diagnostico,tratamiento,receta_medica,indicaciones,fecha_atencion,estado_registro) VALUES (10,10,6,10,'70000010','Consulta externa','Signos y síntomas evaluados.','Evaluación médica satisfactoria.','Tratamiento y recomendaciones registradas.','Receta registrada según evaluación: medicación indicada y control según evolución.','Tomar medicamentos según indicación, mantener hidratación y acudir a control si los síntomas persisten.','2026-06-11 08:00:00','ACTIVO');
INSERT INTO atencion_medica (id_atencion,id_cita,id_medico,id_paciente,codigo_historia,motivo_consulta,sintomas,diagnostico,tratamiento,receta_medica,indicaciones,fecha_atencion,estado_registro) VALUES (11,11,7,11,'70000011','Consulta externa','Signos y síntomas evaluados.','Evaluación médica satisfactoria.','Tratamiento y recomendaciones registradas.','Receta registrada según evaluación: medicación indicada y control según evolución.','Tomar medicamentos según indicación, mantener hidratación y acudir a control si los síntomas persisten.','2026-06-11 08:00:00','ACTIVO');
INSERT INTO atencion_medica (id_atencion,id_cita,id_medico,id_paciente,codigo_historia,motivo_consulta,sintomas,diagnostico,tratamiento,receta_medica,indicaciones,fecha_atencion,estado_registro) VALUES (12,12,8,12,'70000012','Consulta externa','Signos y síntomas evaluados.','Evaluación médica satisfactoria.','Tratamiento y recomendaciones registradas.','Receta registrada según evaluación: medicación indicada y control según evolución.','Tomar medicamentos según indicación, mantener hidratación y acudir a control si los síntomas persisten.','2026-06-11 08:00:00','ACTIVO');
INSERT INTO atencion_medica (id_atencion,id_cita,id_medico,id_paciente,codigo_historia,motivo_consulta,sintomas,diagnostico,tratamiento,receta_medica,indicaciones,fecha_atencion,estado_registro) VALUES (13,13,9,13,'70000013','Consulta externa','Signos y síntomas evaluados.','Evaluación médica satisfactoria.','Tratamiento y recomendaciones registradas.','Receta registrada según evaluación: medicación indicada y control según evolución.','Tomar medicamentos según indicación, mantener hidratación y acudir a control si los síntomas persisten.','2026-06-11 08:00:00','ACTIVO');
INSERT INTO atencion_medica (id_atencion,id_cita,id_medico,id_paciente,codigo_historia,motivo_consulta,sintomas,diagnostico,tratamiento,receta_medica,indicaciones,fecha_atencion,estado_registro) VALUES (14,14,10,14,'70000014','Consulta externa','Signos y síntomas evaluados.','Evaluación médica satisfactoria.','Tratamiento y recomendaciones registradas.','Receta registrada según evaluación: medicación indicada y control según evolución.','Tomar medicamentos según indicación, mantener hidratación y acudir a control si los síntomas persisten.','2026-06-11 08:00:00','ACTIVO');
INSERT INTO atencion_medica (id_atencion,id_cita,id_medico,id_paciente,codigo_historia,motivo_consulta,sintomas,diagnostico,tratamiento,receta_medica,indicaciones,fecha_atencion,estado_registro) VALUES (15,15,7,15,'70000015','Consulta externa','Signos y síntomas evaluados.','Evaluación médica satisfactoria.','Tratamiento y recomendaciones registradas.','Receta registrada según evaluación: medicación indicada y control según evolución.','Tomar medicamentos según indicación, mantener hidratación y acudir a control si los síntomas persisten.','2026-06-12 08:00:00','ACTIVO');
INSERT INTO atencion_medica (id_atencion,id_cita,id_medico,id_paciente,codigo_historia,motivo_consulta,sintomas,diagnostico,tratamiento,receta_medica,indicaciones,fecha_atencion,estado_registro) VALUES (16,16,8,16,'70000016','Consulta externa','Signos y síntomas evaluados.','Evaluación médica satisfactoria.','Tratamiento y recomendaciones registradas.','Receta registrada según evaluación: medicación indicada y control según evolución.','Tomar medicamentos según indicación, mantener hidratación y acudir a control si los síntomas persisten.','2026-06-12 08:00:00','ACTIVO');
INSERT INTO atencion_medica (id_atencion,id_cita,id_medico,id_paciente,codigo_historia,motivo_consulta,sintomas,diagnostico,tratamiento,receta_medica,indicaciones,fecha_atencion,estado_registro) VALUES (17,17,9,17,'70000017','Consulta externa','Signos y síntomas evaluados.','Evaluación médica satisfactoria.','Tratamiento y recomendaciones registradas.','Receta registrada según evaluación: medicación indicada y control según evolución.','Tomar medicamentos según indicación, mantener hidratación y acudir a control si los síntomas persisten.','2026-06-12 08:00:00','ACTIVO');
INSERT INTO atencion_medica (id_atencion,id_cita,id_medico,id_paciente,codigo_historia,motivo_consulta,sintomas,diagnostico,tratamiento,receta_medica,indicaciones,fecha_atencion,estado_registro) VALUES (18,18,10,18,'70000018','Consulta externa','Signos y síntomas evaluados.','Evaluación médica satisfactoria.','Tratamiento y recomendaciones registradas.','Receta registrada según evaluación: medicación indicada y control según evolución.','Tomar medicamentos según indicación, mantener hidratación y acudir a control si los síntomas persisten.','2026-06-12 08:00:00','ACTIVO');
INSERT INTO atencion_medica (id_atencion,id_cita,id_medico,id_paciente,codigo_historia,motivo_consulta,sintomas,diagnostico,tratamiento,receta_medica,indicaciones,fecha_atencion,estado_registro) VALUES (19,19,11,19,'70000019','Consulta externa','Signos y síntomas evaluados.','Evaluación médica satisfactoria.','Tratamiento y recomendaciones registradas.','Receta registrada según evaluación: medicación indicada y control según evolución.','Tomar medicamentos según indicación, mantener hidratación y acudir a control si los síntomas persisten.','2026-06-12 08:00:00','ACTIVO');
INSERT INTO atencion_medica (id_atencion,id_cita,id_medico,id_paciente,codigo_historia,motivo_consulta,sintomas,diagnostico,tratamiento,receta_medica,indicaciones,fecha_atencion,estado_registro) VALUES (20,20,12,20,'70000020','Consulta externa','Signos y síntomas evaluados.','Evaluación médica satisfactoria.','Tratamiento y recomendaciones registradas.','Receta registrada según evaluación: medicación indicada y control según evolución.','Tomar medicamentos según indicación, mantener hidratación y acudir a control si los síntomas persisten.','2026-06-12 08:00:00','ACTIVO');
INSERT INTO atencion_medica (id_atencion,id_cita,id_medico,id_paciente,codigo_historia,motivo_consulta,sintomas,diagnostico,tratamiento,receta_medica,indicaciones,fecha_atencion,estado_registro) VALUES (21,21,1,21,'70000021','Consulta externa','Signos y síntomas evaluados.','Evaluación médica satisfactoria.','Tratamiento y recomendaciones registradas.','Receta registrada según evaluación: medicación indicada y control según evolución.','Tomar medicamentos según indicación, mantener hidratación y acudir a control si los síntomas persisten.','2026-06-12 08:00:00','ACTIVO');
INSERT INTO atencion_medica (id_atencion,id_cita,id_medico,id_paciente,codigo_historia,motivo_consulta,sintomas,diagnostico,tratamiento,receta_medica,indicaciones,fecha_atencion,estado_registro) VALUES (22,22,10,13,'70000013','Consulta externa','Signos y síntomas evaluados.','Evaluación médica satisfactoria.','Tratamiento y recomendaciones registradas.','Receta registrada según evaluación: medicación indicada y control según evolución.','Tomar medicamentos según indicación, mantener hidratación y acudir a control si los síntomas persisten.','2026-06-13 08:00:00','ACTIVO');
INSERT INTO atencion_medica (id_atencion,id_cita,id_medico,id_paciente,codigo_historia,motivo_consulta,sintomas,diagnostico,tratamiento,receta_medica,indicaciones,fecha_atencion,estado_registro) VALUES (23,23,11,14,'70000014','Consulta externa','Signos y síntomas evaluados.','Evaluación médica satisfactoria.','Tratamiento y recomendaciones registradas.','Receta registrada según evaluación: medicación indicada y control según evolución.','Tomar medicamentos según indicación, mantener hidratación y acudir a control si los síntomas persisten.','2026-06-13 08:00:00','ACTIVO');
INSERT INTO atencion_medica (id_atencion,id_cita,id_medico,id_paciente,codigo_historia,motivo_consulta,sintomas,diagnostico,tratamiento,receta_medica,indicaciones,fecha_atencion,estado_registro) VALUES (24,24,12,15,'70000015','Consulta externa','Signos y síntomas evaluados.','Evaluación médica satisfactoria.','Tratamiento y recomendaciones registradas.','Receta registrada según evaluación: medicación indicada y control según evolución.','Tomar medicamentos según indicación, mantener hidratación y acudir a control si los síntomas persisten.','2026-06-13 08:00:00','ACTIVO');
INSERT INTO atencion_medica (id_atencion,id_cita,id_medico,id_paciente,codigo_historia,motivo_consulta,sintomas,diagnostico,tratamiento,receta_medica,indicaciones,fecha_atencion,estado_registro) VALUES (25,25,1,16,'70000016','Consulta externa','Signos y síntomas evaluados.','Evaluación médica satisfactoria.','Tratamiento y recomendaciones registradas.','Receta registrada según evaluación: medicación indicada y control según evolución.','Tomar medicamentos según indicación, mantener hidratación y acudir a control si los síntomas persisten.','2026-06-13 08:00:00','ACTIVO');
INSERT INTO atencion_medica (id_atencion,id_cita,id_medico,id_paciente,codigo_historia,motivo_consulta,sintomas,diagnostico,tratamiento,receta_medica,indicaciones,fecha_atencion,estado_registro) VALUES (26,26,4,36,'70000036','Consulta externa','Signos y síntomas evaluados.','Evaluación médica satisfactoria.','Tratamiento y recomendaciones registradas.','Receta registrada según evaluación: medicación indicada y control según evolución.','Tomar medicamentos según indicación, mantener hidratación y acudir a control si los síntomas persisten.','2026-06-15 08:00:00','ACTIVO');
INSERT INTO atencion_medica (id_atencion,id_cita,id_medico,id_paciente,codigo_historia,motivo_consulta,sintomas,diagnostico,tratamiento,receta_medica,indicaciones,fecha_atencion,estado_registro) VALUES (27,27,5,37,'70000037','Consulta externa','Signos y síntomas evaluados.','Evaluación médica satisfactoria.','Tratamiento y recomendaciones registradas.','Receta registrada según evaluación: medicación indicada y control según evolución.','Tomar medicamentos según indicación, mantener hidratación y acudir a control si los síntomas persisten.','2026-06-15 08:00:00','ACTIVO');
INSERT INTO atencion_medica (id_atencion,id_cita,id_medico,id_paciente,codigo_historia,motivo_consulta,sintomas,diagnostico,tratamiento,receta_medica,indicaciones,fecha_atencion,estado_registro) VALUES (28,28,6,38,'70000038','Consulta externa','Signos y síntomas evaluados.','Evaluación médica satisfactoria.','Tratamiento y recomendaciones registradas.','Receta registrada según evaluación: medicación indicada y control según evolución.','Tomar medicamentos según indicación, mantener hidratación y acudir a control si los síntomas persisten.','2026-06-15 08:00:00','ACTIVO');
INSERT INTO atencion_medica (id_atencion,id_cita,id_medico,id_paciente,codigo_historia,motivo_consulta,sintomas,diagnostico,tratamiento,receta_medica,indicaciones,fecha_atencion,estado_registro) VALUES (29,29,7,39,'70000039','Consulta externa','Signos y síntomas evaluados.','Evaluación médica satisfactoria.','Tratamiento y recomendaciones registradas.','Receta registrada según evaluación: medicación indicada y control según evolución.','Tomar medicamentos según indicación, mantener hidratación y acudir a control si los síntomas persisten.','2026-06-15 08:00:00','ACTIVO');
INSERT INTO atencion_medica (id_atencion,id_cita,id_medico,id_paciente,codigo_historia,motivo_consulta,sintomas,diagnostico,tratamiento,receta_medica,indicaciones,fecha_atencion,estado_registro) VALUES (30,30,8,40,'70000040','Consulta externa','Signos y síntomas evaluados.','Evaluación médica satisfactoria.','Tratamiento y recomendaciones registradas.','Receta registrada según evaluación: medicación indicada y control según evolución.','Tomar medicamentos según indicación, mantener hidratación y acudir a control si los síntomas persisten.','2026-06-15 08:00:00','ACTIVO');
INSERT INTO atencion_medica (id_atencion,id_cita,id_medico,id_paciente,codigo_historia,motivo_consulta,sintomas,diagnostico,tratamiento,receta_medica,indicaciones,fecha_atencion,estado_registro) VALUES (31,31,9,41,'70000041','Consulta externa','Signos y síntomas evaluados.','Evaluación médica satisfactoria.','Tratamiento y recomendaciones registradas.','Receta registrada según evaluación: medicación indicada y control según evolución.','Tomar medicamentos según indicación, mantener hidratación y acudir a control si los síntomas persisten.','2026-06-15 08:00:00','ACTIVO');
INSERT INTO atencion_medica (id_atencion,id_cita,id_medico,id_paciente,codigo_historia,motivo_consulta,sintomas,diagnostico,tratamiento,receta_medica,indicaciones,fecha_atencion,estado_registro) VALUES (32,32,10,42,'70000042','Consulta externa','Signos y síntomas evaluados.','Evaluación médica satisfactoria.','Tratamiento y recomendaciones registradas.','Receta registrada según evaluación: medicación indicada y control según evolución.','Tomar medicamentos según indicación, mantener hidratación y acudir a control si los síntomas persisten.','2026-06-15 08:00:00','ACTIVO');
INSERT INTO atencion_medica (id_atencion,id_cita,id_medico,id_paciente,codigo_historia,motivo_consulta,sintomas,diagnostico,tratamiento,receta_medica,indicaciones,fecha_atencion,estado_registro) VALUES (33,33,7,43,'70000043','Consulta externa','Signos y síntomas evaluados.','Evaluación médica satisfactoria.','Tratamiento y recomendaciones registradas.','Receta registrada según evaluación: medicación indicada y control según evolución.','Tomar medicamentos según indicación, mantener hidratación y acudir a control si los síntomas persisten.','2026-06-16 08:00:00','ACTIVO');
INSERT INTO atencion_medica (id_atencion,id_cita,id_medico,id_paciente,codigo_historia,motivo_consulta,sintomas,diagnostico,tratamiento,receta_medica,indicaciones,fecha_atencion,estado_registro) VALUES (34,34,8,44,'70000044','Consulta externa','Signos y síntomas evaluados.','Evaluación médica satisfactoria.','Tratamiento y recomendaciones registradas.','Receta registrada según evaluación: medicación indicada y control según evolución.','Tomar medicamentos según indicación, mantener hidratación y acudir a control si los síntomas persisten.','2026-06-16 08:00:00','ACTIVO');
INSERT INTO atencion_medica (id_atencion,id_cita,id_medico,id_paciente,codigo_historia,motivo_consulta,sintomas,diagnostico,tratamiento,receta_medica,indicaciones,fecha_atencion,estado_registro) VALUES (35,35,9,45,'70000045','Consulta externa','Signos y síntomas evaluados.','Evaluación médica satisfactoria.','Tratamiento y recomendaciones registradas.','Receta registrada según evaluación: medicación indicada y control según evolución.','Tomar medicamentos según indicación, mantener hidratación y acudir a control si los síntomas persisten.','2026-06-16 08:00:00','ACTIVO');
INSERT INTO atencion_medica (id_atencion,id_cita,id_medico,id_paciente,codigo_historia,motivo_consulta,sintomas,diagnostico,tratamiento,receta_medica,indicaciones,fecha_atencion,estado_registro) VALUES (36,36,10,46,'70000046','Consulta externa','Signos y síntomas evaluados.','Evaluación médica satisfactoria.','Tratamiento y recomendaciones registradas.','Receta registrada según evaluación: medicación indicada y control según evolución.','Tomar medicamentos según indicación, mantener hidratación y acudir a control si los síntomas persisten.','2026-06-16 08:00:00','ACTIVO');
INSERT INTO atencion_medica (id_atencion,id_cita,id_medico,id_paciente,codigo_historia,motivo_consulta,sintomas,diagnostico,tratamiento,receta_medica,indicaciones,fecha_atencion,estado_registro) VALUES (37,37,11,47,'70000047','Consulta externa','Signos y síntomas evaluados.','Evaluación médica satisfactoria.','Tratamiento y recomendaciones registradas.','Receta registrada según evaluación: medicación indicada y control según evolución.','Tomar medicamentos según indicación, mantener hidratación y acudir a control si los síntomas persisten.','2026-06-16 08:00:00','ACTIVO');
INSERT INTO atencion_medica (id_atencion,id_cita,id_medico,id_paciente,codigo_historia,motivo_consulta,sintomas,diagnostico,tratamiento,receta_medica,indicaciones,fecha_atencion,estado_registro) VALUES (38,38,12,48,'70000048','Consulta externa','Signos y síntomas evaluados.','Evaluación médica satisfactoria.','Tratamiento y recomendaciones registradas.','Receta registrada según evaluación: medicación indicada y control según evolución.','Tomar medicamentos según indicación, mantener hidratación y acudir a control si los síntomas persisten.','2026-06-16 08:00:00','ACTIVO');
INSERT INTO atencion_medica (id_atencion,id_cita,id_medico,id_paciente,codigo_historia,motivo_consulta,sintomas,diagnostico,tratamiento,receta_medica,indicaciones,fecha_atencion,estado_registro) VALUES (39,39,1,49,'70000049','Consulta externa','Signos y síntomas evaluados.','Evaluación médica satisfactoria.','Tratamiento y recomendaciones registradas.','Receta registrada según evaluación: medicación indicada y control según evolución.','Tomar medicamentos según indicación, mantener hidratación y acudir a control si los síntomas persisten.','2026-06-16 08:00:00','ACTIVO');
INSERT INTO atencion_medica (id_atencion,id_cita,id_medico,id_paciente,codigo_historia,motivo_consulta,sintomas,diagnostico,tratamiento,receta_medica,indicaciones,fecha_atencion,estado_registro) VALUES (40,40,10,50,'70000050','Consulta externa','Signos y síntomas evaluados.','Evaluación médica satisfactoria.','Tratamiento y recomendaciones registradas.','Receta registrada según evaluación: medicación indicada y control según evolución.','Tomar medicamentos según indicación, mantener hidratación y acudir a control si los síntomas persisten.','2026-06-17 08:00:00','ACTIVO');
INSERT INTO atencion_medica (id_atencion,id_cita,id_medico,id_paciente,codigo_historia,motivo_consulta,sintomas,diagnostico,tratamiento,receta_medica,indicaciones,fecha_atencion,estado_registro) VALUES (41,41,11,51,'70000051','Consulta externa','Signos y síntomas evaluados.','Evaluación médica satisfactoria.','Tratamiento y recomendaciones registradas.','Receta registrada según evaluación: medicación indicada y control según evolución.','Tomar medicamentos según indicación, mantener hidratación y acudir a control si los síntomas persisten.','2026-06-17 08:00:00','ACTIVO');
INSERT INTO atencion_medica (id_atencion,id_cita,id_medico,id_paciente,codigo_historia,motivo_consulta,sintomas,diagnostico,tratamiento,receta_medica,indicaciones,fecha_atencion,estado_registro) VALUES (42,42,12,52,'70000052','Consulta externa','Signos y síntomas evaluados.','Evaluación médica satisfactoria.','Tratamiento y recomendaciones registradas.','Receta registrada según evaluación: medicación indicada y control según evolución.','Tomar medicamentos según indicación, mantener hidratación y acudir a control si los síntomas persisten.','2026-06-17 08:00:00','ACTIVO');
INSERT INTO atencion_medica (id_atencion,id_cita,id_medico,id_paciente,codigo_historia,motivo_consulta,sintomas,diagnostico,tratamiento,receta_medica,indicaciones,fecha_atencion,estado_registro) VALUES (43,43,1,53,'70000053','Consulta externa','Signos y síntomas evaluados.','Evaluación médica satisfactoria.','Tratamiento y recomendaciones registradas.','Receta registrada según evaluación: medicación indicada y control según evolución.','Tomar medicamentos según indicación, mantener hidratación y acudir a control si los síntomas persisten.','2026-06-17 08:00:00','ACTIVO');
INSERT INTO atencion_medica (id_atencion,id_cita,id_medico,id_paciente,codigo_historia,motivo_consulta,sintomas,diagnostico,tratamiento,receta_medica,indicaciones,fecha_atencion,estado_registro) VALUES (44,44,2,54,'70000054','Consulta externa','Signos y síntomas evaluados.','Evaluación médica satisfactoria.','Tratamiento y recomendaciones registradas.','Receta registrada según evaluación: medicación indicada y control según evolución.','Tomar medicamentos según indicación, mantener hidratación y acudir a control si los síntomas persisten.','2026-06-17 08:00:00','ACTIVO');
INSERT INTO atencion_medica (id_atencion,id_cita,id_medico,id_paciente,codigo_historia,motivo_consulta,sintomas,diagnostico,tratamiento,receta_medica,indicaciones,fecha_atencion,estado_registro) VALUES (45,45,3,55,'70000055','Consulta externa','Signos y síntomas evaluados.','Evaluación médica satisfactoria.','Tratamiento y recomendaciones registradas.','Receta registrada según evaluación: medicación indicada y control según evolución.','Tomar medicamentos según indicación, mantener hidratación y acudir a control si los síntomas persisten.','2026-06-17 08:00:00','ACTIVO');
INSERT INTO atencion_medica (id_atencion,id_cita,id_medico,id_paciente,codigo_historia,motivo_consulta,sintomas,diagnostico,tratamiento,receta_medica,indicaciones,fecha_atencion,estado_registro) VALUES (46,46,4,56,'70000056','Consulta externa','Signos y síntomas evaluados.','Evaluación médica satisfactoria.','Tratamiento y recomendaciones registradas.','Receta registrada según evaluación: medicación indicada y control según evolución.','Tomar medicamentos según indicación, mantener hidratación y acudir a control si los síntomas persisten.','2026-06-17 08:00:00','ACTIVO');
INSERT INTO atencion_medica (id_atencion,id_cita,id_medico,id_paciente,codigo_historia,motivo_consulta,sintomas,diagnostico,tratamiento,receta_medica,indicaciones,fecha_atencion,estado_registro) VALUES (47,47,1,57,'70000057','Consulta externa','Signos y síntomas evaluados.','Evaluación médica satisfactoria.','Tratamiento y recomendaciones registradas.','Receta registrada según evaluación: medicación indicada y control según evolución.','Tomar medicamentos según indicación, mantener hidratación y acudir a control si los síntomas persisten.','2026-06-18 08:00:00','ACTIVO');
INSERT INTO atencion_medica (id_atencion,id_cita,id_medico,id_paciente,codigo_historia,motivo_consulta,sintomas,diagnostico,tratamiento,receta_medica,indicaciones,fecha_atencion,estado_registro) VALUES (48,48,2,58,'70000058','Consulta externa','Signos y síntomas evaluados.','Evaluación médica satisfactoria.','Tratamiento y recomendaciones registradas.','Receta registrada según evaluación: medicación indicada y control según evolución.','Tomar medicamentos según indicación, mantener hidratación y acudir a control si los síntomas persisten.','2026-06-18 08:00:00','ACTIVO');
INSERT INTO atencion_medica (id_atencion,id_cita,id_medico,id_paciente,codigo_historia,motivo_consulta,sintomas,diagnostico,tratamiento,receta_medica,indicaciones,fecha_atencion,estado_registro) VALUES (49,49,3,59,'70000059','Consulta externa','Signos y síntomas evaluados.','Evaluación médica satisfactoria.','Tratamiento y recomendaciones registradas.','Receta registrada según evaluación: medicación indicada y control según evolución.','Tomar medicamentos según indicación, mantener hidratación y acudir a control si los síntomas persisten.','2026-06-18 08:00:00','ACTIVO');
INSERT INTO atencion_medica (id_atencion,id_cita,id_medico,id_paciente,codigo_historia,motivo_consulta,sintomas,diagnostico,tratamiento,receta_medica,indicaciones,fecha_atencion,estado_registro) VALUES (50,50,4,60,'70000060','Consulta externa','Signos y síntomas evaluados.','Evaluación médica satisfactoria.','Tratamiento y recomendaciones registradas.','Receta registrada según evaluación: medicación indicada y control según evolución.','Tomar medicamentos según indicación, mantener hidratación y acudir a control si los síntomas persisten.','2026-06-18 08:00:00','ACTIVO');
INSERT INTO atencion_medica (id_atencion,id_cita,id_medico,id_paciente,codigo_historia,motivo_consulta,sintomas,diagnostico,tratamiento,receta_medica,indicaciones,fecha_atencion,estado_registro) VALUES (51,51,5,61,'70000061','Consulta externa','Signos y síntomas evaluados.','Evaluación médica satisfactoria.','Tratamiento y recomendaciones registradas.','Receta registrada según evaluación: medicación indicada y control según evolución.','Tomar medicamentos según indicación, mantener hidratación y acudir a control si los síntomas persisten.','2026-06-18 08:00:00','ACTIVO');
INSERT INTO atencion_medica (id_atencion,id_cita,id_medico,id_paciente,codigo_historia,motivo_consulta,sintomas,diagnostico,tratamiento,receta_medica,indicaciones,fecha_atencion,estado_registro) VALUES (52,52,6,62,'70000062','Consulta externa','Signos y síntomas evaluados.','Evaluación médica satisfactoria.','Tratamiento y recomendaciones registradas.','Receta registrada según evaluación: medicación indicada y control según evolución.','Tomar medicamentos según indicación, mantener hidratación y acudir a control si los síntomas persisten.','2026-06-18 08:00:00','ACTIVO');
INSERT INTO atencion_medica (id_atencion,id_cita,id_medico,id_paciente,codigo_historia,motivo_consulta,sintomas,diagnostico,tratamiento,receta_medica,indicaciones,fecha_atencion,estado_registro) VALUES (53,53,7,63,'70000063','Consulta externa','Signos y síntomas evaluados.','Evaluación médica satisfactoria.','Tratamiento y recomendaciones registradas.','Receta registrada según evaluación: medicación indicada y control según evolución.','Tomar medicamentos según indicación, mantener hidratación y acudir a control si los síntomas persisten.','2026-06-18 08:00:00','ACTIVO');
INSERT INTO atencion_medica (id_atencion,id_cita,id_medico,id_paciente,codigo_historia,motivo_consulta,sintomas,diagnostico,tratamiento,receta_medica,indicaciones,fecha_atencion,estado_registro) VALUES (54,54,4,64,'70000064','Consulta externa','Signos y síntomas evaluados.','Evaluación médica satisfactoria.','Tratamiento y recomendaciones registradas.','Receta registrada según evaluación: medicación indicada y control según evolución.','Tomar medicamentos según indicación, mantener hidratación y acudir a control si los síntomas persisten.','2026-06-19 08:00:00','ACTIVO');
INSERT INTO atencion_medica (id_atencion,id_cita,id_medico,id_paciente,codigo_historia,motivo_consulta,sintomas,diagnostico,tratamiento,receta_medica,indicaciones,fecha_atencion,estado_registro) VALUES (55,55,5,65,'70000065','Consulta externa','Signos y síntomas evaluados.','Evaluación médica satisfactoria.','Tratamiento y recomendaciones registradas.','Receta registrada según evaluación: medicación indicada y control según evolución.','Tomar medicamentos según indicación, mantener hidratación y acudir a control si los síntomas persisten.','2026-06-19 08:00:00','ACTIVO');
INSERT INTO atencion_medica (id_atencion,id_cita,id_medico,id_paciente,codigo_historia,motivo_consulta,sintomas,diagnostico,tratamiento,receta_medica,indicaciones,fecha_atencion,estado_registro) VALUES (56,56,6,66,'70000066','Consulta externa','Signos y síntomas evaluados.','Evaluación médica satisfactoria.','Tratamiento y recomendaciones registradas.','Receta registrada según evaluación: medicación indicada y control según evolución.','Tomar medicamentos según indicación, mantener hidratación y acudir a control si los síntomas persisten.','2026-06-19 08:00:00','ACTIVO');
INSERT INTO atencion_medica (id_atencion,id_cita,id_medico,id_paciente,codigo_historia,motivo_consulta,sintomas,diagnostico,tratamiento,receta_medica,indicaciones,fecha_atencion,estado_registro) VALUES (57,57,7,67,'70000067','Consulta externa','Signos y síntomas evaluados.','Evaluación médica satisfactoria.','Tratamiento y recomendaciones registradas.','Receta registrada según evaluación: medicación indicada y control según evolución.','Tomar medicamentos según indicación, mantener hidratación y acudir a control si los síntomas persisten.','2026-06-19 08:00:00','ACTIVO');
INSERT INTO atencion_medica (id_atencion,id_cita,id_medico,id_paciente,codigo_historia,motivo_consulta,sintomas,diagnostico,tratamiento,receta_medica,indicaciones,fecha_atencion,estado_registro) VALUES (58,58,8,68,'70000068','Consulta externa','Signos y síntomas evaluados.','Evaluación médica satisfactoria.','Tratamiento y recomendaciones registradas.','Receta registrada según evaluación: medicación indicada y control según evolución.','Tomar medicamentos según indicación, mantener hidratación y acudir a control si los síntomas persisten.','2026-06-19 08:00:00','ACTIVO');
INSERT INTO atencion_medica (id_atencion,id_cita,id_medico,id_paciente,codigo_historia,motivo_consulta,sintomas,diagnostico,tratamiento,receta_medica,indicaciones,fecha_atencion,estado_registro) VALUES (59,59,9,69,'70000069','Consulta externa','Signos y síntomas evaluados.','Evaluación médica satisfactoria.','Tratamiento y recomendaciones registradas.','Receta registrada según evaluación: medicación indicada y control según evolución.','Tomar medicamentos según indicación, mantener hidratación y acudir a control si los síntomas persisten.','2026-06-19 08:00:00','ACTIVO');
INSERT INTO atencion_medica (id_atencion,id_cita,id_medico,id_paciente,codigo_historia,motivo_consulta,sintomas,diagnostico,tratamiento,receta_medica,indicaciones,fecha_atencion,estado_registro) VALUES (60,60,10,70,'70000070','Consulta externa','Signos y síntomas evaluados.','Evaluación médica satisfactoria.','Tratamiento y recomendaciones registradas.','Receta registrada según evaluación: medicación indicada y control según evolución.','Tomar medicamentos según indicación, mantener hidratación y acudir a control si los síntomas persisten.','2026-06-19 08:00:00','ACTIVO');
INSERT INTO atencion_medica (id_atencion,id_cita,id_medico,id_paciente,codigo_historia,motivo_consulta,sintomas,diagnostico,tratamiento,receta_medica,indicaciones,fecha_atencion,estado_registro) VALUES (61,61,7,41,'70000041','Consulta externa','Signos y síntomas evaluados.','Evaluación médica satisfactoria.','Tratamiento y recomendaciones registradas.','Receta registrada según evaluación: medicación indicada y control según evolución.','Tomar medicamentos según indicación, mantener hidratación y acudir a control si los síntomas persisten.','2026-06-20 08:00:00','ACTIVO');
INSERT INTO atencion_medica (id_atencion,id_cita,id_medico,id_paciente,codigo_historia,motivo_consulta,sintomas,diagnostico,tratamiento,receta_medica,indicaciones,fecha_atencion,estado_registro) VALUES (62,62,8,42,'70000042','Consulta externa','Signos y síntomas evaluados.','Evaluación médica satisfactoria.','Tratamiento y recomendaciones registradas.','Receta registrada según evaluación: medicación indicada y control según evolución.','Tomar medicamentos según indicación, mantener hidratación y acudir a control si los síntomas persisten.','2026-06-20 08:00:00','ACTIVO');
INSERT INTO atencion_medica (id_atencion,id_cita,id_medico,id_paciente,codigo_historia,motivo_consulta,sintomas,diagnostico,tratamiento,receta_medica,indicaciones,fecha_atencion,estado_registro) VALUES (63,63,9,43,'70000043','Consulta externa','Signos y síntomas evaluados.','Evaluación médica satisfactoria.','Tratamiento y recomendaciones registradas.','Receta registrada según evaluación: medicación indicada y control según evolución.','Tomar medicamentos según indicación, mantener hidratación y acudir a control si los síntomas persisten.','2026-06-20 08:00:00','ACTIVO');
INSERT INTO atencion_medica (id_atencion,id_cita,id_medico,id_paciente,codigo_historia,motivo_consulta,sintomas,diagnostico,tratamiento,receta_medica,indicaciones,fecha_atencion,estado_registro) VALUES (64,64,10,44,'70000044','Consulta externa','Signos y síntomas evaluados.','Evaluación médica satisfactoria.','Tratamiento y recomendaciones registradas.','Receta registrada según evaluación: medicación indicada y control según evolución.','Tomar medicamentos según indicación, mantener hidratación y acudir a control si los síntomas persisten.','2026-06-20 08:00:00','ACTIVO');
INSERT INTO atencion_medica (id_atencion,id_cita,id_medico,id_paciente,codigo_historia,motivo_consulta,sintomas,diagnostico,tratamiento,receta_medica,indicaciones,fecha_atencion,estado_registro) VALUES (65,65,1,85,'70000085','Consulta externa','Signos y síntomas evaluados.','Evaluación médica satisfactoria.','Tratamiento y recomendaciones registradas.','Receta registrada según evaluación: medicación indicada y control según evolución.','Tomar medicamentos según indicación, mantener hidratación y acudir a control si los síntomas persisten.','2026-06-22 08:00:00','ACTIVO');
INSERT INTO atencion_medica (id_atencion,id_cita,id_medico,id_paciente,codigo_historia,motivo_consulta,sintomas,diagnostico,tratamiento,receta_medica,indicaciones,fecha_atencion,estado_registro) VALUES (66,66,2,86,'70000086','Consulta externa','Signos y síntomas evaluados.','Evaluación médica satisfactoria.','Tratamiento y recomendaciones registradas.','Receta registrada según evaluación: medicación indicada y control según evolución.','Tomar medicamentos según indicación, mantener hidratación y acudir a control si los síntomas persisten.','2026-06-22 08:00:00','ACTIVO');
INSERT INTO atencion_medica (id_atencion,id_cita,id_medico,id_paciente,codigo_historia,motivo_consulta,sintomas,diagnostico,tratamiento,receta_medica,indicaciones,fecha_atencion,estado_registro) VALUES (67,67,3,87,'70000087','Consulta externa','Signos y síntomas evaluados.','Evaluación médica satisfactoria.','Tratamiento y recomendaciones registradas.','Receta registrada según evaluación: medicación indicada y control según evolución.','Tomar medicamentos según indicación, mantener hidratación y acudir a control si los síntomas persisten.','2026-06-22 08:00:00','ACTIVO');
INSERT INTO atencion_medica (id_atencion,id_cita,id_medico,id_paciente,codigo_historia,motivo_consulta,sintomas,diagnostico,tratamiento,receta_medica,indicaciones,fecha_atencion,estado_registro) VALUES (68,68,4,88,'70000088','Consulta externa','Signos y síntomas evaluados.','Evaluación médica satisfactoria.','Tratamiento y recomendaciones registradas.','Receta registrada según evaluación: medicación indicada y control según evolución.','Tomar medicamentos según indicación, mantener hidratación y acudir a control si los síntomas persisten.','2026-06-22 08:00:00','ACTIVO');
INSERT INTO atencion_medica (id_atencion,id_cita,id_medico,id_paciente,codigo_historia,motivo_consulta,sintomas,diagnostico,tratamiento,receta_medica,indicaciones,fecha_atencion,estado_registro) VALUES (69,69,5,89,'70000089','Consulta externa','Signos y síntomas evaluados.','Evaluación médica satisfactoria.','Tratamiento y recomendaciones registradas.','Receta registrada según evaluación: medicación indicada y control según evolución.','Tomar medicamentos según indicación, mantener hidratación y acudir a control si los síntomas persisten.','2026-06-22 08:00:00','ACTIVO');
INSERT INTO atencion_medica (id_atencion,id_cita,id_medico,id_paciente,codigo_historia,motivo_consulta,sintomas,diagnostico,tratamiento,receta_medica,indicaciones,fecha_atencion,estado_registro) VALUES (70,70,6,90,'70000090','Consulta externa','Signos y síntomas evaluados.','Evaluación médica satisfactoria.','Tratamiento y recomendaciones registradas.','Receta registrada según evaluación: medicación indicada y control según evolución.','Tomar medicamentos según indicación, mantener hidratación y acudir a control si los síntomas persisten.','2026-06-22 08:00:00','ACTIVO');
INSERT INTO atencion_medica (id_atencion,id_cita,id_medico,id_paciente,codigo_historia,motivo_consulta,sintomas,diagnostico,tratamiento,receta_medica,indicaciones,fecha_atencion,estado_registro) VALUES (71,71,7,1,'70000001','Consulta externa','Signos y síntomas evaluados.','Evaluación médica satisfactoria.','Tratamiento y recomendaciones registradas.','Receta registrada según evaluación: medicación indicada y control según evolución.','Tomar medicamentos según indicación, mantener hidratación y acudir a control si los síntomas persisten.','2026-06-22 08:00:00','ACTIVO');
INSERT INTO atencion_medica (id_atencion,id_cita,id_medico,id_paciente,codigo_historia,motivo_consulta,sintomas,diagnostico,tratamiento,receta_medica,indicaciones,fecha_atencion,estado_registro) VALUES (72,72,4,2,'70000002','Consulta externa','Signos y síntomas evaluados.','Evaluación médica satisfactoria.','Tratamiento y recomendaciones registradas.','Receta registrada según evaluación: medicación indicada y control según evolución.','Tomar medicamentos según indicación, mantener hidratación y acudir a control si los síntomas persisten.','2026-06-23 08:00:00','ACTIVO');
INSERT INTO atencion_medica (id_atencion,id_cita,id_medico,id_paciente,codigo_historia,motivo_consulta,sintomas,diagnostico,tratamiento,receta_medica,indicaciones,fecha_atencion,estado_registro) VALUES (73,73,5,3,'70000003','Consulta externa','Signos y síntomas evaluados.','Evaluación médica satisfactoria.','Tratamiento y recomendaciones registradas.','Receta registrada según evaluación: medicación indicada y control según evolución.','Tomar medicamentos según indicación, mantener hidratación y acudir a control si los síntomas persisten.','2026-06-23 08:00:00','ACTIVO');
INSERT INTO atencion_medica (id_atencion,id_cita,id_medico,id_paciente,codigo_historia,motivo_consulta,sintomas,diagnostico,tratamiento,receta_medica,indicaciones,fecha_atencion,estado_registro) VALUES (74,74,6,4,'70000004','Consulta externa','Signos y síntomas evaluados.','Evaluación médica satisfactoria.','Tratamiento y recomendaciones registradas.','Receta registrada según evaluación: medicación indicada y control según evolución.','Tomar medicamentos según indicación, mantener hidratación y acudir a control si los síntomas persisten.','2026-06-23 08:00:00','ACTIVO');
INSERT INTO atencion_medica (id_atencion,id_cita,id_medico,id_paciente,codigo_historia,motivo_consulta,sintomas,diagnostico,tratamiento,receta_medica,indicaciones,fecha_atencion,estado_registro) VALUES (75,75,7,5,'70000005','Consulta externa','Signos y síntomas evaluados.','Evaluación médica satisfactoria.','Tratamiento y recomendaciones registradas.','Receta registrada según evaluación: medicación indicada y control según evolución.','Tomar medicamentos según indicación, mantener hidratación y acudir a control si los síntomas persisten.','2026-06-23 08:00:00','ACTIVO');
INSERT INTO atencion_medica (id_atencion,id_cita,id_medico,id_paciente,codigo_historia,motivo_consulta,sintomas,diagnostico,tratamiento,receta_medica,indicaciones,fecha_atencion,estado_registro) VALUES (76,76,8,6,'70000006','Consulta externa','Signos y síntomas evaluados.','Evaluación médica satisfactoria.','Tratamiento y recomendaciones registradas.','Receta registrada según evaluación: medicación indicada y control según evolución.','Tomar medicamentos según indicación, mantener hidratación y acudir a control si los síntomas persisten.','2026-06-23 08:00:00','ACTIVO');
INSERT INTO atencion_medica (id_atencion,id_cita,id_medico,id_paciente,codigo_historia,motivo_consulta,sintomas,diagnostico,tratamiento,receta_medica,indicaciones,fecha_atencion,estado_registro) VALUES (77,77,9,7,'70000007','Consulta externa','Signos y síntomas evaluados.','Evaluación médica satisfactoria.','Tratamiento y recomendaciones registradas.','Receta registrada según evaluación: medicación indicada y control según evolución.','Tomar medicamentos según indicación, mantener hidratación y acudir a control si los síntomas persisten.','2026-06-23 08:00:00','ACTIVO');
INSERT INTO atencion_medica (id_atencion,id_cita,id_medico,id_paciente,codigo_historia,motivo_consulta,sintomas,diagnostico,tratamiento,receta_medica,indicaciones,fecha_atencion,estado_registro) VALUES (78,78,10,8,'70000008','Consulta externa','Signos y síntomas evaluados.','Evaluación médica satisfactoria.','Tratamiento y recomendaciones registradas.','Receta registrada según evaluación: medicación indicada y control según evolución.','Tomar medicamentos según indicación, mantener hidratación y acudir a control si los síntomas persisten.','2026-06-23 08:00:00','ACTIVO');
INSERT INTO atencion_medica (id_atencion,id_cita,id_medico,id_paciente,codigo_historia,motivo_consulta,sintomas,diagnostico,tratamiento,receta_medica,indicaciones,fecha_atencion,estado_registro) VALUES (79,79,7,9,'70000009','Consulta externa','Signos y síntomas evaluados.','Evaluación médica satisfactoria.','Tratamiento y recomendaciones registradas.','Receta registrada según evaluación: medicación indicada y control según evolución.','Tomar medicamentos según indicación, mantener hidratación y acudir a control si los síntomas persisten.','2026-06-24 08:00:00','ACTIVO');
INSERT INTO atencion_medica (id_atencion,id_cita,id_medico,id_paciente,codigo_historia,motivo_consulta,sintomas,diagnostico,tratamiento,receta_medica,indicaciones,fecha_atencion,estado_registro) VALUES (80,80,8,10,'70000010','Consulta externa','Signos y síntomas evaluados.','Evaluación médica satisfactoria.','Tratamiento y recomendaciones registradas.','Receta registrada según evaluación: medicación indicada y control según evolución.','Tomar medicamentos según indicación, mantener hidratación y acudir a control si los síntomas persisten.','2026-06-24 08:00:00','ACTIVO');
INSERT INTO atencion_medica (id_atencion,id_cita,id_medico,id_paciente,codigo_historia,motivo_consulta,sintomas,diagnostico,tratamiento,receta_medica,indicaciones,fecha_atencion,estado_registro) VALUES (81,81,9,11,'70000011','Consulta externa','Signos y síntomas evaluados.','Evaluación médica satisfactoria.','Tratamiento y recomendaciones registradas.','Receta registrada según evaluación: medicación indicada y control según evolución.','Tomar medicamentos según indicación, mantener hidratación y acudir a control si los síntomas persisten.','2026-06-24 08:00:00','ACTIVO');
INSERT INTO atencion_medica (id_atencion,id_cita,id_medico,id_paciente,codigo_historia,motivo_consulta,sintomas,diagnostico,tratamiento,receta_medica,indicaciones,fecha_atencion,estado_registro) VALUES (82,82,10,12,'70000012','Consulta externa','Signos y síntomas evaluados.','Evaluación médica satisfactoria.','Tratamiento y recomendaciones registradas.','Receta registrada según evaluación: medicación indicada y control según evolución.','Tomar medicamentos según indicación, mantener hidratación y acudir a control si los síntomas persisten.','2026-06-24 08:00:00','ACTIVO');
INSERT INTO atencion_medica (id_atencion,id_cita,id_medico,id_paciente,codigo_historia,motivo_consulta,sintomas,diagnostico,tratamiento,receta_medica,indicaciones,fecha_atencion,estado_registro) VALUES (83,83,11,13,'70000013','Consulta externa','Signos y síntomas evaluados.','Evaluación médica satisfactoria.','Tratamiento y recomendaciones registradas.','Receta registrada según evaluación: medicación indicada y control según evolución.','Tomar medicamentos según indicación, mantener hidratación y acudir a control si los síntomas persisten.','2026-06-24 08:00:00','ACTIVO');
INSERT INTO atencion_medica (id_atencion,id_cita,id_medico,id_paciente,codigo_historia,motivo_consulta,sintomas,diagnostico,tratamiento,receta_medica,indicaciones,fecha_atencion,estado_registro) VALUES (84,84,12,14,'70000014','Consulta externa','Signos y síntomas evaluados.','Evaluación médica satisfactoria.','Tratamiento y recomendaciones registradas.','Receta registrada según evaluación: medicación indicada y control según evolución.','Tomar medicamentos según indicación, mantener hidratación y acudir a control si los síntomas persisten.','2026-06-24 08:00:00','ACTIVO');
INSERT INTO atencion_medica (id_atencion,id_cita,id_medico,id_paciente,codigo_historia,motivo_consulta,sintomas,diagnostico,tratamiento,receta_medica,indicaciones,fecha_atencion,estado_registro) VALUES (85,85,1,15,'70000015','Consulta externa','Signos y síntomas evaluados.','Evaluación médica satisfactoria.','Tratamiento y recomendaciones registradas.','Receta registrada según evaluación: medicación indicada y control según evolución.','Tomar medicamentos según indicación, mantener hidratación y acudir a control si los síntomas persisten.','2026-06-24 08:00:00','ACTIVO');
INSERT INTO atencion_medica (id_atencion,id_cita,id_medico,id_paciente,codigo_historia,motivo_consulta,sintomas,diagnostico,tratamiento,receta_medica,indicaciones,fecha_atencion,estado_registro) VALUES (86,86,10,16,'70000016','Consulta externa','Signos y síntomas evaluados.','Evaluación médica satisfactoria.','Tratamiento y recomendaciones registradas.','Receta registrada según evaluación: medicación indicada y control según evolución.','Tomar medicamentos según indicación, mantener hidratación y acudir a control si los síntomas persisten.','2026-06-25 08:00:00','ACTIVO');
INSERT INTO atencion_medica (id_atencion,id_cita,id_medico,id_paciente,codigo_historia,motivo_consulta,sintomas,diagnostico,tratamiento,receta_medica,indicaciones,fecha_atencion,estado_registro) VALUES (87,87,11,17,'70000017','Consulta externa','Signos y síntomas evaluados.','Evaluación médica satisfactoria.','Tratamiento y recomendaciones registradas.','Receta registrada según evaluación: medicación indicada y control según evolución.','Tomar medicamentos según indicación, mantener hidratación y acudir a control si los síntomas persisten.','2026-06-25 08:00:00','ACTIVO');
INSERT INTO atencion_medica (id_atencion,id_cita,id_medico,id_paciente,codigo_historia,motivo_consulta,sintomas,diagnostico,tratamiento,receta_medica,indicaciones,fecha_atencion,estado_registro) VALUES (88,88,12,18,'70000018','Consulta externa','Signos y síntomas evaluados.','Evaluación médica satisfactoria.','Tratamiento y recomendaciones registradas.','Receta registrada según evaluación: medicación indicada y control según evolución.','Tomar medicamentos según indicación, mantener hidratación y acudir a control si los síntomas persisten.','2026-06-25 08:00:00','ACTIVO');
INSERT INTO atencion_medica (id_atencion,id_cita,id_medico,id_paciente,codigo_historia,motivo_consulta,sintomas,diagnostico,tratamiento,receta_medica,indicaciones,fecha_atencion,estado_registro) VALUES (89,89,1,19,'70000019','Consulta externa','Signos y síntomas evaluados.','Evaluación médica satisfactoria.','Tratamiento y recomendaciones registradas.','Receta registrada según evaluación: medicación indicada y control según evolución.','Tomar medicamentos según indicación, mantener hidratación y acudir a control si los síntomas persisten.','2026-06-25 08:00:00','ACTIVO');
INSERT INTO atencion_medica (id_atencion,id_cita,id_medico,id_paciente,codigo_historia,motivo_consulta,sintomas,diagnostico,tratamiento,receta_medica,indicaciones,fecha_atencion,estado_registro) VALUES (90,90,2,20,'70000020','Consulta externa','Signos y síntomas evaluados.','Evaluación médica satisfactoria.','Tratamiento y recomendaciones registradas.','Receta registrada según evaluación: medicación indicada y control según evolución.','Tomar medicamentos según indicación, mantener hidratación y acudir a control si los síntomas persisten.','2026-06-25 08:00:00','ACTIVO');
INSERT INTO atencion_medica (id_atencion,id_cita,id_medico,id_paciente,codigo_historia,motivo_consulta,sintomas,diagnostico,tratamiento,receta_medica,indicaciones,fecha_atencion,estado_registro) VALUES (91,91,3,21,'70000021','Consulta externa','Signos y síntomas evaluados.','Evaluación médica satisfactoria.','Tratamiento y recomendaciones registradas.','Receta registrada según evaluación: medicación indicada y control según evolución.','Tomar medicamentos según indicación, mantener hidratación y acudir a control si los síntomas persisten.','2026-06-25 08:00:00','ACTIVO');
INSERT INTO atencion_medica (id_atencion,id_cita,id_medico,id_paciente,codigo_historia,motivo_consulta,sintomas,diagnostico,tratamiento,receta_medica,indicaciones,fecha_atencion,estado_registro) VALUES (92,92,4,22,'70000022','Consulta externa','Signos y síntomas evaluados.','Evaluación médica satisfactoria.','Tratamiento y recomendaciones registradas.','Receta registrada según evaluación: medicación indicada y control según evolución.','Tomar medicamentos según indicación, mantener hidratación y acudir a control si los síntomas persisten.','2026-06-25 08:00:00','ACTIVO');
INSERT INTO atencion_medica (id_atencion,id_cita,id_medico,id_paciente,codigo_historia,motivo_consulta,sintomas,diagnostico,tratamiento,receta_medica,indicaciones,fecha_atencion,estado_registro) VALUES (93,93,1,23,'70000023','Consulta externa','Signos y síntomas evaluados.','Evaluación médica satisfactoria.','Tratamiento y recomendaciones registradas.','Receta registrada según evaluación: medicación indicada y control según evolución.','Tomar medicamentos según indicación, mantener hidratación y acudir a control si los síntomas persisten.','2026-06-26 08:00:00','ACTIVO');
INSERT INTO atencion_medica (id_atencion,id_cita,id_medico,id_paciente,codigo_historia,motivo_consulta,sintomas,diagnostico,tratamiento,receta_medica,indicaciones,fecha_atencion,estado_registro) VALUES (94,94,2,24,'70000024','Consulta externa','Signos y síntomas evaluados.','Evaluación médica satisfactoria.','Tratamiento y recomendaciones registradas.','Receta registrada según evaluación: medicación indicada y control según evolución.','Tomar medicamentos según indicación, mantener hidratación y acudir a control si los síntomas persisten.','2026-06-26 08:00:00','ACTIVO');
INSERT INTO atencion_medica (id_atencion,id_cita,id_medico,id_paciente,codigo_historia,motivo_consulta,sintomas,diagnostico,tratamiento,receta_medica,indicaciones,fecha_atencion,estado_registro) VALUES (95,95,3,25,'70000025','Consulta externa','Signos y síntomas evaluados.','Evaluación médica satisfactoria.','Tratamiento y recomendaciones registradas.','Receta registrada según evaluación: medicación indicada y control según evolución.','Tomar medicamentos según indicación, mantener hidratación y acudir a control si los síntomas persisten.','2026-06-26 08:00:00','ACTIVO');
INSERT INTO atencion_medica (id_atencion,id_cita,id_medico,id_paciente,codigo_historia,motivo_consulta,sintomas,diagnostico,tratamiento,receta_medica,indicaciones,fecha_atencion,estado_registro) VALUES (96,96,4,26,'70000026','Consulta externa','Signos y síntomas evaluados.','Evaluación médica satisfactoria.','Tratamiento y recomendaciones registradas.','Receta registrada según evaluación: medicación indicada y control según evolución.','Tomar medicamentos según indicación, mantener hidratación y acudir a control si los síntomas persisten.','2026-06-26 08:00:00','ACTIVO');
INSERT INTO atencion_medica (id_atencion,id_cita,id_medico,id_paciente,codigo_historia,motivo_consulta,sintomas,diagnostico,tratamiento,receta_medica,indicaciones,fecha_atencion,estado_registro) VALUES (97,97,5,27,'70000027','Consulta externa','Signos y síntomas evaluados.','Evaluación médica satisfactoria.','Tratamiento y recomendaciones registradas.','Receta registrada según evaluación: medicación indicada y control según evolución.','Tomar medicamentos según indicación, mantener hidratación y acudir a control si los síntomas persisten.','2026-06-26 08:00:00','ACTIVO');
INSERT INTO atencion_medica (id_atencion,id_cita,id_medico,id_paciente,codigo_historia,motivo_consulta,sintomas,diagnostico,tratamiento,receta_medica,indicaciones,fecha_atencion,estado_registro) VALUES (98,98,6,28,'70000028','Consulta externa','Signos y síntomas evaluados.','Evaluación médica satisfactoria.','Tratamiento y recomendaciones registradas.','Receta registrada según evaluación: medicación indicada y control según evolución.','Tomar medicamentos según indicación, mantener hidratación y acudir a control si los síntomas persisten.','2026-06-26 08:00:00','ACTIVO');
INSERT INTO atencion_medica (id_atencion,id_cita,id_medico,id_paciente,codigo_historia,motivo_consulta,sintomas,diagnostico,tratamiento,receta_medica,indicaciones,fecha_atencion,estado_registro) VALUES (99,99,7,29,'70000029','Consulta externa','Signos y síntomas evaluados.','Evaluación médica satisfactoria.','Tratamiento y recomendaciones registradas.','Receta registrada según evaluación: medicación indicada y control según evolución.','Tomar medicamentos según indicación, mantener hidratación y acudir a control si los síntomas persisten.','2026-06-26 08:00:00','ACTIVO');
INSERT INTO atencion_medica (id_atencion,id_cita,id_medico,id_paciente,codigo_historia,motivo_consulta,sintomas,diagnostico,tratamiento,receta_medica,indicaciones,fecha_atencion,estado_registro) VALUES (100,100,4,69,'70000069','Consulta externa','Signos y síntomas evaluados.','Evaluación médica satisfactoria.','Tratamiento y recomendaciones registradas.','Receta registrada según evaluación: medicación indicada y control según evolución.','Tomar medicamentos según indicación, mantener hidratación y acudir a control si los síntomas persisten.','2026-06-27 08:00:00','ACTIVO');
INSERT INTO atencion_medica (id_atencion,id_cita,id_medico,id_paciente,codigo_historia,motivo_consulta,sintomas,diagnostico,tratamiento,receta_medica,indicaciones,fecha_atencion,estado_registro) VALUES (101,101,5,70,'70000070','Consulta externa','Signos y síntomas evaluados.','Evaluación médica satisfactoria.','Tratamiento y recomendaciones registradas.','Receta registrada según evaluación: medicación indicada y control según evolución.','Tomar medicamentos según indicación, mantener hidratación y acudir a control si los síntomas persisten.','2026-06-27 08:00:00','ACTIVO');
INSERT INTO atencion_medica (id_atencion,id_cita,id_medico,id_paciente,codigo_historia,motivo_consulta,sintomas,diagnostico,tratamiento,receta_medica,indicaciones,fecha_atencion,estado_registro) VALUES (102,102,6,71,'70000071','Consulta externa','Signos y síntomas evaluados.','Evaluación médica satisfactoria.','Tratamiento y recomendaciones registradas.','Receta registrada según evaluación: medicación indicada y control según evolución.','Tomar medicamentos según indicación, mantener hidratación y acudir a control si los síntomas persisten.','2026-06-27 08:00:00','ACTIVO');
INSERT INTO atencion_medica (id_atencion,id_cita,id_medico,id_paciente,codigo_historia,motivo_consulta,sintomas,diagnostico,tratamiento,receta_medica,indicaciones,fecha_atencion,estado_registro) VALUES (103,103,7,72,'70000072','Consulta externa','Signos y síntomas evaluados.','Evaluación médica satisfactoria.','Tratamiento y recomendaciones registradas.','Receta registrada según evaluación: medicación indicada y control según evolución.','Tomar medicamentos según indicación, mantener hidratación y acudir a control si los síntomas persisten.','2026-06-27 08:00:00','ACTIVO');
INSERT INTO atencion_medica (id_atencion,id_cita,id_medico,id_paciente,codigo_historia,motivo_consulta,sintomas,diagnostico,tratamiento,receta_medica,indicaciones,fecha_atencion,estado_registro) VALUES (104,104,10,44,'70000044','Consulta externa','Signos y síntomas evaluados.','Evaluación médica satisfactoria.','Tratamiento y recomendaciones registradas.','Receta registrada según evaluación: medicación indicada y control según evolución.','Tomar medicamentos según indicación, mantener hidratación y acudir a control si los síntomas persisten.','2026-06-29 08:00:00','ACTIVO');
INSERT INTO atencion_medica (id_atencion,id_cita,id_medico,id_paciente,codigo_historia,motivo_consulta,sintomas,diagnostico,tratamiento,receta_medica,indicaciones,fecha_atencion,estado_registro) VALUES (105,105,11,45,'70000045','Consulta externa','Signos y síntomas evaluados.','Evaluación médica satisfactoria.','Tratamiento y recomendaciones registradas.','Receta registrada según evaluación: medicación indicada y control según evolución.','Tomar medicamentos según indicación, mantener hidratación y acudir a control si los síntomas persisten.','2026-06-29 08:00:00','ACTIVO');
INSERT INTO atencion_medica (id_atencion,id_cita,id_medico,id_paciente,codigo_historia,motivo_consulta,sintomas,diagnostico,tratamiento,receta_medica,indicaciones,fecha_atencion,estado_registro) VALUES (106,106,12,46,'70000046','Consulta externa','Signos y síntomas evaluados.','Evaluación médica satisfactoria.','Tratamiento y recomendaciones registradas.','Receta registrada según evaluación: medicación indicada y control según evolución.','Tomar medicamentos según indicación, mantener hidratación y acudir a control si los síntomas persisten.','2026-06-29 08:00:00','ACTIVO');
INSERT INTO atencion_medica (id_atencion,id_cita,id_medico,id_paciente,codigo_historia,motivo_consulta,sintomas,diagnostico,tratamiento,receta_medica,indicaciones,fecha_atencion,estado_registro) VALUES (107,107,1,47,'70000047','Consulta externa','Signos y síntomas evaluados.','Evaluación médica satisfactoria.','Tratamiento y recomendaciones registradas.','Receta registrada según evaluación: medicación indicada y control según evolución.','Tomar medicamentos según indicación, mantener hidratación y acudir a control si los síntomas persisten.','2026-06-29 08:00:00','ACTIVO');
INSERT INTO atencion_medica (id_atencion,id_cita,id_medico,id_paciente,codigo_historia,motivo_consulta,sintomas,diagnostico,tratamiento,receta_medica,indicaciones,fecha_atencion,estado_registro) VALUES (108,108,2,48,'70000048','Consulta externa','Signos y síntomas evaluados.','Evaluación médica satisfactoria.','Tratamiento y recomendaciones registradas.','Receta registrada según evaluación: medicación indicada y control según evolución.','Tomar medicamentos según indicación, mantener hidratación y acudir a control si los síntomas persisten.','2026-06-29 08:00:00','ACTIVO');
INSERT INTO atencion_medica (id_atencion,id_cita,id_medico,id_paciente,codigo_historia,motivo_consulta,sintomas,diagnostico,tratamiento,receta_medica,indicaciones,fecha_atencion,estado_registro) VALUES (109,109,3,49,'70000049','Consulta externa','Signos y síntomas evaluados.','Evaluación médica satisfactoria.','Tratamiento y recomendaciones registradas.','Receta registrada según evaluación: medicación indicada y control según evolución.','Tomar medicamentos según indicación, mantener hidratación y acudir a control si los síntomas persisten.','2026-06-29 08:00:00','ACTIVO');
INSERT INTO atencion_medica (id_atencion,id_cita,id_medico,id_paciente,codigo_historia,motivo_consulta,sintomas,diagnostico,tratamiento,receta_medica,indicaciones,fecha_atencion,estado_registro) VALUES (110,110,4,50,'70000050','Consulta externa','Signos y síntomas evaluados.','Evaluación médica satisfactoria.','Tratamiento y recomendaciones registradas.','Receta registrada según evaluación: medicación indicada y control según evolución.','Tomar medicamentos según indicación, mantener hidratación y acudir a control si los síntomas persisten.','2026-06-29 08:00:00','ACTIVO');
INSERT INTO atencion_medica (id_atencion,id_cita,id_medico,id_paciente,codigo_historia,motivo_consulta,sintomas,diagnostico,tratamiento,receta_medica,indicaciones,fecha_atencion,estado_registro) VALUES (111,111,1,51,'70000051','Consulta externa','Signos y síntomas evaluados.','Evaluación médica satisfactoria.','Tratamiento y recomendaciones registradas.','Receta registrada según evaluación: medicación indicada y control según evolución.','Tomar medicamentos según indicación, mantener hidratación y acudir a control si los síntomas persisten.','2026-06-30 08:00:00','ACTIVO');
INSERT INTO atencion_medica (id_atencion,id_cita,id_medico,id_paciente,codigo_historia,motivo_consulta,sintomas,diagnostico,tratamiento,receta_medica,indicaciones,fecha_atencion,estado_registro) VALUES (112,112,2,52,'70000052','Consulta externa','Signos y síntomas evaluados.','Evaluación médica satisfactoria.','Tratamiento y recomendaciones registradas.','Receta registrada según evaluación: medicación indicada y control según evolución.','Tomar medicamentos según indicación, mantener hidratación y acudir a control si los síntomas persisten.','2026-06-30 08:00:00','ACTIVO');
INSERT INTO atencion_medica (id_atencion,id_cita,id_medico,id_paciente,codigo_historia,motivo_consulta,sintomas,diagnostico,tratamiento,receta_medica,indicaciones,fecha_atencion,estado_registro) VALUES (113,113,3,53,'70000053','Consulta externa','Signos y síntomas evaluados.','Evaluación médica satisfactoria.','Tratamiento y recomendaciones registradas.','Receta registrada según evaluación: medicación indicada y control según evolución.','Tomar medicamentos según indicación, mantener hidratación y acudir a control si los síntomas persisten.','2026-06-30 08:00:00','ACTIVO');
INSERT INTO atencion_medica (id_atencion,id_cita,id_medico,id_paciente,codigo_historia,motivo_consulta,sintomas,diagnostico,tratamiento,receta_medica,indicaciones,fecha_atencion,estado_registro) VALUES (114,114,4,54,'70000054','Consulta externa','Signos y síntomas evaluados.','Evaluación médica satisfactoria.','Tratamiento y recomendaciones registradas.','Receta registrada según evaluación: medicación indicada y control según evolución.','Tomar medicamentos según indicación, mantener hidratación y acudir a control si los síntomas persisten.','2026-06-30 08:00:00','ACTIVO');
INSERT INTO atencion_medica (id_atencion,id_cita,id_medico,id_paciente,codigo_historia,motivo_consulta,sintomas,diagnostico,tratamiento,receta_medica,indicaciones,fecha_atencion,estado_registro) VALUES (115,115,5,55,'70000055','Consulta externa','Signos y síntomas evaluados.','Evaluación médica satisfactoria.','Tratamiento y recomendaciones registradas.','Receta registrada según evaluación: medicación indicada y control según evolución.','Tomar medicamentos según indicación, mantener hidratación y acudir a control si los síntomas persisten.','2026-06-30 08:00:00','ACTIVO');
INSERT INTO atencion_medica (id_atencion,id_cita,id_medico,id_paciente,codigo_historia,motivo_consulta,sintomas,diagnostico,tratamiento,receta_medica,indicaciones,fecha_atencion,estado_registro) VALUES (116,116,6,56,'70000056','Consulta externa','Signos y síntomas evaluados.','Evaluación médica satisfactoria.','Tratamiento y recomendaciones registradas.','Receta registrada según evaluación: medicación indicada y control según evolución.','Tomar medicamentos según indicación, mantener hidratación y acudir a control si los síntomas persisten.','2026-06-30 08:00:00','ACTIVO');
INSERT INTO atencion_medica (id_atencion,id_cita,id_medico,id_paciente,codigo_historia,motivo_consulta,sintomas,diagnostico,tratamiento,receta_medica,indicaciones,fecha_atencion,estado_registro) VALUES (117,117,7,57,'70000057','Consulta externa','Signos y síntomas evaluados.','Evaluación médica satisfactoria.','Tratamiento y recomendaciones registradas.','Receta registrada según evaluación: medicación indicada y control según evolución.','Tomar medicamentos según indicación, mantener hidratación y acudir a control si los síntomas persisten.','2026-06-30 08:00:00','ACTIVO');
INSERT INTO atencion_medica (id_atencion,id_cita,id_medico,id_paciente,codigo_historia,motivo_consulta,sintomas,diagnostico,tratamiento,receta_medica,indicaciones,fecha_atencion,estado_registro) VALUES (118,118,4,58,'70000058','Consulta externa','Signos y síntomas evaluados.','Evaluación médica satisfactoria.','Tratamiento y recomendaciones registradas.','Receta registrada según evaluación: medicación indicada y control según evolución.','Tomar medicamentos según indicación, mantener hidratación y acudir a control si los síntomas persisten.','2026-07-01 08:00:00','ACTIVO');
INSERT INTO atencion_medica (id_atencion,id_cita,id_medico,id_paciente,codigo_historia,motivo_consulta,sintomas,diagnostico,tratamiento,receta_medica,indicaciones,fecha_atencion,estado_registro) VALUES (119,119,5,59,'70000059','Consulta externa','Signos y síntomas evaluados.','Evaluación médica satisfactoria.','Tratamiento y recomendaciones registradas.','Receta registrada según evaluación: medicación indicada y control según evolución.','Tomar medicamentos según indicación, mantener hidratación y acudir a control si los síntomas persisten.','2026-07-01 08:00:00','ACTIVO');
INSERT INTO atencion_medica (id_atencion,id_cita,id_medico,id_paciente,codigo_historia,motivo_consulta,sintomas,diagnostico,tratamiento,receta_medica,indicaciones,fecha_atencion,estado_registro) VALUES (120,120,6,60,'70000060','Consulta externa','Signos y síntomas evaluados.','Evaluación médica satisfactoria.','Tratamiento y recomendaciones registradas.','Receta registrada según evaluación: medicación indicada y control según evolución.','Tomar medicamentos según indicación, mantener hidratación y acudir a control si los síntomas persisten.','2026-07-01 08:00:00','ACTIVO');
INSERT INTO atencion_medica (id_atencion,id_cita,id_medico,id_paciente,codigo_historia,motivo_consulta,sintomas,diagnostico,tratamiento,receta_medica,indicaciones,fecha_atencion,estado_registro) VALUES (121,121,7,61,'70000061','Consulta externa','Signos y síntomas evaluados.','Evaluación médica satisfactoria.','Tratamiento y recomendaciones registradas.','Receta registrada según evaluación: medicación indicada y control según evolución.','Tomar medicamentos según indicación, mantener hidratación y acudir a control si los síntomas persisten.','2026-07-01 08:00:00','ACTIVO');
INSERT INTO atencion_medica (id_atencion,id_cita,id_medico,id_paciente,codigo_historia,motivo_consulta,sintomas,diagnostico,tratamiento,receta_medica,indicaciones,fecha_atencion,estado_registro) VALUES (122,122,8,62,'70000062','Consulta externa','Signos y síntomas evaluados.','Evaluación médica satisfactoria.','Tratamiento y recomendaciones registradas.','Receta registrada según evaluación: medicación indicada y control según evolución.','Tomar medicamentos según indicación, mantener hidratación y acudir a control si los síntomas persisten.','2026-07-01 08:00:00','ACTIVO');
INSERT INTO atencion_medica (id_atencion,id_cita,id_medico,id_paciente,codigo_historia,motivo_consulta,sintomas,diagnostico,tratamiento,receta_medica,indicaciones,fecha_atencion,estado_registro) VALUES (123,123,9,63,'70000063','Consulta externa','Signos y síntomas evaluados.','Evaluación médica satisfactoria.','Tratamiento y recomendaciones registradas.','Receta registrada según evaluación: medicación indicada y control según evolución.','Tomar medicamentos según indicación, mantener hidratación y acudir a control si los síntomas persisten.','2026-07-01 08:00:00','ACTIVO');
INSERT INTO atencion_medica (id_atencion,id_cita,id_medico,id_paciente,codigo_historia,motivo_consulta,sintomas,diagnostico,tratamiento,receta_medica,indicaciones,fecha_atencion,estado_registro) VALUES (124,124,10,64,'70000064','Consulta externa','Signos y síntomas evaluados.','Evaluación médica satisfactoria.','Tratamiento y recomendaciones registradas.','Receta registrada según evaluación: medicación indicada y control según evolución.','Tomar medicamentos según indicación, mantener hidratación y acudir a control si los síntomas persisten.','2026-07-01 08:00:00','ACTIVO');
INSERT INTO atencion_medica (id_atencion,id_cita,id_medico,id_paciente,codigo_historia,motivo_consulta,sintomas,diagnostico,tratamiento,receta_medica,indicaciones,fecha_atencion,estado_registro) VALUES (125,125,7,65,'70000065','Consulta externa','Signos y síntomas evaluados.','Evaluación médica satisfactoria.','Tratamiento y recomendaciones registradas.','Receta registrada según evaluación: medicación indicada y control según evolución.','Tomar medicamentos según indicación, mantener hidratación y acudir a control si los síntomas persisten.','2026-07-02 08:00:00','ACTIVO');
INSERT INTO atencion_medica (id_atencion,id_cita,id_medico,id_paciente,codigo_historia,motivo_consulta,sintomas,diagnostico,tratamiento,receta_medica,indicaciones,fecha_atencion,estado_registro) VALUES (126,126,8,66,'70000066','Consulta externa','Signos y síntomas evaluados.','Evaluación médica satisfactoria.','Tratamiento y recomendaciones registradas.','Receta registrada según evaluación: medicación indicada y control según evolución.','Tomar medicamentos según indicación, mantener hidratación y acudir a control si los síntomas persisten.','2026-07-02 08:00:00','ACTIVO');
INSERT INTO atencion_medica (id_atencion,id_cita,id_medico,id_paciente,codigo_historia,motivo_consulta,sintomas,diagnostico,tratamiento,receta_medica,indicaciones,fecha_atencion,estado_registro) VALUES (127,127,9,67,'70000067','Consulta externa','Signos y síntomas evaluados.','Evaluación médica satisfactoria.','Tratamiento y recomendaciones registradas.','Receta registrada según evaluación: medicación indicada y control según evolución.','Tomar medicamentos según indicación, mantener hidratación y acudir a control si los síntomas persisten.','2026-07-02 08:00:00','ACTIVO');
INSERT INTO atencion_medica (id_atencion,id_cita,id_medico,id_paciente,codigo_historia,motivo_consulta,sintomas,diagnostico,tratamiento,receta_medica,indicaciones,fecha_atencion,estado_registro) VALUES (128,128,10,68,'70000068','Consulta externa','Signos y síntomas evaluados.','Evaluación médica satisfactoria.','Tratamiento y recomendaciones registradas.','Receta registrada según evaluación: medicación indicada y control según evolución.','Tomar medicamentos según indicación, mantener hidratación y acudir a control si los síntomas persisten.','2026-07-02 08:00:00','ACTIVO');
INSERT INTO atencion_medica (id_atencion,id_cita,id_medico,id_paciente,codigo_historia,motivo_consulta,sintomas,diagnostico,tratamiento,receta_medica,indicaciones,fecha_atencion,estado_registro) VALUES (129,129,11,69,'70000069','Consulta externa','Signos y síntomas evaluados.','Evaluación médica satisfactoria.','Tratamiento y recomendaciones registradas.','Receta registrada según evaluación: medicación indicada y control según evolución.','Tomar medicamentos según indicación, mantener hidratación y acudir a control si los síntomas persisten.','2026-07-02 08:00:00','ACTIVO');
INSERT INTO atencion_medica (id_atencion,id_cita,id_medico,id_paciente,codigo_historia,motivo_consulta,sintomas,diagnostico,tratamiento,receta_medica,indicaciones,fecha_atencion,estado_registro) VALUES (130,130,12,70,'70000070','Consulta externa','Signos y síntomas evaluados.','Evaluación médica satisfactoria.','Tratamiento y recomendaciones registradas.','Receta registrada según evaluación: medicación indicada y control según evolución.','Tomar medicamentos según indicación, mantener hidratación y acudir a control si los síntomas persisten.','2026-07-02 08:00:00','ACTIVO');
INSERT INTO atencion_medica (id_atencion,id_cita,id_medico,id_paciente,codigo_historia,motivo_consulta,sintomas,diagnostico,tratamiento,receta_medica,indicaciones,fecha_atencion,estado_registro) VALUES (131,131,1,71,'70000071','Consulta externa','Signos y síntomas evaluados.','Evaluación médica satisfactoria.','Tratamiento y recomendaciones registradas.','Receta registrada según evaluación: medicación indicada y control según evolución.','Tomar medicamentos según indicación, mantener hidratación y acudir a control si los síntomas persisten.','2026-07-02 08:00:00','ACTIVO');
INSERT INTO atencion_medica (id_atencion,id_cita,id_medico,id_paciente,codigo_historia,motivo_consulta,sintomas,diagnostico,tratamiento,receta_medica,indicaciones,fecha_atencion,estado_registro) VALUES (132,132,10,72,'70000072','Consulta externa','Signos y síntomas evaluados.','Evaluación médica satisfactoria.','Tratamiento y recomendaciones registradas.','Receta registrada según evaluación: medicación indicada y control según evolución.','Tomar medicamentos según indicación, mantener hidratación y acudir a control si los síntomas persisten.','2026-07-03 08:00:00','ACTIVO');
INSERT INTO atencion_medica (id_atencion,id_cita,id_medico,id_paciente,codigo_historia,motivo_consulta,sintomas,diagnostico,tratamiento,receta_medica,indicaciones,fecha_atencion,estado_registro) VALUES (133,133,11,73,'70000073','Consulta externa','Signos y síntomas evaluados.','Evaluación médica satisfactoria.','Tratamiento y recomendaciones registradas.','Receta registrada según evaluación: medicación indicada y control según evolución.','Tomar medicamentos según indicación, mantener hidratación y acudir a control si los síntomas persisten.','2026-07-03 08:00:00','ACTIVO');
INSERT INTO atencion_medica (id_atencion,id_cita,id_medico,id_paciente,codigo_historia,motivo_consulta,sintomas,diagnostico,tratamiento,receta_medica,indicaciones,fecha_atencion,estado_registro) VALUES (134,134,12,74,'70000074','Consulta externa','Signos y síntomas evaluados.','Evaluación médica satisfactoria.','Tratamiento y recomendaciones registradas.','Receta registrada según evaluación: medicación indicada y control según evolución.','Tomar medicamentos según indicación, mantener hidratación y acudir a control si los síntomas persisten.','2026-07-03 08:00:00','ACTIVO');
INSERT INTO atencion_medica (id_atencion,id_cita,id_medico,id_paciente,codigo_historia,motivo_consulta,sintomas,diagnostico,tratamiento,receta_medica,indicaciones,fecha_atencion,estado_registro) VALUES (135,135,1,75,'70000075','Consulta externa','Signos y síntomas evaluados.','Evaluación médica satisfactoria.','Tratamiento y recomendaciones registradas.','Receta registrada según evaluación: medicación indicada y control según evolución.','Tomar medicamentos según indicación, mantener hidratación y acudir a control si los síntomas persisten.','2026-07-03 08:00:00','ACTIVO');
INSERT INTO atencion_medica (id_atencion,id_cita,id_medico,id_paciente,codigo_historia,motivo_consulta,sintomas,diagnostico,tratamiento,receta_medica,indicaciones,fecha_atencion,estado_registro) VALUES (136,136,2,76,'70000076','Consulta externa','Signos y síntomas evaluados.','Evaluación médica satisfactoria.','Tratamiento y recomendaciones registradas.','Receta registrada según evaluación: medicación indicada y control según evolución.','Tomar medicamentos según indicación, mantener hidratación y acudir a control si los síntomas persisten.','2026-07-03 08:00:00','ACTIVO');
INSERT INTO atencion_medica (id_atencion,id_cita,id_medico,id_paciente,codigo_historia,motivo_consulta,sintomas,diagnostico,tratamiento,receta_medica,indicaciones,fecha_atencion,estado_registro) VALUES (137,137,3,77,'70000077','Consulta externa','Signos y síntomas evaluados.','Evaluación médica satisfactoria.','Tratamiento y recomendaciones registradas.','Receta registrada según evaluación: medicación indicada y control según evolución.','Tomar medicamentos según indicación, mantener hidratación y acudir a control si los síntomas persisten.','2026-07-03 08:00:00','ACTIVO');
INSERT INTO atencion_medica (id_atencion,id_cita,id_medico,id_paciente,codigo_historia,motivo_consulta,sintomas,diagnostico,tratamiento,receta_medica,indicaciones,fecha_atencion,estado_registro) VALUES (138,138,4,78,'70000078','Consulta externa','Signos y síntomas evaluados.','Evaluación médica satisfactoria.','Tratamiento y recomendaciones registradas.','Receta registrada según evaluación: medicación indicada y control según evolución.','Tomar medicamentos según indicación, mantener hidratación y acudir a control si los síntomas persisten.','2026-07-03 08:00:00','ACTIVO');
INSERT INTO atencion_medica (id_atencion,id_cita,id_medico,id_paciente,codigo_historia,motivo_consulta,sintomas,diagnostico,tratamiento,receta_medica,indicaciones,fecha_atencion,estado_registro) VALUES (139,139,1,7,'70000007','Consulta externa','Signos y síntomas evaluados.','Evaluación médica satisfactoria.','Tratamiento y recomendaciones registradas.','Receta registrada según evaluación: medicación indicada y control según evolución.','Tomar medicamentos según indicación, mantener hidratación y acudir a control si los síntomas persisten.','2026-07-04 08:00:00','ACTIVO');
INSERT INTO atencion_medica (id_atencion,id_cita,id_medico,id_paciente,codigo_historia,motivo_consulta,sintomas,diagnostico,tratamiento,receta_medica,indicaciones,fecha_atencion,estado_registro) VALUES (140,140,2,8,'70000008','Consulta externa','Signos y síntomas evaluados.','Evaluación médica satisfactoria.','Tratamiento y recomendaciones registradas.','Receta registrada según evaluación: medicación indicada y control según evolución.','Tomar medicamentos según indicación, mantener hidratación y acudir a control si los síntomas persisten.','2026-07-04 08:00:00','ACTIVO');
INSERT INTO atencion_medica (id_atencion,id_cita,id_medico,id_paciente,codigo_historia,motivo_consulta,sintomas,diagnostico,tratamiento,receta_medica,indicaciones,fecha_atencion,estado_registro) VALUES (141,141,3,9,'70000009','Consulta externa','Signos y síntomas evaluados.','Evaluación médica satisfactoria.','Tratamiento y recomendaciones registradas.','Receta registrada según evaluación: medicación indicada y control según evolución.','Tomar medicamentos según indicación, mantener hidratación y acudir a control si los síntomas persisten.','2026-07-04 08:00:00','ACTIVO');
INSERT INTO atencion_medica (id_atencion,id_cita,id_medico,id_paciente,codigo_historia,motivo_consulta,sintomas,diagnostico,tratamiento,receta_medica,indicaciones,fecha_atencion,estado_registro) VALUES (142,142,4,10,'70000010','Consulta externa','Signos y síntomas evaluados.','Evaluación médica satisfactoria.','Tratamiento y recomendaciones registradas.','Receta registrada según evaluación: medicación indicada y control según evolución.','Tomar medicamentos según indicación, mantener hidratación y acudir a control si los síntomas persisten.','2026-07-04 08:00:00','ACTIVO');
INSERT INTO atencion_medica (id_atencion,id_cita,id_medico,id_paciente,codigo_historia,motivo_consulta,sintomas,diagnostico,tratamiento,receta_medica,indicaciones,fecha_atencion,estado_registro) VALUES (143,143,7,3,'70000003','Consulta externa','Signos y síntomas evaluados.','Evaluación médica satisfactoria.','Tratamiento y recomendaciones registradas.','Receta registrada según evaluación: medicación indicada y control según evolución.','Tomar medicamentos según indicación, mantener hidratación y acudir a control si los síntomas persisten.','2026-07-06 08:00:00','ACTIVO');
INSERT INTO atencion_medica (id_atencion,id_cita,id_medico,id_paciente,codigo_historia,motivo_consulta,sintomas,diagnostico,tratamiento,receta_medica,indicaciones,fecha_atencion,estado_registro) VALUES (144,144,8,4,'70000004','Consulta externa','Signos y síntomas evaluados.','Evaluación médica satisfactoria.','Tratamiento y recomendaciones registradas.','Receta registrada según evaluación: medicación indicada y control según evolución.','Tomar medicamentos según indicación, mantener hidratación y acudir a control si los síntomas persisten.','2026-07-06 08:00:00','ACTIVO');
INSERT INTO atencion_medica (id_atencion,id_cita,id_medico,id_paciente,codigo_historia,motivo_consulta,sintomas,diagnostico,tratamiento,receta_medica,indicaciones,fecha_atencion,estado_registro) VALUES (145,145,9,5,'70000005','Consulta externa','Signos y síntomas evaluados.','Evaluación médica satisfactoria.','Tratamiento y recomendaciones registradas.','Receta registrada según evaluación: medicación indicada y control según evolución.','Tomar medicamentos según indicación, mantener hidratación y acudir a control si los síntomas persisten.','2026-07-06 08:00:00','ACTIVO');
INSERT INTO atencion_medica (id_atencion,id_cita,id_medico,id_paciente,codigo_historia,motivo_consulta,sintomas,diagnostico,tratamiento,receta_medica,indicaciones,fecha_atencion,estado_registro) VALUES (146,146,10,6,'70000006','Consulta externa','Signos y síntomas evaluados.','Evaluación médica satisfactoria.','Tratamiento y recomendaciones registradas.','Receta registrada según evaluación: medicación indicada y control según evolución.','Tomar medicamentos según indicación, mantener hidratación y acudir a control si los síntomas persisten.','2026-07-06 08:00:00','ACTIVO');
INSERT INTO atencion_medica (id_atencion,id_cita,id_medico,id_paciente,codigo_historia,motivo_consulta,sintomas,diagnostico,tratamiento,receta_medica,indicaciones,fecha_atencion,estado_registro) VALUES (147,147,11,7,'70000007','Consulta externa','Signos y síntomas evaluados.','Evaluación médica satisfactoria.','Tratamiento y recomendaciones registradas.','Receta registrada según evaluación: medicación indicada y control según evolución.','Tomar medicamentos según indicación, mantener hidratación y acudir a control si los síntomas persisten.','2026-07-06 08:00:00','ACTIVO');
INSERT INTO atencion_medica (id_atencion,id_cita,id_medico,id_paciente,codigo_historia,motivo_consulta,sintomas,diagnostico,tratamiento,receta_medica,indicaciones,fecha_atencion,estado_registro) VALUES (148,148,12,8,'70000008','Consulta externa','Signos y síntomas evaluados.','Evaluación médica satisfactoria.','Tratamiento y recomendaciones registradas.','Receta registrada según evaluación: medicación indicada y control según evolución.','Tomar medicamentos según indicación, mantener hidratación y acudir a control si los síntomas persisten.','2026-07-06 08:00:00','ACTIVO');
INSERT INTO atencion_medica (id_atencion,id_cita,id_medico,id_paciente,codigo_historia,motivo_consulta,sintomas,diagnostico,tratamiento,receta_medica,indicaciones,fecha_atencion,estado_registro) VALUES (149,149,1,9,'70000009','Consulta externa','Signos y síntomas evaluados.','Evaluación médica satisfactoria.','Tratamiento y recomendaciones registradas.','Receta registrada según evaluación: medicación indicada y control según evolución.','Tomar medicamentos según indicación, mantener hidratación y acudir a control si los síntomas persisten.','2026-07-06 08:00:00','ACTIVO');
INSERT INTO atencion_medica (id_atencion,id_cita,id_medico,id_paciente,codigo_historia,motivo_consulta,sintomas,diagnostico,tratamiento,receta_medica,indicaciones,fecha_atencion,estado_registro) VALUES (150,150,10,10,'70000010','Consulta externa','Signos y síntomas evaluados.','Evaluación médica satisfactoria.','Tratamiento y recomendaciones registradas.','Receta registrada según evaluación: medicación indicada y control según evolución.','Tomar medicamentos según indicación, mantener hidratación y acudir a control si los síntomas persisten.','2026-07-07 08:00:00','ACTIVO');
INSERT INTO atencion_medica (id_atencion,id_cita,id_medico,id_paciente,codigo_historia,motivo_consulta,sintomas,diagnostico,tratamiento,receta_medica,indicaciones,fecha_atencion,estado_registro) VALUES (151,151,11,11,'70000011','Consulta externa','Signos y síntomas evaluados.','Evaluación médica satisfactoria.','Tratamiento y recomendaciones registradas.','Receta registrada según evaluación: medicación indicada y control según evolución.','Tomar medicamentos según indicación, mantener hidratación y acudir a control si los síntomas persisten.','2026-07-07 08:00:00','ACTIVO');
INSERT INTO atencion_medica (id_atencion,id_cita,id_medico,id_paciente,codigo_historia,motivo_consulta,sintomas,diagnostico,tratamiento,receta_medica,indicaciones,fecha_atencion,estado_registro) VALUES (152,152,12,12,'70000012','Consulta externa','Signos y síntomas evaluados.','Evaluación médica satisfactoria.','Tratamiento y recomendaciones registradas.','Receta registrada según evaluación: medicación indicada y control según evolución.','Tomar medicamentos según indicación, mantener hidratación y acudir a control si los síntomas persisten.','2026-07-07 08:00:00','ACTIVO');
INSERT INTO atencion_medica (id_atencion,id_cita,id_medico,id_paciente,codigo_historia,motivo_consulta,sintomas,diagnostico,tratamiento,receta_medica,indicaciones,fecha_atencion,estado_registro) VALUES (153,153,1,13,'70000013','Consulta externa','Signos y síntomas evaluados.','Evaluación médica satisfactoria.','Tratamiento y recomendaciones registradas.','Receta registrada según evaluación: medicación indicada y control según evolución.','Tomar medicamentos según indicación, mantener hidratación y acudir a control si los síntomas persisten.','2026-07-07 08:00:00','ACTIVO');
INSERT INTO atencion_medica (id_atencion,id_cita,id_medico,id_paciente,codigo_historia,motivo_consulta,sintomas,diagnostico,tratamiento,receta_medica,indicaciones,fecha_atencion,estado_registro) VALUES (154,154,2,14,'70000014','Consulta externa','Signos y síntomas evaluados.','Evaluación médica satisfactoria.','Tratamiento y recomendaciones registradas.','Receta registrada según evaluación: medicación indicada y control según evolución.','Tomar medicamentos según indicación, mantener hidratación y acudir a control si los síntomas persisten.','2026-07-07 08:00:00','ACTIVO');
INSERT INTO atencion_medica (id_atencion,id_cita,id_medico,id_paciente,codigo_historia,motivo_consulta,sintomas,diagnostico,tratamiento,receta_medica,indicaciones,fecha_atencion,estado_registro) VALUES (155,155,3,15,'70000015','Consulta externa','Signos y síntomas evaluados.','Evaluación médica satisfactoria.','Tratamiento y recomendaciones registradas.','Receta registrada según evaluación: medicación indicada y control según evolución.','Tomar medicamentos según indicación, mantener hidratación y acudir a control si los síntomas persisten.','2026-07-07 08:00:00','ACTIVO');
INSERT INTO atencion_medica (id_atencion,id_cita,id_medico,id_paciente,codigo_historia,motivo_consulta,sintomas,diagnostico,tratamiento,receta_medica,indicaciones,fecha_atencion,estado_registro) VALUES (156,156,4,16,'70000016','Consulta externa','Signos y síntomas evaluados.','Evaluación médica satisfactoria.','Tratamiento y recomendaciones registradas.','Receta registrada según evaluación: medicación indicada y control según evolución.','Tomar medicamentos según indicación, mantener hidratación y acudir a control si los síntomas persisten.','2026-07-07 08:00:00','ACTIVO');
INSERT INTO atencion_medica (id_atencion,id_cita,id_medico,id_paciente,codigo_historia,motivo_consulta,sintomas,diagnostico,tratamiento,receta_medica,indicaciones,fecha_atencion,estado_registro) VALUES (157,157,1,17,'70000017','Consulta externa','Signos y síntomas evaluados.','Evaluación médica satisfactoria.','Tratamiento y recomendaciones registradas.','Receta registrada según evaluación: medicación indicada y control según evolución.','Tomar medicamentos según indicación, mantener hidratación y acudir a control si los síntomas persisten.','2026-07-08 08:00:00','ACTIVO');
INSERT INTO atencion_medica (id_atencion,id_cita,id_medico,id_paciente,codigo_historia,motivo_consulta,sintomas,diagnostico,tratamiento,receta_medica,indicaciones,fecha_atencion,estado_registro) VALUES (158,158,2,18,'70000018','Consulta externa','Signos y síntomas evaluados.','Evaluación médica satisfactoria.','Tratamiento y recomendaciones registradas.','Receta registrada según evaluación: medicación indicada y control según evolución.','Tomar medicamentos según indicación, mantener hidratación y acudir a control si los síntomas persisten.','2026-07-08 08:00:00','ACTIVO');
INSERT INTO atencion_medica (id_atencion,id_cita,id_medico,id_paciente,codigo_historia,motivo_consulta,sintomas,diagnostico,tratamiento,receta_medica,indicaciones,fecha_atencion,estado_registro) VALUES (159,159,3,19,'70000019','Consulta externa','Signos y síntomas evaluados.','Evaluación médica satisfactoria.','Tratamiento y recomendaciones registradas.','Receta registrada según evaluación: medicación indicada y control según evolución.','Tomar medicamentos según indicación, mantener hidratación y acudir a control si los síntomas persisten.','2026-07-08 08:00:00','ACTIVO');
INSERT INTO atencion_medica (id_atencion,id_cita,id_medico,id_paciente,codigo_historia,motivo_consulta,sintomas,diagnostico,tratamiento,receta_medica,indicaciones,fecha_atencion,estado_registro) VALUES (160,160,4,20,'70000020','Consulta externa','Signos y síntomas evaluados.','Evaluación médica satisfactoria.','Tratamiento y recomendaciones registradas.','Receta registrada según evaluación: medicación indicada y control según evolución.','Tomar medicamentos según indicación, mantener hidratación y acudir a control si los síntomas persisten.','2026-07-08 08:00:00','ACTIVO');
INSERT INTO atencion_medica (id_atencion,id_cita,id_medico,id_paciente,codigo_historia,motivo_consulta,sintomas,diagnostico,tratamiento,receta_medica,indicaciones,fecha_atencion,estado_registro) VALUES (161,161,5,21,'70000021','Consulta externa','Signos y síntomas evaluados.','Evaluación médica satisfactoria.','Tratamiento y recomendaciones registradas.','Receta registrada según evaluación: medicación indicada y control según evolución.','Tomar medicamentos según indicación, mantener hidratación y acudir a control si los síntomas persisten.','2026-07-08 08:00:00','ACTIVO');
INSERT INTO atencion_medica (id_atencion,id_cita,id_medico,id_paciente,codigo_historia,motivo_consulta,sintomas,diagnostico,tratamiento,receta_medica,indicaciones,fecha_atencion,estado_registro) VALUES (162,162,6,22,'70000022','Consulta externa','Signos y síntomas evaluados.','Evaluación médica satisfactoria.','Tratamiento y recomendaciones registradas.','Receta registrada según evaluación: medicación indicada y control según evolución.','Tomar medicamentos según indicación, mantener hidratación y acudir a control si los síntomas persisten.','2026-07-08 08:00:00','ACTIVO');
INSERT INTO atencion_medica (id_atencion,id_cita,id_medico,id_paciente,codigo_historia,motivo_consulta,sintomas,diagnostico,tratamiento,receta_medica,indicaciones,fecha_atencion,estado_registro) VALUES (163,163,7,23,'70000023','Consulta externa','Signos y síntomas evaluados.','Evaluación médica satisfactoria.','Tratamiento y recomendaciones registradas.','Receta registrada según evaluación: medicación indicada y control según evolución.','Tomar medicamentos según indicación, mantener hidratación y acudir a control si los síntomas persisten.','2026-07-08 08:00:00','ACTIVO');
INSERT INTO atencion_medica (id_atencion,id_cita,id_medico,id_paciente,codigo_historia,motivo_consulta,sintomas,diagnostico,tratamiento,receta_medica,indicaciones,fecha_atencion,estado_registro) VALUES (164,164,4,24,'70000024','Consulta externa','Signos y síntomas evaluados.','Evaluación médica satisfactoria.','Tratamiento y recomendaciones registradas.','Receta registrada según evaluación: medicación indicada y control según evolución.','Tomar medicamentos según indicación, mantener hidratación y acudir a control si los síntomas persisten.','2026-07-09 08:00:00','ACTIVO');
INSERT INTO atencion_medica (id_atencion,id_cita,id_medico,id_paciente,codigo_historia,motivo_consulta,sintomas,diagnostico,tratamiento,receta_medica,indicaciones,fecha_atencion,estado_registro) VALUES (165,165,5,25,'70000025','Consulta externa','Signos y síntomas evaluados.','Evaluación médica satisfactoria.','Tratamiento y recomendaciones registradas.','Receta registrada según evaluación: medicación indicada y control según evolución.','Tomar medicamentos según indicación, mantener hidratación y acudir a control si los síntomas persisten.','2026-07-09 08:00:00','ACTIVO');
INSERT INTO atencion_medica (id_atencion,id_cita,id_medico,id_paciente,codigo_historia,motivo_consulta,sintomas,diagnostico,tratamiento,receta_medica,indicaciones,fecha_atencion,estado_registro) VALUES (166,166,6,26,'70000026','Consulta externa','Signos y síntomas evaluados.','Evaluación médica satisfactoria.','Tratamiento y recomendaciones registradas.','Receta registrada según evaluación: medicación indicada y control según evolución.','Tomar medicamentos según indicación, mantener hidratación y acudir a control si los síntomas persisten.','2026-07-09 08:00:00','ACTIVO');
INSERT INTO atencion_medica (id_atencion,id_cita,id_medico,id_paciente,codigo_historia,motivo_consulta,sintomas,diagnostico,tratamiento,receta_medica,indicaciones,fecha_atencion,estado_registro) VALUES (167,167,7,27,'70000027','Consulta externa','Signos y síntomas evaluados.','Evaluación médica satisfactoria.','Tratamiento y recomendaciones registradas.','Receta registrada según evaluación: medicación indicada y control según evolución.','Tomar medicamentos según indicación, mantener hidratación y acudir a control si los síntomas persisten.','2026-07-09 08:00:00','ACTIVO');
INSERT INTO atencion_medica (id_atencion,id_cita,id_medico,id_paciente,codigo_historia,motivo_consulta,sintomas,diagnostico,tratamiento,receta_medica,indicaciones,fecha_atencion,estado_registro) VALUES (168,168,8,28,'70000028','Consulta externa','Signos y síntomas evaluados.','Evaluación médica satisfactoria.','Tratamiento y recomendaciones registradas.','Receta registrada según evaluación: medicación indicada y control según evolución.','Tomar medicamentos según indicación, mantener hidratación y acudir a control si los síntomas persisten.','2026-07-09 08:00:00','ACTIVO');
INSERT INTO atencion_medica (id_atencion,id_cita,id_medico,id_paciente,codigo_historia,motivo_consulta,sintomas,diagnostico,tratamiento,receta_medica,indicaciones,fecha_atencion,estado_registro) VALUES (169,169,9,29,'70000029','Consulta externa','Signos y síntomas evaluados.','Evaluación médica satisfactoria.','Tratamiento y recomendaciones registradas.','Receta registrada según evaluación: medicación indicada y control según evolución.','Tomar medicamentos según indicación, mantener hidratación y acudir a control si los síntomas persisten.','2026-07-09 08:00:00','ACTIVO');
INSERT INTO atencion_medica (id_atencion,id_cita,id_medico,id_paciente,codigo_historia,motivo_consulta,sintomas,diagnostico,tratamiento,receta_medica,indicaciones,fecha_atencion,estado_registro) VALUES (170,170,10,30,'70000030','Consulta externa','Signos y síntomas evaluados.','Evaluación médica satisfactoria.','Tratamiento y recomendaciones registradas.','Receta registrada según evaluación: medicación indicada y control según evolución.','Tomar medicamentos según indicación, mantener hidratación y acudir a control si los síntomas persisten.','2026-07-09 08:00:00','ACTIVO');
INSERT INTO atencion_medica (id_atencion,id_cita,id_medico,id_paciente,codigo_historia,motivo_consulta,sintomas,diagnostico,tratamiento,receta_medica,indicaciones,fecha_atencion,estado_registro) VALUES (171,171,7,31,'70000031','Consulta externa','Signos y síntomas evaluados.','Evaluación médica satisfactoria.','Tratamiento y recomendaciones registradas.','Receta registrada según evaluación: medicación indicada y control según evolución.','Tomar medicamentos según indicación, mantener hidratación y acudir a control si los síntomas persisten.','2026-07-10 08:00:00','ACTIVO');
INSERT INTO atencion_medica (id_atencion,id_cita,id_medico,id_paciente,codigo_historia,motivo_consulta,sintomas,diagnostico,tratamiento,receta_medica,indicaciones,fecha_atencion,estado_registro) VALUES (172,172,8,32,'70000032','Consulta externa','Signos y síntomas evaluados.','Evaluación médica satisfactoria.','Tratamiento y recomendaciones registradas.','Receta registrada según evaluación: medicación indicada y control según evolución.','Tomar medicamentos según indicación, mantener hidratación y acudir a control si los síntomas persisten.','2026-07-10 08:00:00','ACTIVO');
INSERT INTO atencion_medica (id_atencion,id_cita,id_medico,id_paciente,codigo_historia,motivo_consulta,sintomas,diagnostico,tratamiento,receta_medica,indicaciones,fecha_atencion,estado_registro) VALUES (173,173,9,33,'70000033','Consulta externa','Signos y síntomas evaluados.','Evaluación médica satisfactoria.','Tratamiento y recomendaciones registradas.','Receta registrada según evaluación: medicación indicada y control según evolución.','Tomar medicamentos según indicación, mantener hidratación y acudir a control si los síntomas persisten.','2026-07-10 08:00:00','ACTIVO');
INSERT INTO atencion_medica (id_atencion,id_cita,id_medico,id_paciente,codigo_historia,motivo_consulta,sintomas,diagnostico,tratamiento,receta_medica,indicaciones,fecha_atencion,estado_registro) VALUES (174,174,10,34,'70000034','Consulta externa','Signos y síntomas evaluados.','Evaluación médica satisfactoria.','Tratamiento y recomendaciones registradas.','Receta registrada según evaluación: medicación indicada y control según evolución.','Tomar medicamentos según indicación, mantener hidratación y acudir a control si los síntomas persisten.','2026-07-10 08:00:00','ACTIVO');
INSERT INTO atencion_medica (id_atencion,id_cita,id_medico,id_paciente,codigo_historia,motivo_consulta,sintomas,diagnostico,tratamiento,receta_medica,indicaciones,fecha_atencion,estado_registro) VALUES (175,175,11,35,'70000035','Consulta externa','Signos y síntomas evaluados.','Evaluación médica satisfactoria.','Tratamiento y recomendaciones registradas.','Receta registrada según evaluación: medicación indicada y control según evolución.','Tomar medicamentos según indicación, mantener hidratación y acudir a control si los síntomas persisten.','2026-07-10 08:00:00','ACTIVO');
INSERT INTO atencion_medica (id_atencion,id_cita,id_medico,id_paciente,codigo_historia,motivo_consulta,sintomas,diagnostico,tratamiento,receta_medica,indicaciones,fecha_atencion,estado_registro) VALUES (176,176,12,36,'70000036','Consulta externa','Signos y síntomas evaluados.','Evaluación médica satisfactoria.','Tratamiento y recomendaciones registradas.','Receta registrada según evaluación: medicación indicada y control según evolución.','Tomar medicamentos según indicación, mantener hidratación y acudir a control si los síntomas persisten.','2026-07-10 08:00:00','ACTIVO');
INSERT INTO atencion_medica (id_atencion,id_cita,id_medico,id_paciente,codigo_historia,motivo_consulta,sintomas,diagnostico,tratamiento,receta_medica,indicaciones,fecha_atencion,estado_registro) VALUES (177,177,1,37,'70000037','Consulta externa','Signos y síntomas evaluados.','Evaluación médica satisfactoria.','Tratamiento y recomendaciones registradas.','Receta registrada según evaluación: medicación indicada y control según evolución.','Tomar medicamentos según indicación, mantener hidratación y acudir a control si los síntomas persisten.','2026-07-10 08:00:00','ACTIVO');

-- Configuración adaptable. El IGV se mantiene configurable para no quemarlo en código.
INSERT INTO configuracion_sistema (clave, valor, descripcion) VALUES
('IGV_PORCENTAJE','18','Porcentaje de IGV referencial para comprobante interno.'),
('DURACION_CITA_DEFAULT','30','Duración estándar de cita en minutos.'),
('TOLERANCIA_CITA_DEFAULT','10','Tolerancia operativa en minutos.');

-- Vistas de apoyo.
CREATE OR REPLACE VIEW vw_citas_completas AS
SELECT c.id_cita, p.dni AS paciente_dni, CONCAT(p.nombres,' ',p.apellidos) AS paciente,
       CONCAT(m.nombres,' ',m.apellidos) AS medico, e.nombre AS especialidad,
       c.fecha, c.hora, c.hora_fin, c.duracion_minutos, c.estado AS estado_cita,
       COALESCE(pg.estado_pago,'PENDIENTE') AS estado_pago, COALESCE(pg.monto_total,c.monto_consulta,0) AS monto_total,
       COALESCE(pg.monto_pagado,0) AS monto_pagado, COALESCE(u.username,'') AS recepcionista
FROM cita c
INNER JOIN paciente p ON c.id_paciente=p.id_paciente
INNER JOIN medico m ON c.id_medico=m.id_medico
INNER JOIN especialidad e ON c.id_especialidad=e.id_especialidad
LEFT JOIN usuario u ON c.id_usuario_recepcionista=u.id_usuario
LEFT JOIN pago pg ON c.id_cita=pg.id_cita AND pg.estado_registro='ACTIVO';

CREATE OR REPLACE VIEW vw_pagos_completos AS
SELECT pg.id_pago, pg.codigo_pago, pg.id_cita, c.fecha AS fecha_cita, c.hora AS hora_cita,
       CONCAT(pa.nombres,' ',pa.apellidos) AS paciente, pa.dni AS paciente_dni,
       CONCAT(m.nombres,' ',m.apellidos) AS medico, e.nombre AS especialidad,
       pg.monto_subtotal, pg.monto_igv, pg.monto_total, pg.monto_pagado, pg.estado_pago, pg.fecha_pago,
       COALESCE(u.username,'') AS usuario_cobro,
       COALESCE((SELECT GROUP_CONCAT(CONCAT(d.metodo_pago, ' S/ ', FORMAT(d.monto,2)) ORDER BY d.id_pago_detalle SEPARATOR ', ') FROM pago_detalle d WHERE d.id_pago=pg.id_pago AND d.estado_registro='ACTIVO'),'') AS metodos_pago
FROM pago pg
INNER JOIN cita c ON pg.id_cita=c.id_cita
INNER JOIN paciente pa ON c.id_paciente=pa.id_paciente
INNER JOIN medico m ON c.id_medico=m.id_medico
INNER JOIN especialidad e ON c.id_especialidad=e.id_especialidad
LEFT JOIN usuario u ON pg.id_usuario_cobro=u.id_usuario;

DELIMITER $$
DROP PROCEDURE IF EXISTS sp_eliminar_paciente$$
CREATE PROCEDURE sp_eliminar_paciente(IN p_id INT)
BEGIN
  UPDATE paciente SET estado_registro='INACTIVO', fecha_actualizacion=NOW() WHERE id_paciente=p_id;
END$$
DROP PROCEDURE IF EXISTS sp_eliminar_medico$$
CREATE PROCEDURE sp_eliminar_medico(IN p_id INT)
BEGIN
  UPDATE medico SET estado_registro='INACTIVO', fecha_actualizacion=NOW() WHERE id_medico=p_id;
END$$
DROP PROCEDURE IF EXISTS sp_eliminar_especialidad$$
CREATE PROCEDURE sp_eliminar_especialidad(IN p_id INT)
BEGIN
  UPDATE especialidad SET estado_registro='INACTIVO', fecha_actualizacion=NOW() WHERE id_especialidad=p_id;
END$$
DROP PROCEDURE IF EXISTS sp_eliminar_horario$$
CREATE PROCEDURE sp_eliminar_horario(IN p_id INT)
BEGIN
  UPDATE horario SET estado_registro='INACTIVO', fecha_actualizacion=NOW() WHERE id_horario=p_id;
END$$
DROP PROCEDURE IF EXISTS sp_listar_medicos$$
CREATE PROCEDURE sp_listar_medicos()
BEGIN
  SELECT m.id_medico, CONCAT(m.nombres,' ',m.apellidos) AS medico, e.nombre AS especialidad, m.telefono
  FROM medico m INNER JOIN especialidad e ON m.id_especialidad=e.id_especialidad
  WHERE m.estado_registro='ACTIVO' AND e.estado_registro='ACTIVO'
  ORDER BY e.nombre, m.apellidos;
END$$
DELIMITER ;

-- Usuario de aplicación y permisos mínimos.
CREATE USER IF NOT EXISTS 'usuario_citas'@'localhost' IDENTIFIED BY 'ISO/IEC27001';
ALTER USER 'usuario_citas'@'localhost' IDENTIFIED BY 'ISO/IEC27001';
GRANT SELECT, INSERT, UPDATE, DELETE, EXECUTE ON bd_citasmedicas_v321.* TO 'usuario_citas'@'localhost';
FLUSH PRIVILEGES;

-- Verificación rápida.
SELECT DATABASE() AS base_actual;
SELECT 'especialidad' AS tabla, COUNT(*) AS total FROM especialidad
UNION ALL SELECT 'medico', COUNT(*) FROM medico
UNION ALL SELECT 'paciente', COUNT(*) FROM paciente
UNION ALL SELECT 'usuario', COUNT(*) FROM usuario
UNION ALL SELECT 'cita', COUNT(*) FROM cita
UNION ALL SELECT 'pago', COUNT(*) FROM pago
UNION ALL SELECT 'pago_detalle', COUNT(*) FROM pago_detalle
UNION ALL SELECT 'atencion_medica', COUNT(*) FROM atencion_medica;

SELECT u.username, u.rol, u.estado_registro, u.id_medico, CONCAT(COALESCE(m.nombres,''),' ',COALESCE(m.apellidos,'')) AS medico_asociado, e.nombre AS especialidad
FROM usuario u LEFT JOIN medico m ON u.id_medico=m.id_medico LEFT JOIN especialidad e ON m.id_especialidad=e.id_especialidad
ORDER BY u.id_usuario;

SELECT 'Instalación NovaSalud V3.2.1 finalizada correctamente.' AS resultado;
